Record ID,First Name,Last Name,Full Name,Job Title,Company Name,Email,Phone Number,Country/Region,City,Lead Status,Lifecycle Stage,Original Source,Original Source Drill-Down 1,Contact Owner,Create Date,Last Modified Date,Notes,Annual Revenue,Marketing contact status,GDPR consent,Lead Score
100234811,Yuki,Aina,,Operations Lead,Singh Logistics & Co,y.aina@singhlogistics.io,+86 138 2424 7912,China,,New,Lead,,,Marcus Wong ,12/21/2025,2026-05-24,"He scanned our QR code at the SaaStr Annual booth. Great fit, prioritizing.",,,,
100234812,Wei Ming,Malik,,,Delta Inc,weimingm@delta.co,+33 6 15 68 78 25,France,,Qualified ,Lead,Referrals,,Rohan Mehta,1/29/2026,,"Referred by Michael Zhang, warm intro. Connected, sending proposal.",,,,
100234813,Linh,Lim,,,Chua Textiles & Co,linh.l@chuatextiles.io,+48 569 755 804,Poland,,Opportunity,Marketing Qualified Lead,,,Grace Osei,2025-09-29,10/15/2025,Filled out the form on the contact page.,,,,
100234814,Ines,Wu,,Operations Lead,Verma Consulting Trading Co,ines.w@vermaconsulting.com.au,+351 92 241 9348,Portugal,,qualified,Lead,Direct Traffic,,Priya Nair,2025-10-27T00:00:00Z,2025-12-06,"Filled out the form on the contact page. Very interested, wants pricing call.",,,,
100234815,Xiu Ying,Martinez,,VP Sales,Martinez Co,xiuying.martinez@martinez.sg,+33 6 74 32 74 23,France,,Closed Won,Other,Paid Search,,Diego Alvarez,2026-05-18,5/27/2026,"Booked a demo via the book-a-demo page after clicking a google ad. Great fit, prioritizing.",,,,
100234816,Natasha,Osei,,Finance Manager,Singh Logistics Ltd,n.osei@singhlogistics.net,+82 10-8787-3705,South Korea,,CONNECTED,Customer,,,Elena Popescu,2026-04-05,2026-06-13,"Filled out the form on the blog post on lead scoring. Very interested, wants pricing call.",,,,
100234817,Arjun,Oh,,Founder,Mekong Pte. Ltd.,arjuno@mekong.net,+62 875-4899-5562,Indonesia,,CLOSED LOST,Opportunity,Other Campaigns,,Fatima Rahman,2026-06-04,6/4/2026,"Other - reached out via our general info@ inbox. Left voicemail, will retry.",,,,
100234818,Omar,Reyes,,VP Sales,Sayed Trading Holdings,omar.reyes@sayedtrading.net,+44 7798 299448,United Kingdom,,Opportunity,Opportunity,Organic Search,,Wei Chen,2026-04-05,2026-06-03,Googled us and ended up on the book-a-demo page before booking a demo.,,,,
100234819,Abena,Lee,,,Lindqvist AB and Co,abena.l@lindqvistab.net,+31 6 7930 8973,Netherlands,,Contacted,Marketing Qualified Lead,,,Diego Alvarez,2025-12-21T00:00:00Z,,Manually added by sales after a phone call from a cold outreach list.,,,,
100234820,Nadia,Weber,,,Sato Labs,nadia.weber@sato.io,+66 9 9565 6183,Thailand,,CONNECTED,Marketing Qualified Lead,,,Grace Osei,2026-01-01,2026-02-03T00:00:00Z,Manual - added after inbound phone call. No response yet.,,,,92
100234821,Marcus,Russo,,Founder,Diallo Imports Freight Solutions,marcus.russo@dialloimports.co,+46 70 779 23 27,Sweden,,CONNECTED,Lead,,,Marcus Wong,6/11/2026,,"Referred by Xiu Ying Choi, warm intro. Great fit, prioritizing.",,,,
100234822,Aiko,Goh,,,Singh Logistics Partners,aiko.g@singhlogistics.biz,+65 8177 3442,Singapore,, Opportunity,Lead,Offline Sources,,Grace Osei,2026-06-10T00:00:00Z,6/10/2026,Scanned the QR code at our TechCrunch Disrupt booth. No response yet.,,,,
100234823,Wei Chen,Ang,,,Fischer Trading Pte Ltd,weichena@fischertrading.io,+30 694 373 3608,Greece,,closed won,Other,,,Marcus Wong,3/15/2026,2026-05-14,"Googled us and ended up on the product tour page before booking a demo. Left voicemail, will retry.",,,,44
100234824,Joon,Nguyen,,Operations Lead,Sato and Co,joonn@sato.io,+63 923 710 8119,Philippines,,Connected,Other,,,Grace Osei,2026-04-12,2026-06-16T00:00:00Z,"Met her at the Mobile World Congress booth, scanned our QR code.",,,,88
100234825,Fatima,Iyer,,,Sim Robotics Freight,fatimai@simrobotics.sg,+40 757 667 230,Romania,,Contacted,Opportunity,,,Noah Bennett,2025-11-29,,"Connected on LinkedIn after commenting on our post. Connected, sending proposal.",,,,
100234826,Kai,Osei,,Operations Lead,Tanaka Freight,kaio@tanaka.biz,+66 7 6085 4680,Thailand,,Closed Won,Marketing Qualified Lead,Other Campaigns,,Wei Chen,2025-09-13,,Other - walked into our office without an appointment. Not interested for now.,,,,
100234827,Hassan,Schulz,,Founder,Osei Freight Solutions,hassan.s@osei.com.au,+84 98 355 2988,Vietnam,,Qualified,Marketing Qualified Lead,,,Hana Kobayashi,5/30/2026,2026-06-18,Googled us and ended up on the product tour page before booking a demo.,,,,
100234828,Nadia,Sun,,Operations Lead,Bakker Partners,n.sun@bakker.com,+91 77577 60205,India,,Closed Lost,Marketing Qualified Lead,Referrals,,Fatima Rahman,10/3/2025,2026-03-21,"Referred by Ismail Reyes, warm intro. Very interested, wants pricing call.",,,,
100234829,Farah,Martins,,Marketing Director,Verma Consulting Partners,f.martins@vermaconsulting.net,+234 804 379 8140,Nigeria,,Qualified,Lead,,,Noah Bennett,2026-02-20,2026-06-02T00:00:00Z,Connected on LinkedIn after commenting on our post.,,,,
100234830,Ha-eun,Kang,,,Cruz & Partners Holdings,ha-eun.k@cruzpartners.net,+49 174 8072684,Germany,,connected,,Social Media,,Marcus Wong ,2026-04-29,,Linkedin dm inbound asking about pricing.,,,,
100234831,Lucas,Bruno,,Marketing Director,Huang Analytics Robotics,l.bruno@huanganalytics.co,+81 75-6096-2771,Japan,,Opportunity,Lead,Offline Sources,,Diego Alvarez,2026-03-12,2026-06-11,"Met at the booth during Mobile World Congress, said they'd follow up over email. Connected, sending proposal.",,,,
100234832,Farah,Bruno,,,Huang Analytics Robotics,farah.bruno@huanganalytics.co,+91 84270 33086,India,,Closed Lost,Customer,,,Diego Alvarez,6/3/2026,2026-06-17,Saw our post about replacing hubspot and commented. No response yet.,,,,
100234833,Antoine,Asante,,Founder,Koh & Sons Co.,antoinea@kohsons.co,+39 357 710 5526,italy,,opportunity,Lead,Other Campaigns,,Rohan Mehta,2025-12-07,2025-12-07,Manual - added after inbound phone call. Not interested for now.,,,,
100234834,Joon,Diallo,,VP Sales,Huang Analytics and Co,joond@huanganalytics.co,+1 323 555 0192,United States,,Contacted,Sales Qualified Lead,,,Marcus Wong,2026-06-02,6/7/2026,"Spoke with them at our Dubai FinTech Week booth, no QR scan logged. Qualifying now.",,,,
100234835,,,J. Diallo,VP Sales,Huang Analytics and Pte. Ltd.,joond@huanganalytics.co,+1 323 555 0192,United States,,Contacted,Sales Qualified Lead,,,Marcus Wong,2026-06-02,2026-06-07,"Spoke with them at our Dubai FinTech Week booth, no QR scan logged. Qualifying now.",,,,
100234836,Luca,Papadopoulos,,Founder,Asante Retail Trading,luca.papadopoulos@asanteretail.sg,+84 92 252 5978,Vietnam,,New ,Marketing Qualified Lead,,,Marcus Wong,2026-06-13,2026-06-17,"Referred by Elijah Almeida, warm intro. Not interested for now.",,,,
100234837,Aiko,Foster,,Head of Growth,Ho Bros Co,aiko.foster@hobros.com.au,+880 1302-528361,Bangladesh,,Qualified,Other,Organic Search,,Elena Popescu,2026-04-29,5/13/2026,"Googled us and ended up on the comparison-vs-hubspot page before booking a demo. Left voicemail, will retry.",,,,
100234838,Linh,Reyes,,Marketing Director,Saigon Group,linhr@saigon.com.au,+971 51 579 5982,UAE,,Closed Lost,Opportunity,,,Diego Alvarez,5/15/2026,2026-06-12T00:00:00Z,Scanned the QR code at our Singapore FinTech Festival 2026 booth. No response yet.,,,,
100234839,Isabelle,Yeo,,Founder,Ng Freight Retail Group,isabelley@ngfreight.sg,+92 390 8312936,Pakistan,,Closed Lost,,,,Hana Kobayashi,2025-10-17,2026-01-29,"Found us through organic google search then landed on the book-a-demo page. Very interested, wants pricing call.",,,,
100234840,Ana,Lee,,,Li Consulting Partners,ana.l@liconsulting.sg,+84 93 630 6927,Vietnam,, Opportunity,,,,Hana Kobayashi ,2026-04-15,,Googled us and ended up on the homepage before booking a demo. Not interested for now.,,,,50
100234841,George,Chen,,Operations Lead,Teo Consulting Freight Solutions,georgec@teoconsulting.co,+30 698 583 4993,Greece,,qualified,Customer,Social Media,,Wei Chen ,3/16/2026,5/31/2026,"Connected on LinkedIn after commenting on our post. Connected, sending proposal.",,,,
100234842,Nils,Martins,,Founder,Goh Digital Holdings,nils.m@gohdigital.com.au,+212 6 51 34 99 40,Morocco,,Opportunity,Opportunity,,,Fatima Rahman,2026-03-30,2026-03-30,Filled out the form on the contact page.,,,,
100234843,Noah,Martins,,Operations Lead,Goh Digital Holdings,noah.martins@gohdigital.com.au,+66 8 9742 7226,Thailand,,Connected,Other,,,Hana Kobayashi,2026-06-05,2026-06-05,"Met her at the TechCrunch Disrupt booth, scanned our QR code.",,,,
100234844,Amina,Rossi,,,Reyes Ventures,a.rossi@reyes.sg,+880 1479-182804,Bangladesh,,opportunity,,Other Campaigns,,Noah Bennett,2026-01-02,2026-05-31T00:00:00Z,"Spoke with them at our Dubai FinTech Week booth, no QR scan logged. Connected, sending proposal.",,,,
100234845,Salma,Ricci,,Marketing Director,Toure Consulting Co.,salma.r@toureconsulting.sg,+86 133 7248 6881,China,,opportunity,Sales Qualified Lead,,,Diego Alvarez,9/12/2025,4/2/2026,"Googled us and ended up on the pricing page before booking a demo. Left voicemail, will retry.",,,,
100234846,Isabelle,Kapoor,,Head of Growth,Mensah Trading Pte. Ltd.,isabellek@mensahtrading.com.au,+82 10-2476-5835,South Korea,,Connected,Other,,,Noah Bennett,2025-11-29T00:00:00Z,2026-06-18,Linkedin dm inbound asking about pricing.,,,,
100234847,Isabelle,Kapoor,,Head of Growth,Mensah Trading and Co,isabellekapoor@mensahtrading.com.au,+82 10-2476-5835,South Korea,,Connected,Other,,,Noah Bennett ,2025-11-29,6/18/2026,Linkedin dm inbound asking about pricing.,,,,
100234848,Amina,Tanaka,,,Chen Digital Solutions,aminat@chendigital.com,+1 863 555 0108,United States,,Closed Lost ,,,,Hana Kobayashi,2026-02-02T00:00:00Z,2026-03-03,Scanned the QR code at our Singapore FinTech Festival 2026 booth.,,,,
100234849,Ismail,Bennett,,Head of Growth,Diallo Imports Studio,ismailb@dialloimports.sg,+63 998 479 4559,Philippines,,Qualified,Opportunity,Other Campaigns,,Fatima Rahman,3/5/2026,3/5/2026,"Manual - added after inbound phone call. Very interested, wants pricing call.",,,,
100234850,Ismail,Bennett,,Head of Growth,Diallo Imports & Co,i.bennett@dialloimports.sg,+63 998 479 4559,Philippines,,Qualified,Opportunity,Other Campaigns,,Fatima Rahman,3/5/2026,,"Manual - added after inbound phone call. Very interested, wants pricing call. possible duplicate — verify before contacting.",,,,
100234851,Jonathan,Sharma,,VP Sales,Muller GmbH Inc.,jonathans@mullergmbh.io,+92 310 1432519,Pakistan,,Contacted,Lead,,,Grace Osei,12/31/2025,2026-01-04,"Met at the booth during Singapore FinTech Festival 2026, said they'd follow up over email. Very interested, wants pricing call.",,,,
100234852,Beatriz,Mehta,,Marketing Director,Cruz & Partners Pte Ltd,beatriz.m@cruzpartners.com,+40 774 802 210,Romania,,Qualified,Other,,,Hana Kobayashi,2025-10-08,2025-12-29,"Referred by Sofia Kowalski, warm intro. Qualifying now.",,,,
100234853,Lucas,Rossi,,,Cruz & Partners & Co,lucasr@cruzpartners.sg,+212 6 61 63 22 50,Morocco,,Qualified,Sales Qualified Lead,Other Campaigns,,Diego Alvarez,3/11/2026,6/6/2026,Other - walked into our office without an appointment.,,,,
100234854,Ahmed,Schulz,,Head of Growth,Schmidt AG Analytics,ahmeds@schmidtag.com,+46 70 460 23 83,Sweden,,Opportunity,Marketing Qualified Lead,,,Wei Chen,5/5/2026,5/11/2026,Booked a demo via the book-a-demo page after clicking a google ad.,,,,
100234855,Ahmed,Schulz,,Head of Growth,Schmidt AG Freight Solutions,ahmeds@schmidtag.com,46704602383,Sweden,,Opportunity,Marketing Qualified Lead,,,Wei Chen,2026-05-05,,Booked a demo via the book-a-demo page after clicking a google ad. possible duplicate — verify before contacting.,,,,
100234856,Thanh,Wong,,Head of Growth,Verma Consulting Co.,thanh.w@vermaconsulting.sg,+212 6 53 30 57 49,Morocco,,Closed Lost,Sales Qualified Lead,,,Elena Popescu,2025-10-14,2025-11-22,"Met at the booth during Mobile World Congress, said they'd follow up over email.",,,,
100234857,Thanh,Wong,,Head of Growth,Verma Consulting Studio,thanhwong@vermaconsulting.sg,212653305749,Morocco,,Closed Lost,Sales Qualified Lead,,,Elena Popescu,2025-10-14,11/22/2025,"Met at the booth during Mobile World Congress, said they'd follow up over email. possible duplicate — verify before contacting.",,,,
100234858,George,Tan,,Marketing Director,Teo Consulting Trading Co,g.tan@teoconsulting.io,+48 636 820 335,Poland,,Opportunity,Customer,Social Media,,Grace Osei,2025-10-07,2025-10-28,Linkedin dm inbound asking about pricing. No response yet.,,,,
100234859,Tariq,Lau,,Finance Manager,Kilat Retail Inc,tariq.l@kilatretail.io,+40 787 180 505,Romania,,Closed Won,Sales Qualified Lead,,,Grace Osei,2025-12-23,2026-02-04,"He scanned our QR code at the Money20/20 Asia booth. Left voicemail, will retry.",,,,
100234860,Benjamin,Ang,,,Santos Ltda Retail Group,benjamin.a@santosltda.sg,+971 59 758 6295,UAE,,Closed Won,Other,,,Grace Osei,2025-11-17,3/17/2026,Linkedin dm inbound asking about pricing. Qualifying now.,,,,
100234861,Manon,Diop,,,Cruz & Partners Partners,manon.diop@cruzpartners.net,+971 59 767 4084,UAE,,Connected,Customer,Social Media,,Hana Kobayashi,2026-05-15,2026-05-18,"Linkedin dm inbound asking about pricing. Great fit, prioritizing.",,,,76
100234862,Haruto,Danso,,Marketing Director,Mekong Inc,haruto.d@mekong.com.au,+31 6 5128 3463,Netherlands,,Connected,Lead,Other Campaigns,,Elena Popescu,2025-11-12,,Other - reached out via our general info@ inbox.,,,,
100234863,Tiago,Wong,,VP Sales,Wang Manufacturing Trading Co,tiagow@wangmanufacturing.com.au,+60 16-416 3953,Malaysia,,Contacted,Sales Qualified Lead,,,Hana Kobayashi,2025-12-08,,"Met at the booth during TechCrunch Disrupt, said they'd follow up over email. Great fit, prioritizing.",,,,63
100234864,Jia Hui,Russo,,Founder,Nimbus Consulting,j.russo@nimbus.biz,+971 59 391 8355,UAE,,Contacted ,Customer,,,Fatima Rahman,2026-02-06T00:00:00Z,6/6/2026,Filled out the form on the blog post on lead scoring. Qualifying now.,,,,
100234865,Chiara,Ba,,Finance Manager,Kim Trading Inc,chiara.ba@kimtrading.biz,+31 6 2374 3626,Netherlands,,Connected ,Opportunity,Other Campaigns,,Rohan Mehta,2025-11-15,,Other - walked into our office without an appointment. Not interested for now.,,,,
100234866,Omar,Danso,,,Mensah Trading Inc.,omard@mensahtrading.com,+233 22 877 8685,Ghana,,Qualified ,Customer,Organic Search,,Priya Nair,2025-10-11,,"Googled us and ended up on the homepage before booking a demo. Connected, sending proposal.",,,,
100234867,Aisha,Costa,,VP Sales,Choi Logistics Freight Solutions,aishac@choilogistics.io,+7 910 729 55 40,Russia,,Opportunity ,Opportunity,,,Wei Chen,10/14/2025,2026-01-14,"He scanned our QR code at the London Tech Week booth. Great fit, prioritizing.",,,,80
100234868,Charlotte,Danso,,Finance Manager,Patel Fintech Consulting,charlotted@patelfintech.com.au,+92 370 9028420,Pakistan,,Closed Lost,Marketing Qualified Lead,Offline Sources,,Wei Chen,2025-10-03,2026-05-25,"Met her at the SaaStr Annual booth, scanned our QR code.",,,,
100234869,Joon,Sun,,Marketing Director,Patel Fintech Consulting,joon.s@patelfintech.sg,+971 56 447 4060,UAE,,qualified,Other,Organic Search,,Hana Kobayashi,2026-03-08,2026-05-13,"Googled us and ended up on the book-a-demo page before booking a demo. Very interested, wants pricing call.",,,,
100234870,Astrid,Adjei,,Founder,BluePeak Analytics,astrida@bluepeak.net,+7 945 754 17 19,Russia,,Closed Lost,Other,Other Campaigns,,Noah Bennett,2026-03-06T00:00:00Z,,Manually added by sales after a phone call from a cold outreach list. Qualifying now.,,,,28
100234871,Bashir,Ba,,,BluePeak Ltd,b.ba@bluepeak.com.au,+52 55 7012 7521,Mexico,,Connected,Other,,,Diego Alvarez,2026-01-06,2026-01-12,"Manual - added after inbound phone call. Great fit, prioritizing.",,,,
100234872,Bashir,Ba,,,BluePeak Solutions,b.ba@bluepeak.com.au,+52 55 7012 7521,Mexico,,Connected,Other,,,Diego Alvarez,2026-01-06,2026-01-12,"Manual - added after inbound phone call. Great fit, prioritizing. possible duplicate — verify before contacting.",,,,
100234873,Marcus,Yeo,,Founder,Owusu Freight Ventures,marcus.yeo@owusufreight.io,+852 6342 9094,Hong Kong,,New,Sales Qualified Lead,,,Rohan Mehta,2026-03-08T00:00:00Z,2026-05-17,"Met her at the Money20/20 Asia booth, scanned our QR code. Very interested, wants pricing call.",,,,
100234874,Layla,Silva,,VP Sales,Kilat Retail Pte. Ltd.,layla.silva@kilatretail.net,+52 55 3507 5982,Mexico,,Contacted,Marketing Qualified Lead,,,Grace Osei,12/25/2025,5/6/2026,"Filled out the form on the book-a-demo page. Left voicemail, will retry.",,,,
100234875,Wei Ming,Cruz,,Head of Growth,Asante Retail Pte Ltd,weiming.cruz@asanteretail.com,+33 6 93 36 83 63,France,,opportunity,Other,Organic Search,,Priya Nair,2026-05-13,2026-06-16,"Googled us and ended up on the comparison-vs-hubspot page before booking a demo. Very interested, wants pricing call.",,,,
100234876,Hui Fang,Fischer,,,Patel Fintech Consulting,huifang.fischer@patelfintech.com.au,+45 23 69 25 44,Denmark,,Qualified,Marketing Qualified Lead,Other Campaigns,,Wei Chen,2025-10-20,2025-10-20,"Other - reached out via our general info@ inbox. Left voicemail, will retry.",,,,
100234877,Kevin,Muller,,Finance Manager,Sim Robotics & Co,kevinm@simrobotics.io,+84 90 388 9108,Vietnam,,opportunity,,,,Hana Kobayashi,2026-01-25,2/21/2026,"Linkedin dm inbound asking about pricing. Very interested, wants pricing call.",,,,26
100234878,George,Kowalski,,Marketing Director,Costa Trading Trading,georgek@costatrading.co,+351 92 303 9341,Portugal,,Qualified,Customer,,,Priya Nair,2025-09-24,9/24/2025,Manual - added after inbound phone call.,,,,
100234879,Pedro,Rodrigues,,Marketing Director,Teo Consulting Labs,pedro.r@teoconsulting.co,+60 16-439 2795,Malaysia,,Qualified,Customer,Other Campaigns,,Diego Alvarez,2025-09-14,2026-01-27,Other - walked into our office without an appointment.,,,,
100234880,Valentina,Bakar,,Founder,BluePeak Trading Co,valentina.b@bluepeak.io,+61 462 613 893,Australia,, Opportunity,Opportunity,,,Priya Nair,11/10/2025,4/2/2026,Googled us and ended up on the product tour page before booking a demo.,,,,
100234881,Karim,Gupta,,,Kim Trading & Co,karimg@kimtrading.co,+61 498 821 600,Australia,,Connected,Opportunity,,,Grace Osei,2026-06-14,2026-06-19,Googled us and ended up on the book-a-demo page before booking a demo. No response yet.,,,,
100234882,Rin,Williams,,VP Sales,Nord Analytics,r.williams@nord.com.au,+44 7725 802371,United Kingdom,,Opportunity,Marketing Qualified Lead,Organic Search,,Fatima Rahman,2025-09-27,9/27/2025,Found us through organic google search then landed on the product tour page.,,,,
100234883,Arjun,Lau,,Marketing Director,Li Consulting & Co,arjun.lau@liconsulting.com.au,+92 360 3949245,Pakistan,,new,,,,Noah Bennett,2026-05-12,2026-05-30T00:00:00Z,Filled out the form on the pricing page. Qualifying now.,,,,
100234884,Mateo,Martinez,,Operations Lead,Bakker Analytics,mateom@bakker.sg,+92 300 6655803,Pakistan,,CLOSED WON,Sales Qualified Lead,,,Elena Popescu,2025-12-08,2026-05-20,Filled out the form on the contact page.,,,,
100234885,Ravi,Rahman,,,Bennett Consulting,r.rahman@bennett.biz,+84 91 576 6026,Vietnam,,Contacted,Opportunity,Paid Search,,Rohan Mehta,2/7/2026,4/23/2026,"Booked a demo via the book-a-demo page after clicking a google ad. Left voicemail, will retry.",,,,
100234886,Karim,Foster,,Marketing Director,Chua Textiles Ventures,karimf@chuatextiles.biz,+62 882-2838-2011,Indonesia,,Closed Won,Customer,Offline Sources,,Rohan Mehta,2025-12-13,1/20/2026,"Spoke with them at our London Tech Week booth, no QR scan logged. Left voicemail, will retry.",,,,
100234887,Pooja,Ocampo,,Head of Growth,Johnson Pte Ltd,p.ocampo@johnson.biz,+62 815-7941-6644,Indonesia,,Closed Lost,Lead,Other Campaigns,,Rohan Mehta,10/1/2025,2025-11-05T00:00:00Z,Other - reached out via our general info@ inbox.,,,,
100234888,Kofi,Fall,,Operations Lead,Lumen Freight,k.fall@lumen.net,+34 625 282 650,Spain,,qualified,Customer,Other Campaigns,,Wei Chen,2025-12-24,12/29/2025,"Other - reached out via our general info@ inbox. Great fit, prioritizing.",,,,
100234889,Kofi,Fall,,Operations Lead,Lumen Trading Co,kofi.fall@lumen.net,34625282650,Spain,,Qualified,Customer,Other Campaigns,,Wei Chen,2025-12-24T00:00:00Z,,"Other - reached out via our general info@ inbox. Great fit, prioritizing. possible duplicate — verify before contacting.",,,,
100234890,Bruno,Yoon,,Head of Growth,Verma Consulting Robotics,b.yoon@vermaconsulting.com,+55 11 95739-4836,Brazil,,Closed Won,Other,,,Elena Popescu,2026-02-11,2026-05-04T00:00:00Z,"Found us through organic google search then landed on the homepage. Connected, sending proposal.",,,,95
100234891,Tiago,Owusu,,VP Sales,Huang Analytics Trading Co,tiagoo@huanganalytics.io,+48 547 872 650,Poland,,qualified,Marketing Qualified Lead,,,Fatima Rahman,2026-02-01,2026-03-09,"Filled out the form on the pricing page. Very interested, wants pricing call.",,,,
100234892,Haruto,Xu,,Marketing Director,Popescu Studio,haruto.xu@popescu.com.au,+62 834-4555-8854,Indonesia,,contacted,,,,Grace Osei,2026-02-03,2/6/2026,"Found us through organic google search then landed on the blog post on lead scoring. Left voicemail, will retry.",,,,
100234893,Camille,Bruno,,Finance Manager,Nord Analytics,camilleb@nord.sg,+61 457 420 523,Australia,,new,Customer,Referrals,,Fatima Rahman,2025-11-14T00:00:00Z,11/14/2025,"Referred by Ismail Reddy, warm intro. Left voicemail, will retry.",,,,
100234894,Francesca,Marino,,,Saigon Consulting,f.marino@saigon.io,+54 9 11 9000-4015,Argentina,,Opportunity,Other,Direct Traffic,,Priya Nair ,2026-05-27,5/27/2026,"Filled out the form on the pricing page. Very interested, wants pricing call.",,,,
100234895,Chiara,Nielsen,,VP Sales,Orchid Partners,chiara.n@orchid.com.au,+65 8642 5501,Singapore,,Opportunity,Sales Qualified Lead,Direct Traffic,,Priya Nair,2026-05-16,2026-06-12,Filled out the form on the homepage.,,,,
100234896,Elijah,Iyer,,,Yang Freight Ltd,elijah.iyer@yangfreight.biz,+66 9 7213 7179,Thailand,,opportunity,Opportunity,,,Priya Nair,9/5/2025,2025-10-17,Linkedin dm inbound asking about pricing. Qualifying now.,,,,
100234897,Rohan,Alves,,,Park Biotech Pte. Ltd.,rohana@parkbiotech.io,+60 14-701 3362,Malaysia,,CLOSED WON,,,,Noah Bennett,10/10/2025,3/3/2026,Googled us and ended up on the contact page before booking a demo.,,,,
100234898,Ha-eun,Nguyen,,,Han Imports Digital,h.nguyen@hanimports.sg,+34 680 484 542,Spain,,contacted,Other,Referrals,,Elena Popescu,2026-03-14,,"Referred by Karim Koh, warm intro. Connected, sending proposal.",,,,
100234899,Rin,Malik,,Operations Lead,Patel Fintech Co,rin.m@patelfintech.sg,+55 11 97685-2692,Brazil,,New,Lead,Referrals,,Grace Osei,2026-06-11T00:00:00Z,2026-06-11,"Referred by Ha-eun Diop, warm intro. Connected, sending proposal.",,,,
100234900,Ravi,Xu,,,Teo Consulting Ltd,ravi.x@teoconsulting.io,+49 163 6029008,germany,,Qualified ,,Other Campaigns,,Marcus Wong,2026-03-04,2026-04-04,Manual - added after inbound phone call. Not interested for now.,,,,
100234901,Carlos,Iyer,,Marketing Director,Zahra Freight Solutions,carlos.i@zahra.io,+45 22 60 50 47,Denmark,,closed lost,Other,,,Hana Kobayashi,2026-01-03,2026-03-15T00:00:00Z,Filled out the form on the contact page.,,,,
100234902,Michael,Meyer,,Operations Lead,Chen Digital Inc.,michaelm@chendigital.biz,+44 7829 790658,United Kingdom,,Contacted,Other,Other Campaigns,,Noah Bennett,2026-03-13,3/13/2026,Other - reached out via our general info@ inbox. Qualifying now.,,,,
100234903,Daniel,Tanaka,,VP Sales,Reddy Holdings Freight,danielt@reddyholdings.biz,+880 1962-742439,Bangladesh,,new,Customer,Offline Sources,,Noah Bennett,2026-02-17,4/13/2026,"Scanned the QR code at our Money20/20 Asia booth. Great fit, prioritizing.",,,,
100234904,Chiara,Malik,,,Martinez Ltd,c.malik@martinez.com,+34 649 451 566,Spain,,CLOSED WON,Marketing Qualified Lead,,,Rohan Mehta,5/6/2026,2026-05-12,Saw our post about replacing hubspot and commented. No response yet.,,,,
100234905,Zara,Ng,,,Bakker Trading Co,z.ng@bakker.sg,+40 743 290 755,Romania,,Closed Lost,Opportunity,,,Noah Bennett,2025-09-15,2025-12-25,Linkedin dm inbound asking about pricing.,,,,
100234906,Aiko,Jensen,,,Chua Textiles Retail Group,aiko.j@chuatextiles.co,+40 795 216 456,Romania,, Connected,,Direct Traffic,,Hana Kobayashi,2025-11-28,5/27/2026,Filled out the form on the book-a-demo page. No response yet.,,,,
100234907,Ines,Yeo,,Operations Lead,Kim Trading Solutions,i.yeo@kimtrading.co,+92 350 8566540,Pakistan,,opportunity,Lead,,,Grace Osei,9/5/2025,,Filled out the form on the product tour page. Not interested for now.,,,,
100234908,,,Ines Yeo,Operations Lead,Kim Trading Group,i.yeo@kimtrading.co,+92 350 8566540,Pakistan,,Opportunity,Lead,,,Grace Osei,2025-09-05,2025-12-13T00:00:00Z,Filled out the form on the product tour page. Not interested for now.,,,,
100234909,Lars,Alves,,Finance Manager,Osei Trading Co,l.alves@osei.com,+46 70 995 14 67,Sweden,,Connected ,Sales Qualified Lead,Direct Traffic,,Marcus Wong,4/13/2026,4/28/2026,Filled out the form on the blog post on lead scoring. Qualifying now.,,,,
100234910,Ines,Lim,,,Zahra Freight Solutions,inesl@zahra.co,+49 177 9630451,Germany,,Closed Lost,,,,Marcus Wong,11/9/2025,5/29/2026,Connected on LinkedIn after commenting on our post.,,,,
100234911,Ingrid,Ivanova,,VP Sales,Han Imports Robotics,ingrid.i@hanimports.com,+55 11 95558-7046,Brazil,,Qualified,Opportunity,,,Grace Osei,2025-09-02,2025-10-19,Manual - added after inbound phone call.,,,,
100234912,Xiu Ying,Dubois,,,Nimbus Retail Group,xiuying.d@nimbus.net,+60 12-978 3588,Malaysia,, Qualified,Opportunity,Direct Traffic,,Priya Nair,2026-04-08,2026-04-24,"Filled out the form on the comparison-vs-hubspot page. Connected, sending proposal.",,,,
100234913,Kevin,Al-Farsi,,,Acme Solutions,k.al-farsi@acme.com,+1 731 555 0187,United States,,QUALIFIED,Lead,,,Priya Nair,2026-02-23T00:00:00Z,,Connected on LinkedIn after commenting on our post.,,,,
100234914,Carlos,Johnson,,,Mekong Labs,c.johnson@mekong.com,+971 55 839 4490,UAE,,Closed Lost,Other,Direct Traffic,,Wei Chen,2026-03-30,2026-05-25,Filled out the form on the book-a-demo page.,,,,
100234915,Divya,Aina,,Marketing Director,Toure Consulting Freight,d.aina@toureconsulting.co,+52 55 9348 4090,Mexico,,Closed Lost,Opportunity,Social Media,,Diego Alvarez,2025-09-28T00:00:00Z,2026-01-28,Connected on LinkedIn after commenting on our post. Not interested for now.,,,,21
100234916,Linh,Bakar,,Head of Growth,Jung Studio Pte Ltd,l.bakar@jungstudio.co,+63 917 908 7520,Philippines,,Opportunity,Sales Qualified Lead,,,Rohan Mehta,2026-04-01,5/22/2026,He scanned our QR code at the London Tech Week booth.,,,,
100234917,Sofia,Kapoor,,Founder,Huang Analytics Analytics,s.kapoor@huanganalytics.net,+84 93 188 8118,Vietnam,,New,Opportunity,Offline Sources,,Elena Popescu,2025-09-29,,He scanned our QR code at the Web Summit 2026 booth.,,,,
100234918,George,Nguyen,,Marketing Director,Bakker Trading Co,george.nguyen@bakker.co,+33 6 83 90 19 73,France,,Qualified,Customer,,,Grace Osei ,2025-09-29T00:00:00Z,,Booked a demo via the book-a-demo page after clicking a google ad.,,,,
100234919,,,George Nguyen,Marketing Director,Bakker Trading Inc.,g.nguyen@bakker.co,+33 6 83 90 19 73,France,,Qualified,Customer,,,Grace Osei,2025-09-29,12/23/2025,Booked a demo via the book-a-demo page after clicking a google ad.,,,,
100234920,Amina,Zahra,,Marketing Director,Sim Robotics Pte. Ltd.,a.zahra@simrobotics.io,+52 55 1752 7568,Mexico,,New,Opportunity,,,Diego Alvarez,2/7/2026,2026-06-03,"Scanned the QR code at our SaaStr Annual booth. Connected, sending proposal.",,,,
100234921,Tunde,Aina,,,Wong Legal Consulting,tunde.aina@wonglegal.biz,+39 340 877 7164,Italy,,Closed Won,Other,Social Media,,Diego Alvarez,2025-10-24,2025-12-23,"Connected on LinkedIn after commenting on our post. Connected, sending proposal.",,,,49
100234922,,,T. Aina,,Wong Legal Trading Co,tunde.aina@wonglegal.biz,393408777164,Italy,,closed won,Other,Social Media,,Diego Alvarez,2025-10-24T00:00:00Z,12/23/2025,"Connected on LinkedIn after commenting on our post. Connected, sending proposal.",,,,49
100234923,Adam,Ivanova,,Head of Growth,Hansen Digital Inc.,adam.ivanova@hansendigital.net,+91 73462 31544,India,,QUALIFIED,Opportunity,Paid Search,,Grace Osei,2026-03-28,3/28/2026,Booked a demo via the book-a-demo page after clicking a google ad. Not interested for now.,,,,
100234924,Sarah,Wong,,,Sharma Enterprises Consulting,sarah.wong@sharmaenterprises.sg,+46 70 366 32 13,Sweden,,QUALIFIED,,Offline Sources,,Hana Kobayashi,2026-06-12,6/15/2026,"Met her at the Money20/20 Asia booth, scanned our QR code.",,,,
100234925,Benjamin,Ocampo,,Operations Lead,Adeyemi Logistics Co.,benjamin.o@adeyemilogistics.biz,+82 10-2506-6432,South Korea,,new,Lead,,,Hana Kobayashi,2025-09-26,2026-05-05,Filled out the form on the contact page.,,,,
100234926,Suresh,Sorensen,,VP Sales,Sayed Trading Partners,suresh.sorensen@sayedtrading.sg,+66 8 7275 3248,Thailand,,Qualified,Marketing Qualified Lead,,,Rohan Mehta,2026-01-06,,Filled out the form on the contact page. Not interested for now.,,,,
100234927,Rohan,Patel,,,Boateng Digital Solutions,rohanp@boatengdigital.com.au,+1 363 555 0112,United States,,Contacted,Other,,,Fatima Rahman,2026-01-15T00:00:00Z,,Filled out the form on the blog post on lead scoring. No response yet.,,,,
100234928,Noah,Chua,,Finance Manager,Diallo Imports Solutions,noahc@dialloimports.com.au,+92 370 1636925,Pakistan,,New,Lead,Social Media,,Fatima Rahman,2025-12-22,2025-12-22T00:00:00Z,Linkedin dm inbound asking about pricing.,,,,
100234929,Leila,Koh,,,Popescu Freight,leila.koh@popescu.sg,+39 359 430 3235,Italy,,contacted,Other,Other Campaigns,,Noah Bennett,2026-05-08,5/19/2026,Manual - added after inbound phone call. Qualifying now.,,,,
100234930,Grace,Sim,,Head of Growth,Kang Holdings Studio,grace.sim@kangholdings.io,+234 803 439 2274,Nigeria,, Contacted,Sales Qualified Lead,,,Grace Osei,11/25/2025,,Filled out the form on the case study page.,,,,
100234931,Jia Hui,Wagner,,Operations Lead,Teo Consulting Trading,jiahui.w@teoconsulting.co,+86 137 4695 3664,China,,Qualified,Lead,,,Priya Nair,2026-01-29,2026-01-29T00:00:00Z,Found us through organic google search then landed on the book-a-demo page.,,,,
100234932,Jia Hui,Ferrari,,,Ho Bros Inc,j.ferrari@hobros.co,+852 8813 9849,Hong Kong,,connected,Other,,,Diego Alvarez,1/31/2026,,Booked a demo via the book-a-demo page after clicking a google ad.,,,,
100234933,,,J. Ferrari,,Ho Bros Holdings,jiahui.ferrari@hobros.co,85288139849,Hong Kong,,Connected,Other,,,Diego Alvarez,1/31/2026,2026-02-12,Booked a demo via the book-a-demo page after clicking a google ad.,,,,
100234934,Wei,Wu,,Founder,BluePeak and Co,weiw@bluepeak.io,+84 92 870 2584,Vietnam,,new,Other,,,Grace Osei,2026-06-05T00:00:00Z,,"Referred by Arjun Kone, warm intro. Great fit, prioritizing.",,,,
100234935,Sarah,Zahra,,,Hansen Digital Digital,s.zahra@hansendigital.io,+61 434 229 143,Australia,, Qualified,Lead,Other Campaigns,,Noah Bennett,2025-12-13,5/22/2026,"Spoke with them at our Mobile World Congress booth, no QR scan logged.",,,,
100234936,Farah,Martinez,,Operations Lead,Sayed Trading Inc.,farah.martinez@sayedtrading.com.au,+86 139 2654 5687,China,,Closed Won,Customer,Referrals,,Grace Osei,2026-03-30T00:00:00Z,2026-05-31,"Referred by Giulia Hossain, warm intro. Connected, sending proposal.",,,,
100234937,Amina,Ocampo,,Operations Lead,Bakker Group,aminao@bakker.co,+234 802 989 4734,Nigeria,,Contacted,Sales Qualified Lead,,,Hana Kobayashi,2026-02-12,,"Referred by Rachel Chua, warm intro. Left voicemail, will retry.",,,,
100234938,Carlos,Carvalho,,,Fischer Trading Pte Ltd,c.carvalho@fischertrading.io,+852 5355 1541,Hong Kong,,qualified,Lead,Social Media,,Grace Osei,12/11/2025,2026-04-08,Saw our post about replacing hubspot and commented.,,,,
100234939,Kevin,Singh,,,GreenLeaf Pte. Ltd.,k.singh@greenleaf.io,+1 862 555 0128,United States,,Closed Lost,Marketing Qualified Lead,Social Media,,Diego Alvarez,3/29/2026,2026-03-30T00:00:00Z,Connected on LinkedIn after commenting on our post. Qualifying now.,,,,
100234940,Lucas,Bruno,,Head of Growth,Martinez Ventures,lucas.b@martinez.net,+86 130 9380 7131,China,,Opportunity,Other,,,Elena Popescu,2026-01-23,2026-02-19T00:00:00Z,Linkedin dm inbound asking about pricing. No response yet.,,,,
100234941,Adaeze,Owusu,,VP Sales,Chen Digital Analytics,adaeze.o@chendigital.com,+31 6 5250 7857,Netherlands,,QUALIFIED,Opportunity,,,Priya Nair,12/7/2025,2026-06-07,Googled us and ended up on the product tour page before booking a demo.,,,,
100234942,Rachel,Lim,,,Silva Analytics,rachell@silva.net,+30 696 480 5269,Greece,,opportunity,Sales Qualified Lead,Referrals,,Hana Kobayashi,2025-10-31T00:00:00Z,,"Referred by Linh Larsen, warm intro. Great fit, prioritizing.",,,,
100234943,Elin,Johnson,,,Athens Retail Freight Solutions,elin.johnson@athensretail.io,+234 806 746 3897,Nigeria,,Connected ,Other,Direct Traffic,,Priya Nair,2025-09-03,,Filled out the form on the homepage. Not interested for now.,,,,
100234944,David,Boateng,,VP Sales,Rao Ventures Ventures,david.boateng@raoventures.io,+65 8331 6641,Singapore,,Connected,Marketing Qualified Lead,Other Campaigns,,Marcus Wong,2026-03-16,2026-04-24,"Spoke with them at our Singapore FinTech Festival 2026 booth, no QR scan logged. Not interested for now.",,,,
100234945,Adaeze,Bakar,,,Lau Analytics,a.bakar@lau.io,+60 19-273 3017,Malaysia,,Connected ,Other,Direct Traffic,,Priya Nair,2026-03-12,,Filled out the form on the pricing page.,,,,34
100234946,Ravi,Hoffmann,,VP Sales,Liu Trading Freight,ravih@liutrading.com.au,+82 10-7862-2718,South Korea,,Opportunity ,Other,Offline Sources,,Elena Popescu,2025-10-31,5/19/2026,"He scanned our QR code at the SaaStr Annual booth. Connected, sending proposal.",,,,
100234947,David,Lau,,Founder,Rossi SRL Labs,david.l@rossisrl.biz,+91 72951 77070,India,,New,Other,Other Campaigns,,Marcus Wong,1/10/2026,2026-05-06,"Other - reached out via our general info@ inbox. Connected, sending proposal.",,,,42
100234948,Siti,Williams,,Founder,Liu Trading Co,sitiw@liutrading.co,+971 59 374 2522,UAE,,Connected,,,,Grace Osei,12/3/2025,,"Linkedin dm inbound asking about pricing. Very interested, wants pricing call.",,,,
100234949,Ismail,Pedersen,,Head of Growth,Owusu Freight Freight,i.pedersen@owusufreight.sg,+48 699 467 726,poland,,New,,Direct Traffic,,Wei Chen,5/6/2026,2026-05-13,Filled out the form on the product tour page.,,,,
100234950,Rui,Almeida,,VP Sales,Yang Freight Studio,rui.a@yangfreight.com,+44 7946 462544,United Kingdom,,Closed Lost,Other,Direct Traffic,,Noah Bennett,2025-11-16,,Filled out the form on the pricing page.,,,,
100234951,Elijah,Fall,,Operations Lead,Sayed Trading & Co,elijah.f@sayedtrading.com,+971 59 558 2442,UAE,,CLOSED WON,Opportunity,Social Media,,Hana Kobayashi,2/9/2026,2026-02-09,Saw our post about replacing hubspot and commented.,,,,
100234952,Sven,Frimpong,,Finance Manager,Silva Pte. Ltd.,s.frimpong@silva.net,+212 6 52 81 89 86,Morocco,,qualified,Other,Direct Traffic,,Grace Osei,4/20/2026,,Filled out the form on the blog post on lead scoring. No response yet.,,,,
100234953,Tunde,Tanaka,,Founder,Al-Farsi Co.,tunde.tanaka@al-farsi.io,+40 747 568 944,Romania,,CLOSED WON,Marketing Qualified Lead,Other Campaigns,,Grace Osei,2025-10-26,,Other - walked into our office without an appointment. Not interested for now.,,,,
100234954,Chiara,Santos,,Operations Lead,Mensah Trading Co,c.santos@mensahtrading.biz,+82 10-2696-7347,South Korea,,Closed Lost,Customer,Social Media,,Elena Popescu,2026-02-12,5/21/2026,"Saw our post about replacing hubspot and commented. Connected, sending proposal.",,,,
100234955,Ji-woo,Yoon,,Marketing Director,Foster Studio,ji-wooy@foster.biz,+34 696 235 827,Spain,,Closed Lost,Marketing Qualified Lead,,,Rohan Mehta,2026-06-05,2026-06-10,Manual - added after inbound phone call. Qualifying now.,,,,
100234956,,,J. Yoon,Marketing Director,Foster Trading,j.yoon@foster.biz,34696235827,Spain,,Closed Lost,Marketing Qualified Lead,,,Rohan Mehta,2026-06-05,,Manual - added after inbound phone call. Qualifying now. possible duplicate — verify before contacting.,,,,
100234957,,,J. Yoon,Marketing Director,Foster Partners,ji-woo.yoon@foster.biz,34696235827,Spain,,Closed Lost,Marketing Qualified Lead,,,Rohan Mehta,6/5/2026,2026-06-10,Manual - added after inbound phone call. Qualifying now.,,,,
100234958,Camille,Sy,,,Williams Freight,camille.sy@williams.co,+65 9307 8259,Singapore,,Closed Won,Marketing Qualified Lead,,,Grace Osei,2026-06-07,,Filled out the form on the blog post on lead scoring. Not interested for now.,,,,
100234959,Wei Chen,Huang,,VP Sales,Acme Digital,w.huang@acme.biz,+63 929 430 1833,Philippines,,Closed Won,Other,Offline Sources,,Elena Popescu,2026-02-02,5/4/2026,He scanned our QR code at the Retail Asia Expo booth.,,,,84
100234960,Catarina,Hansen,,Head of Growth,Adeyemi Logistics Robotics,catarina.hansen@adeyemilogistics.biz,+81 81-8301-4937,Japan,,Closed Lost,Customer,Paid Search,,Elena Popescu,2026-01-03,2026-03-26,"Booked a demo via the book-a-demo page after clicking a google ad. Very interested, wants pricing call.",,,,
100234961,Catarina,Hansen,,Head of Growth,Adeyemi Logistics Co.,catarinah@adeyemilogistics.biz,818183014937,Japan,,Closed Lost,Customer,Paid Search,,Elena Popescu,2026-01-03,,"Booked a demo via the book-a-demo page after clicking a google ad. Very interested, wants pricing call.",,,,
100234962,Zainab,Malik,,,Foster Freight Solutions,zainab.m@foster.biz,+62 897-3519-1389,Indonesia,,Qualified,Other,Offline Sources,,Grace Osei,2025-09-20,2025-09-20,He scanned our QR code at the TechCrunch Disrupt booth. Qualifying now.,,,,
100234963,Zainab,Malik,,,Foster Freight Ltd,zainab.malik@foster.biz,+62 897-3519-1389,Indonesia,,QUALIFIED,Other,Offline Sources,,Grace Osei,2025-09-20,,He scanned our QR code at the TechCrunch Disrupt booth. Qualifying now. possible duplicate — verify before contacting.,,,,
100234964,Zainab,Malik,,,Foster Freight Trading,zainab.malik@foster.biz,6289735191389,Indonesia,,Qualified ,Other,Offline Sources,,Grace Osei,2025-09-20,2025-09-20,He scanned our QR code at the TechCrunch Disrupt booth. Qualifying now.,,,,
100234965,Amina,Rahman,,Marketing Director,Kim Trading Partners,amina.rahman@kimtrading.io,+63 910 686 7456,Philippines,,opportunity,Customer,Organic Search,,Marcus Wong,2026-02-04T00:00:00Z,2026-05-03T00:00:00Z,"Found us through organic google search then landed on the homepage. Left voicemail, will retry.",,,,
100234966,Linh,Rao,,Finance Manager,Chen Digital and Co,l.rao@chendigital.com,+234 806 465 3100,Nigeria,,Closed Lost,Other,,,Fatima Rahman,2025-10-22,2025-11-08,Filled out the form on the case study page. Not interested for now.,,,,
100234967,,,L. Rao,Finance Manager,Chen Digital and and Co,linhrao@chendigital.com,2348064653100,Nigeria,,Closed Lost,Other,,,Fatima Rahman,10/22/2025,2025-11-08,Filled out the form on the case study page. Not interested for now.,,,,
100234968,,,L. Rao,Finance Manager,Chen Digital and Group,l.rao@chendigital.com,+234 806 465 3100,Nigeria,,Closed Lost,Other,,,Fatima Rahman,10/22/2025,11/8/2025,Filled out the form on the case study page. Not interested for now.,,,,
100234969,Ava,Hossain,,VP Sales,Kim Trading Partners,ava.h@kimtrading.com.au,+91 81987 61445,India,,Contacted,,,,Elena Popescu,2026-01-27,2026-01-27,Connected on LinkedIn after commenting on our post. No response yet.,,,,50
100234970,Sarah,Pedersen,,,Hansen Digital Pte. Ltd.,sarah.p@hansendigital.io,+1 264 555 0133,United States,,Connected,Marketing Qualified Lead,,,Priya Nair,12/15/2025,2026-03-17,Booked a demo via the book-a-demo page after clicking a google ad.,,,,
100234971,Kofi,Sow,,,Jung Studio Ltd,kofis@jungstudio.com.au,+48 557 628 515,Poland,,connected,,Offline Sources,,Grace Osei,5/8/2026,6/15/2026,"Scanned the QR code at our Web Summit 2026 booth. Left voicemail, will retry.",,,,
100234972,Laura,Pedersen,,,Chen Digital Solutions,l.pedersen@chendigital.io,+30 691 349 1706,Greece,,Contacted,Customer,Social Media,,Elena Popescu,11/22/2025,,Saw our post about replacing hubspot and commented.,,,,
100234973,Divya,Osei,,Operations Lead,Osei Studio,divya.o@osei.sg,+880 1524-970699,Bangladesh,,qualified,Customer,Organic Search,,Wei Chen,2025-12-03,2026-04-12,"Googled us and ended up on the case study page before booking a demo. Left voicemail, will retry.",,,,
100234974,Divya,Osei,,Operations Lead,Osei Retail Group,divya.osei@osei.sg,+880 1524-970699,Bangladesh,,QUALIFIED,Customer,Organic Search,,Wei Chen,2025-12-03T00:00:00Z,2026-04-12,"Googled us and ended up on the case study page before booking a demo. Left voicemail, will retry.",,,,
100234975,Erik,Almeida,,Marketing Director,Lotus Finance Pte. Ltd.,erik.a@lotusfinance.biz,+1 693 555 0198,United States,,qualified,Sales Qualified Lead,Social Media,,Elena Popescu,10/21/2025,2025-12-25,"Connected on LinkedIn after commenting on our post. Connected, sending proposal.",,,,
100234976,Erik,Almeida,,Marketing Director,Lotus Finance Analytics,erika@lotusfinance.biz,16935550198,United States,,Qualified,Sales Qualified Lead,Social Media,,Elena Popescu,2025-10-21,12/25/2025,"Connected on LinkedIn after commenting on our post. Connected, sending proposal. possible duplicate — verify before contacting.",,,,
100234977,,,Erik Almeida,Marketing Director,Lotus Finance & Co,erikalmeida@lotusfinance.biz,16935550198,United States,,Qualified,Sales Qualified Lead,Social Media,,Elena Popescu,10/21/2025,2025-12-25,"Connected on LinkedIn after commenting on our post. Connected, sending proposal. possible duplicate — verify before contacting.",,,,
100234978,George,Oh,,Operations Lead,BluePeak Freight Solutions,george.oh@bluepeak.io,+61 475 510 904,Australia,, Connected,,,,Rohan Mehta,9/27/2025,2025-09-29,Filled out the form on the homepage. Qualifying now.,,,,
100234979,Emily,Yeo,,,Wang Manufacturing Digital,e.yeo@wangmanufacturing.com,+52 55 5685 4190,Mexico,,New ,,Referrals,,Elena Popescu,2026-05-20,,"Referred by Farid Camara, warm intro.",,,,
100234980,Emily,Yeo,,,Wang Manufacturing Ltd,emilyy@wangmanufacturing.com,+52 55 5685 4190,Mexico,, New,,Referrals,,Elena Popescu,2026-05-20,2026-05-27,"Referred by Farid Camara, warm intro.",,,,
100234981,Zara,Yeo,,Marketing Director,Wang Manufacturing Digital,zara.y@wangmanufacturing.com,+39 347 922 9409,Italy,,CONNECTED,Customer,,,Elena Popescu,2026-01-07T00:00:00Z,2026-04-13,"Referred by Youssef Agyemang, warm intro. Not interested for now.",,,,
100234982,Ji-woo,Wagner,,Head of Growth,Santos Ltda Ventures,ji-woo.wagner@santosltda.com.au,+33 6 41 46 21 61,France,,Closed Lost,Other,Social Media,,Grace Osei,10/9/2025,,Linkedin dm inbound asking about pricing. Qualifying now.,,,,
100234983,Chloe,Park,,VP Sales,Diallo Imports Studio,c.park@dialloimports.co,+86 131 2285 9071,China,,Opportunity,Lead,,,Rohan Mehta,9/22/2025,2026-03-31,"Referred by Antoine Sharma, warm intro.",,,,
100234984,Zara,Marino,,Marketing Director,Lindqvist AB Freight Solutions,zara.m@lindqvistab.com.au,+45 20 11 96 36,Denmark,,Qualified ,Customer,,,Marcus Wong,2/14/2026,2026-06-04,Found us through organic google search then landed on the comparison-vs-hubspot page. Not interested for now.,,,,
100234985,Chloe,Bennett,,Founder,Gupta Textiles & Co,chloe.b@guptatextiles.com.au,+48 550 249 919,Poland,,Closed Lost,Marketing Qualified Lead,,,Hana Kobayashi,9/5/2025,,He scanned our QR code at the London Tech Week booth. No response yet.,,,,
100234986,Priscilla,Colombo,,VP Sales,Verma Consulting and Co,priscillac@vermaconsulting.co,+33 6 54 12 62 25,France,,Connected,,,,Elena Popescu,2025-12-11,2026-05-26,"Referred by Zara Singh, warm intro. No response yet.",,,,
100234987,Wei Ming,Hoffmann,,,Han Imports Labs,weiming.hoffmann@hanimports.sg,+66 7 6629 4739,Thailand,,Connected,Sales Qualified Lead,,,Diego Alvarez,2026-01-15T00:00:00Z,2026-04-26,"Googled us and ended up on the product tour page before booking a demo. Very interested, wants pricing call.",,,,
100234988,Sofia,Hansen,,Head of Growth,Yap Ventures Pte Ltd,sofia.h@yapventures.net,+52 55 2363 2702,Mexico,,Connected,Customer,Paid Search,,Wei Chen,2025-10-14,2026-05-28T00:00:00Z,"Booked a demo via the book-a-demo page after clicking a google ad. Left voicemail, will retry.",,,,
100234989,Bruno,Sun,,Finance Manager,Yap Ventures Inc.,b.sun@yapventures.biz,+212 6 90 91 82 65,Morocco,,OPPORTUNITY,Other,,,Rohan Mehta,2/6/2026,,"Connected on LinkedIn after commenting on our post. Connected, sending proposal.",,,,
100234990,Francesca,Andersen,,,Martinez Robotics,francescaa@martinez.sg,+1 207 555 0170,United States,,Connected,Marketing Qualified Lead,Offline Sources,,Noah Bennett,6/15/2026,2026-06-16,"Spoke with them at our APAC Logistics Summit booth, no QR scan logged. Connected, sending proposal.",,,,
100234991,Oluwaseun,Chua,,Head of Growth,Toure Consulting Co,oluwaseunc@toureconsulting.io,+81 90-8460-8418,Japan,,Connected,Other,Offline Sources,,Elena Popescu,2026-05-10,2026-05-11,"Met at the booth during London Tech Week, said they'd follow up over email.",,,,
100234992,Amina,Greco,,,Huang Analytics Pte. Ltd.,amina.greco@huanganalytics.co,+91 71836 44931,India,,Closed Won ,Opportunity,,,Marcus Wong,2026-06-06,2026-06-09,Filled out the form on the comparison-vs-hubspot page.,,,,
100234993,Ethan,Hansen,,Operations Lead,Williams Group,e.hansen@williams.co,+63 980 633 3001,Philippines,,connected,Opportunity,Direct Traffic,,Diego Alvarez,12/11/2025,,"Filled out the form on the blog post on lead scoring. Left voicemail, will retry.",,,,
100234994,Ethan,Hansen,,Operations Lead,Williams Ventures,e.hansen@williams.co,639806333001,Philippines,,CONNECTED,Opportunity,Direct Traffic,,Diego Alvarez,2025-12-11T00:00:00Z,12/24/2025,"Filled out the form on the blog post on lead scoring. Left voicemail, will retry. possible duplicate — verify before contacting.",,,,
100234995,Ines,Tanaka,,Marketing Director,Patel Fintech & Co,inest@patelfintech.co,+971 53 121 7189,UAE,,Connected,Other,,,Wei Chen,1/7/2026,5/11/2026,"Manual - added after inbound phone call. Left voicemail, will retry.",,,,
100234996,,,I. Tanaka,Marketing Director,Patel Fintech & Holdings,inest@patelfintech.co,971531217189,UAE,,Connected,Other,,,Wei Chen,1/7/2026,5/11/2026,"Manual - added after inbound phone call. Left voicemail, will retry.",,,,
100234997,Ines,Kone,,,Ivanova Freight,i.kone@ivanova.sg,+31 6 6285 7714,Netherlands,,Closed Lost,Sales Qualified Lead,Offline Sources,,Marcus Wong,10/20/2025,11/6/2025,"Met her at the Web Summit 2026 booth, scanned our QR code. Left voicemail, will retry.",,,,
100234998,Linh,Kumar,,Head of Growth,Larsen AS Co.,linh.k@larsenas.biz,+66 9 1994 6913,Thailand,,OPPORTUNITY,Other,Direct Traffic,,Noah Bennett,2026-03-08,,Filled out the form on the comparison-vs-hubspot page.,,,,47
100234999,Amir,Becker,,VP Sales,Verma Consulting Robotics,amirb@vermaconsulting.biz,+212 6 99 95 64 23,Morocco,, Contacted,,,,Wei Chen,2026-06-09,6/14/2026,"Referred by Miguel Bianchi, warm intro. No response yet.",,,,
100235000,Hana,Camara,,VP Sales,Santos Ltda Digital,hana.camara@santosltda.sg,+63 946 710 1267,Philippines,,opportunity,Marketing Qualified Lead,,,Diego Alvarez,2025-09-04,,"Found us through organic google search then landed on the case study page. Great fit, prioritizing.",,,,
100235001,Adam,Huang,,Marketing Director,Boateng Digital Ltd,adam.h@boatengdigital.com.au,+61 419 840 432,Australia,,Closed Won,Opportunity,,,Wei Chen,2026-05-08T00:00:00Z,2026-06-13T00:00:00Z,Filled out the form on the book-a-demo page.,,,,
100235002,Adam,Huang,,Marketing Director,Boateng Digital Robotics,adam.huang@boatengdigital.com.au,+61 419 840 432,Australia,,Closed Won,Opportunity,,,Wei Chen,5/8/2026,6/13/2026,Filled out the form on the book-a-demo page.,,,,
100235003,Ngozi,Romano,,Operations Lead,Verma Consulting Labs,ngozi.romano@vermaconsulting.com.au,+1 642 555 0137,United States,,CLOSED WON,Opportunity,,,Wei Chen,11/7/2025,3/8/2026,"Referred by Camille Fischer, warm intro.",,,,
100235004,Tiago,Chen,,Marketing Director,Wong Legal and Co,tiago.c@wonglegal.net,+45 29 21 24 95,Denmark,,Qualified,Opportunity,Referrals,,Grace Osei,2026-02-26T00:00:00Z,,"Referred by Nur Joshi, warm intro. No response yet.",,,,
100235005,Daniel,Martinez,,Founder,Singh Logistics & Co,d.martinez@singhlogistics.com.au,+31 6 1225 6624,Netherlands,,Closed Lost,,,,Marcus Wong,2026-02-04,2026-02-09,"Found us through organic google search then landed on the blog post on lead scoring. Great fit, prioritizing.",,,,
100235006,Liam,Sun,,VP Sales,Zhang Retail Group,liam.sun@zhang.com,+48 669 377 778,Poland,, Closed Won,Other,Direct Traffic,,Grace Osei,2025-10-26,,"Filled out the form on the contact page. Very interested, wants pricing call.",,,,
100235007,Ryan,Cruz,,Head of Growth,Al-Farsi Ventures,ryanc@al-farsi.co,+234 807 862 3572,Nigeria,,New,Sales Qualified Lead,Other Campaigns,,Grace Osei ,3/1/2026,2026-03-31,Other - reached out via our general info@ inbox.,,,,
100235008,Rachel,Sy,,VP Sales,Ang Analytics Freight,r.sy@anganalytics.com.au,+30 694 686 3502,Greece,,Qualified,Sales Qualified Lead,Organic Search,,Elena Popescu,2/16/2026,2026-03-04,"Found us through organic google search then landed on the homepage. Connected, sending proposal.",,,,
100235009,Rachel,Sy,,VP Sales,Ang Analytics Robotics,rachel.sy@anganalytics.com.au,306946863502,Greece,,QUALIFIED,Sales Qualified Lead,Organic Search,,Elena Popescu,2026-02-16T00:00:00Z,2026-03-04,"Found us through organic google search then landed on the homepage. Connected, sending proposal.",,,,
100235010,Anjali,Nair,,,Reddy Holdings Inc,a.nair@reddyholdings.io,+60 15-720 4783,Malaysia,,OPPORTUNITY,Marketing Qualified Lead,,,Fatima Rahman,2025-09-14,2026-05-16,Scanned the QR code at our Mobile World Congress booth. No response yet.,,,,
100235011,Liam,Choi,,,Mekong Digital,liam.c@mekong.net,+45 27 41 64 61,Denmark,,CLOSED WON,Lead,Referrals,,Elena Popescu,2026-03-14,5/3/2026,"Referred by Ines Carvalho, warm intro. Great fit, prioritizing.",,,,
100235012,Camille,Chua,,Marketing Director,Tanaka Trading,camillec@tanaka.co,+212 6 31 64 47 88,Morocco,,NEW,Other,Social Media,,Rohan Mehta,2025-11-12,,Saw our post about replacing hubspot and commented.,,,,
100235013,Liam,Ricci,,Operations Lead,Delta Holdings,l.ricci@delta.biz,+81 72-2870-8362,Japan,,Closed Lost,Sales Qualified Lead,,,Marcus Wong,2026-05-27,2026-06-19,"Filled out the form on the homepage. Great fit, prioritizing.",,,,41
100235014,Sanjay,Romano,,Founder,Tanaka Co,s.romano@tanaka.com,+852 5737 5146,Hong Kong,,New,Opportunity,Referrals,,Hana Kobayashi ,2026-05-14T00:00:00Z,5/14/2026,"Referred by Antoine Wang, warm intro. Qualifying now.",,,,
100235015,Diego,Al-Sayed,,Finance Manager,Zhang Consulting,d.al-sayed@zhang.com,+63 995 691 5889,Philippines,,connected,Lead,Other Campaigns,,Priya Nair,2025-10-26,,"Met at the booth during TechCrunch Disrupt, said they'd follow up over email. Qualifying now.",,,,
100235016,Ananya,Larsen,,Head of Growth,Reyes Freight Solutions,ananyal@reyes.net,+39 373 523 9595,Italy,,contacted,Other,,,Fatima Rahman,9/30/2025,9/30/2025,Manually added by sales after a phone call from a cold outreach list. Qualifying now.,,,,
100235017,Camille,Christensen,,,Boateng Digital Studio,camillec@boatengdigital.io,+852 5221 1392,Hong Kong,,qualified,Other,,,Marcus Wong,2025-12-16,4/1/2026,"Linkedin dm inbound asking about pricing. Great fit, prioritizing.",,,,45
100235018,,,C. Christensen,,Boateng Digital Trading,camille.christensen@boatengdigital.io,+852 5221 1392,Hong Kong,,Qualified,Other,,,Marcus Wong,2025-12-16,,"Linkedin dm inbound asking about pricing. Great fit, prioritizing.",,,,45
100235019,Ines,Danso,,Head of Growth,Cruz & Partners Trading Co,ines.danso@cruzpartners.biz,+52 55 5904 6169,Mexico,, Opportunity,Customer,Direct Traffic,,Priya Nair,2025-12-16,2026-03-10,Filled out the form on the case study page.,,,,
100235020,Ines,Danso,,Head of Growth,Cruz & Partners Trading Holdings,inesd@cruzpartners.biz,+52 55 5904 6169,Mexico,,Opportunity,Customer,Direct Traffic,,Priya Nair,12/16/2025,2026-03-10,Filled out the form on the case study page. possible duplicate — verify before contacting.,,,,
100235021,Farid,Park,,,Rossi SRL Digital,farid.park@rossisrl.com.au,+233 28 257 4116,Ghana,,Connected,Opportunity,Direct Traffic,,Rohan Mehta ,2026-02-06T00:00:00Z,3/14/2026,"Filled out the form on the book-a-demo page. Left voicemail, will retry.",,,,
100235022,Farid,Park,,,Rossi SRL Pte. Ltd.,farid.park@rossisrl.com.au,233282574116,Ghana,,Connected,Opportunity,Direct Traffic,,Rohan Mehta,2026-02-06T00:00:00Z,2026-03-14,"Filled out the form on the book-a-demo page. Left voicemail, will retry.",,,,
100235023,Lars,Zahra,,,Malik Co,lars.zahra@malik.co,+65 8311 9888,Singapore,,Connected,Customer,Other Campaigns,,Grace Osei,2026-01-17,2026-01-17,Manual - added after inbound phone call.,,,,
100235024,Ngozi,Ang,,,Huang Analytics Labs,ngozi.a@huanganalytics.biz,+34 649 440 937,Spain,,Contacted,Other,Direct Traffic,,Rohan Mehta,2025-10-11,,Filled out the form on the homepage. Not interested for now.,,,,
100235025,Leila,Muller,,,Ivanova Freight,leilam@ivanova.co,+212 6 72 13 18 70,Morocco,,New,Sales Qualified Lead,Direct Traffic,,Hana Kobayashi,2026-04-25,5/13/2026,"Filled out the form on the homepage. Very interested, wants pricing call.",,,,
100235026,Kwame,Ho,,VP Sales,Bakker Freight Solutions,kwame.h@bakker.com.au,+7 982 906 53 79,Russia,, Closed Lost,Marketing Qualified Lead,,,Wei Chen,10/10/2025,4/10/2026,"Referred by Matteo Papadopoulos, warm intro. No response yet.",,,,
100235027,Arjun,Wong,,Operations Lead,Osei Inc.,arjun.wong@osei.com.au,+91 91655 29558,India,,Qualified,Customer,,,Diego Alvarez,3/19/2026,5/15/2026,"Spoke with them at our Retail Asia Expo booth, no QR scan logged. Connected, sending proposal.",,,,
100235028,Haruto,Lee,,VP Sales,Huang Analytics Consulting,harutol@huanganalytics.com,+60 14-542 7459,Malaysia,,Closed Lost,Sales Qualified Lead,Organic Search,,Noah Bennett,2026-03-27T00:00:00Z,2026-06-04,"Googled us and ended up on the homepage before booking a demo. Left voicemail, will retry.",,,,
100235029,,,Haruto Lee,VP Sales,Huang Analytics Robotics,harutolee@huanganalytics.com,+60 14-542 7459,Malaysia,,Closed Lost,Sales Qualified Lead,Organic Search,,Noah Bennett,2026-03-27T00:00:00Z,2026-06-04T00:00:00Z,"Googled us and ended up on the homepage before booking a demo. Left voicemail, will retry. possible duplicate — verify before contacting.",,,,
100235030,Zainab,Colombo,,Founder,Williams & Co,zainab.c@williams.io,+65 9967 4878,Singapore,,Closed Lost,Customer,Paid Search,,Diego Alvarez,2026-03-30,2026-06-11T00:00:00Z,Booked a demo via the book-a-demo page after clicking a google ad. Qualifying now.,,,,
100235031,Sigrid,Pereira,,Finance Manager,Lumen Studio,s.pereira@lumen.com,+233 21 800 9834,Ghana,,Closed Won,Customer,,,Diego Alvarez,2025-09-28,10/3/2025,Saw our post about replacing hubspot and commented. Qualifying now.,,,,
100235032,Arjun,Hansen,,,Choi Logistics Labs,arjunh@choilogistics.com,+60 15-596 2351,Malaysia,,Contacted,Customer,Organic Search,,Marcus Wong,2026-01-21,2026-04-02,Found us through organic google search then landed on the comparison-vs-hubspot page. Qualifying now.,,,,
100235033,Grace,Frimpong,,,Lindqvist AB Inc.,g.frimpong@lindqvistab.com.au,+234 807 888 7277,Nigeria,, Contacted,Other,,,Hana Kobayashi,11/25/2025,2026-05-31,Filled out the form on the pricing page.,,,,
100235034,Sarah,Gomes,,,Schmidt AG Pte Ltd,sarah.g@schmidtag.co,+48 673 423 642,Poland,,Closed Lost,Lead,,,Marcus Wong,2026-05-31,6/13/2026,"Referred by Rin Danso, warm intro. Connected, sending proposal.",,,,
100235035,Layla,Mensah,,Marketing Director,Yap Ventures Freight,layla.mensah@yapventures.com,+65 9200 9605,Singapore,,New,Other,Organic Search,,Hana Kobayashi,2/27/2026,,Found us through organic google search then landed on the pricing page.,,,,
100235036,Diego,Martinez,,,Huang Analytics and Co,diego.m@huanganalytics.co,+62 891-8429-5528,Indonesia,,closed won,Opportunity,,,Grace Osei,2026-01-10T00:00:00Z,,Googled us and ended up on the pricing page before booking a demo. No response yet.,,,,
100235037,Hassan,Johnson,,Operations Lead,Yap Ventures Trading Co,hassan.johnson@yapventures.io,+971 54 205 1571,UAE,,New,Lead,Direct Traffic,,Elena Popescu,2026-01-07,2026-01-11,Filled out the form on the homepage.,,,,
100235038,Michael,Ferreira,,VP Sales,Lau Trading,michael.f@lau.biz,+81 88-9770-6880,Japan,,Connected,Other,Other Campaigns,,Diego Alvarez,2026-03-25,,Other - walked into our office without an appointment. No response yet.,,,,
100235039,Valentina,Iyer,,VP Sales,Huang Analytics Inc,valentinai@huanganalytics.biz,+234 802 747 8175,Nigeria,,Closed Lost,Marketing Qualified Lead,,,Wei Chen ,2025-09-19,1/19/2026,Connected on LinkedIn after commenting on our post. Not interested for now.,,,,
100235040,Beatriz,Marino,,Marketing Director,Hansen Digital Partners,b.marino@hansendigital.io,+62 814-3319-9010,Indonesia,,Closed Lost,Lead,Offline Sources,,Hana Kobayashi,2025-09-24,2025-11-29,Scanned the QR code at our Singapore FinTech Festival 2026 booth. Not interested for now.,,,,
100235041,Femi,Asante,,,Sato Freight,f.asante@sato.com.au,+45 23 15 85 32,Denmark,,CONNECTED,Lead,,,Marcus Wong,1/19/2026,1/19/2026,"Saw our post about replacing hubspot and commented. Great fit, prioritizing.",,,,
100235042,Femi,Asante,,,Sato Pte Ltd,femi.asante@sato.com.au,4523158532,Denmark,,Connected,Lead,,,Marcus Wong,1/19/2026,1/19/2026,"Saw our post about replacing hubspot and commented. Great fit, prioritizing. possible duplicate — verify before contacting.",,,,
100235043,Beatriz,Colombo,,VP Sales,Sayed Trading Co,beatriz.colombo@sayedtrading.com.au,+92 370 2476750,Pakistan,,Closed Lost,,,,Diego Alvarez,2026-02-26,5/8/2026,"Found us through organic google search then landed on the book-a-demo page. Great fit, prioritizing.",,,,
100235044,Amir,Ng,,Founder,Liu Trading Pte. Ltd.,amirn@liutrading.com,+31 6 4433 8121,Netherlands,,connected,Sales Qualified Lead,Direct Traffic,,Elena Popescu,4/21/2026,4/21/2026,Filled out the form on the homepage.,,,,
100235045,Yuki,Asante,,,Lau & Co,yuki.a@lau.biz,+852 8325 2204,Hong Kong,, Qualified,Customer,,,Hana Kobayashi,2025-09-28,,Found us through organic google search then landed on the product tour page. No response yet.,,,,
100235046,Yuki,Bruno,,Founder,Cruz & Partners Co,yukib@cruzpartners.net,+1 502 555 0177,United States,,Contacted,,,,Elena Popescu,2025-11-27,2026-04-17T00:00:00Z,"Filled out the form on the book-a-demo page. Great fit, prioritizing.",,,,
100235047,Mia,Nair,,,Rossi SRL Pte Ltd,mia.nair@rossisrl.sg,+63 970 851 9261,philippines,,New,Opportunity,,,Rohan Mehta,2026-03-21,6/18/2026,"Filled out the form on the product tour page. Left voicemail, will retry.",,,,
100235048,Mia,Nair,,,Rossi SRL Holdings,m.nair@rossisrl.sg,+63 970 851 9261,Philippines,,NEW,Opportunity,,,Rohan Mehta,3/21/2026,2026-06-18,"Filled out the form on the product tour page. Left voicemail, will retry.",,,,
100235049,Bjorn,Lee,,VP Sales,Muller GmbH Ltd,bjornl@mullergmbh.sg,+52 55 1535 5859,Mexico,,Qualified,,,,Diego Alvarez,2026-06-05,2026-06-08,Filled out the form on the book-a-demo page.,,,,
100235050,Michael,Choi,,,Reyes Holdings,michael.choi@reyes.io,+233 29 992 4437,Ghana,,Closed Won,Other,,,Fatima Rahman,2026-02-12,4/21/2026,Linkedin dm inbound asking about pricing.,,,,
100235051,Bashir,Ho,,VP Sales,Ivanova Digital,bashir.ho@ivanova.com,+40 742 395 178,Romania,,New ,Marketing Qualified Lead,Other Campaigns,,Diego Alvarez,2025-10-28,,"Met at the booth during SaaStr Annual, said they'd follow up over email. Very interested, wants pricing call.",,,,
100235052,Bashir,Ho,,VP Sales,Ivanova Partners,bashirh@ivanova.com,40742395178,Romania,, New,Marketing Qualified Lead,Other Campaigns,,Diego Alvarez,10/28/2025,2026-03-04,"Met at the booth during SaaStr Annual, said they'd follow up over email. Very interested, wants pricing call. possible duplicate — verify before contacting.",,,,
100235053,Pooja,Lim,,,Mensah Trading & Co,poojal@mensahtrading.sg,+31 6 1775 3430,Netherlands,,Connected,Sales Qualified Lead,Other Campaigns,,Hana Kobayashi,2025-11-25,2026-01-05,Manual - added after inbound phone call.,,,,
100235054,Hui Fang,Al-Sayed,,,Popescu Partners,huifanga@popescu.io,+81 70-7628-9182,Japan,,Closed Won,Marketing Qualified Lead,,,Hana Kobayashi,2026-02-11,2026-05-06,"Referred by Suresh Hansen, warm intro. Qualifying now.",,,,
100235055,Nur,Fischer,,Operations Lead,Yoon Retail & Co,nurf@yoonretail.sg,+66 8 1901 4197,Thailand,,Opportunity,Customer,Social Media,,Fatima Rahman,2026-01-21T00:00:00Z,2026-02-11,"Linkedin dm inbound asking about pricing. Great fit, prioritizing.",,,,
100235056,Amina,Kumar,,Marketing Director,Tanaka Consulting,amina.k@tanaka.co,+66 7 8278 7809,Thailand,,Closed Won,Opportunity,Other Campaigns,,Diego Alvarez,2025-11-23T00:00:00Z,,Manual - added after inbound phone call. Qualifying now.,,,,
100235057,Rachel,Tan,,Founder,Sayed Trading and Co,r.tan@sayedtrading.sg,+212 6 82 27 35 33,Morocco,,closed won,Opportunity,,,Diego Alvarez,6/11/2026,2026-06-15,"Filled out the form on the comparison-vs-hubspot page. Great fit, prioritizing.",,,,
100235058,Amir,Jensen,,Marketing Director,Rossi SRL Retail Group,amir.jensen@rossisrl.io,+81 78-9078-2093,Japan,,OPPORTUNITY,Other,,,Grace Osei,2026-05-05T00:00:00Z,,"Referred by Giulia Zahra, warm intro. Great fit, prioritizing.",,,,53
100235059,Farah,Toure,,,Nimbus Group,farah.toure@nimbus.com.au,+55 11 94175-4002,Brazil,,CLOSED WON,Lead,,,Elena Popescu,2025-11-25,2026-02-13,Filled out the form on the comparison-vs-hubspot page. No response yet.,,,,
100235060,Lucas,Chen,,VP Sales,Sim Robotics Co.,lucas.chen@simrobotics.net,+30 698 178 2909,Greece,,Closed Won,Marketing Qualified Lead,,,Priya Nair ,5/4/2026,,Booked a demo via the book-a-demo page after clicking a google ad. Qualifying now.,,,,
100235061,Chloe,Joshi,,Head of Growth,Patel Fintech Inc.,chloe.j@patelfintech.com,+81 72-1308-8934,Japan,,Closed Won,Opportunity,,,Priya Nair,2025-12-10T00:00:00Z,,Filled out the form on the pricing page.,,,,58
100235062,Jun Wei,Nguyen,,,Delta Analytics,junwein@delta.co,+34 630 975 612,Spain,,Closed Won,Other,,,Elena Popescu ,1/2/2026,2026-01-19T00:00:00Z,"Met her at the Mobile World Congress booth, scanned our QR code. Left voicemail, will retry.",,,,
100235063,Diego,Russo,,VP Sales,Chen Digital Inc,diegor@chendigital.io,+48 608 319 626,Poland,,Contacted,Opportunity,,,Marcus Wong,2026-02-08,2/8/2026,"Scanned the QR code at our Web Summit 2026 booth. Connected, sending proposal.",,,,
100235064,Tunde,Rao,,Operations Lead,Lindqvist AB Trading Co,tunde.rao@lindqvistab.io,+233 25 283 1209,Ghana,,Closed Lost,Opportunity,Other Campaigns,,Marcus Wong,2026-03-22,2026-06-14,"Manually added by sales after a phone call from a cold outreach list. Very interested, wants pricing call.",,,,
100235065,Adaeze,Bakker,,Head of Growth,Wong Legal Trading Co,adaeze.b@wonglegal.biz,+49 174 5579723,Germany,,CLOSED WON,,Other Campaigns,,Noah Bennett,2026-03-02,2026-05-18,"Other - reached out via our general info@ inbox. Great fit, prioritizing.",,,,
100235066,Camille,Aina,,VP Sales,Costa Trading Trading,camillea@costatrading.com.au,+91 79920 91522,India,,Opportunity,Lead,,,Marcus Wong,2026-05-25T00:00:00Z,,Linkedin dm inbound asking about pricing. Not interested for now.,,,,
100235067,Kwame,Colombo,,Founder,Athens Retail Trading,kwame.c@athensretail.sg,+63 914 281 5965,Philippines,,Closed Lost,Marketing Qualified Lead,Other Campaigns,,Hana Kobayashi,2026-04-09T00:00:00Z,2026-04-09,Manual - added after inbound phone call. Qualifying now.,,,,
100235068,Ahmed,Singh,,Finance Manager,Zahra Pte Ltd,ahmed.singh@zahra.com.au,+82 10-7003-6715,South Korea,,closed won,Other,,,Elena Popescu,2025-09-14,,Booked a demo via the book-a-demo page after clicking a google ad. No response yet.,,,,
100235069,Laura,Agyemang,,Marketing Director,Saigon Partners,laura.agyemang@saigon.co,+212 6 94 64 82 75,Morocco,,Qualified,Sales Qualified Lead,,,Priya Nair,2026-04-29,5/19/2026,Booked a demo via the book-a-demo page after clicking a google ad. No response yet.,,,,
100235070,Freya,Park,,,Teo Consulting Ltd,f.park@teoconsulting.net,+31 6 5344 1778,Netherlands,,Connected ,Customer,,,Noah Bennett,2025-12-25,2026-01-17,"Manually added by sales after a phone call from a cold outreach list. Connected, sending proposal.",,,,
100235071,Ji-woo,Park,,Founder,Sayed Trading and Co,ji-woo.p@sayedtrading.com.au,+92 300 9660803,Pakistan,,Closed Won,Marketing Qualified Lead,Organic Search,,Elena Popescu,2026-05-14,6/12/2026,Found us through organic google search then landed on the contact page. No response yet.,,,,
100235072,,,Ji-woo Park,Founder,Sayed Trading and Digital,ji-woop@sayedtrading.com.au,+92 300 9660803,Pakistan,,Closed Won ,Marketing Qualified Lead,Organic Search,,Elena Popescu,2026-05-14,,Found us through organic google search then landed on the contact page. No response yet. possible duplicate — verify before contacting.,,,,
100235073,Freya,Schulz,,,Li Consulting Pte. Ltd.,f.schulz@liconsulting.io,+49 154 1488919,Germany,,Connected,,Other Campaigns,,Diego Alvarez,2026-06-09T00:00:00Z,2026-06-09,Other - reached out via our general info@ inbox.,,,,
100235074,Elena,Wang,,,Sato Analytics,elena.wang@sato.com.au,+52 55 9605 5125,Mexico,,qualified,Lead,,,Fatima Rahman,2025-11-02T00:00:00Z,,"Found us through organic google search then landed on the contact page. Left voicemail, will retry.",,,,
100235075,Yuki,Owusu,,,Yap Ventures Solutions,y.owusu@yapventures.biz,+49 178 3431212,Germany,,Connected,Opportunity,Other Campaigns,,Grace Osei,2026-02-05T00:00:00Z,2026-02-05,Other - walked into our office without an appointment.,,,,
100235076,Siti,Muller,,Founder,Larsen AS and Co,siti.muller@larsenas.co,+44 7852 320606,United Kingdom,, Closed Won,Marketing Qualified Lead,Direct Traffic,,Hana Kobayashi,2026-02-10T00:00:00Z,,Filled out the form on the comparison-vs-hubspot page. Not interested for now.,,,,
100235077,Sofia,Diallo,,,Lotus Finance Analytics,sofiad@lotusfinance.net,+212 6 98 13 16 92,Morocco,,Closed Lost,Marketing Qualified Lead,Organic Search,,Hana Kobayashi,2025-11-09,2025-11-09,Googled us and ended up on the comparison-vs-hubspot page before booking a demo.,,,,
100235078,Carlos,Zhao,,,Koh & Sons Labs,carlosz@kohsons.net,+31 6 4254 2382,Netherlands,,QUALIFIED,Sales Qualified Lead,Organic Search,,Wei Chen,3/21/2026,,Found us through organic google search then landed on the pricing page. Not interested for now.,,,,
100235079,George,Kumar,,,Sharma Enterprises Trading Co,george.k@sharmaenterprises.net,+234 802 329 4328,Nigeria,,CONTACTED,,Offline Sources,,Diego Alvarez,2026-01-26,2026-05-03T00:00:00Z,"He scanned our QR code at the SaaStr Annual booth. Connected, sending proposal.",,,,
100235080,Elin,Osei,,Finance Manager,Acme Inc.,elino@acme.net,+40 747 830 492,Romania,,Closed Lost,Opportunity,Referrals,,Elena Popescu,1/10/2026,,"Referred by Haruto Danso, warm intro. Not interested for now.",,,,
100235081,Ravi,Schmidt,,Finance Manager,Chen Digital Inc.,ravi.schmidt@chendigital.com.au,+92 340 3849886,Pakistan,,Opportunity,Opportunity,,,Grace Osei,2026-04-28,2026-04-28T00:00:00Z,Found us through organic google search then landed on the contact page.,,,,36
100235082,Aiko,Pereira,,Founder,Athens Retail Co,aiko.p@athensretail.co,+91 88208 96169,India,,Closed Lost,,,,Hana Kobayashi,2025-09-28,2025-10-25,Googled us and ended up on the pricing page before booking a demo.,,,,
100235083,Sarah,Bakker,,,Kowalski Co.,sarahb@kowalski.net,+92 320 9535203,Pakistan,,CLOSED WON,Sales Qualified Lead,Social Media,,Elena Popescu,2025-12-18,2025-12-19,"Saw our post about replacing hubspot and commented. Very interested, wants pricing call.",,,,
100235084,Hassan,Boateng,,,Ho Bros Ltd,hassan.b@hobros.sg,+212 6 90 44 86 94,Morocco,,New,Sales Qualified Lead,Other Campaigns,,Priya Nair,2026-04-20,2026-06-05,"Other - walked into our office without an appointment. Left voicemail, will retry.",,,,
100235085,Femi,Lau,,,Orchid Co.,femi.l@orchid.io,+40 756 762 870,Romania,,Closed Lost,Marketing Qualified Lead,Other Campaigns,,Marcus Wong,2026-01-31,2026-05-21,Manual - added after inbound phone call. No response yet.,,,,
100235086,Diego,Ferrari,,Head of Growth,Han Imports Ltd,diegof@hanimports.com,+212 6 96 38 92 97,Morocco,,Closed Lost,Marketing Qualified Lead,Offline Sources,,Hana Kobayashi,2026-05-28,2026-06-13,Scanned the QR code at our Dubai FinTech Week booth. Not interested for now.,,,,
100235087,,,D. Ferrari,Head of Growth,Han Imports Inc.,diegoferrari@hanimports.com,212696389297,Morocco,, Closed Lost,Marketing Qualified Lead,Offline Sources,,Hana Kobayashi,5/28/2026,,Scanned the QR code at our Dubai FinTech Week booth. Not interested for now.,,,,
100235088,Layla,Muller,,Marketing Director,Nimbus Trading Co,laylam@nimbus.biz,+45 29 68 95 67,Denmark,,Opportunity ,,Direct Traffic,,Diego Alvarez ,2026-02-22,,Filled out the form on the blog post on lead scoring.,,,,
100235089,Adaeze,Nielsen,,,Martinez Studio,adaeze.n@martinez.co,+46 70 189 26 27,Sweden,,New,Marketing Qualified Lead,,,Marcus Wong,2025-09-09,2025-12-14,Filled out the form on the blog post on lead scoring.,,,,
100235090,,,A. Nielsen,,Martinez Inc.,adaezenielsen@martinez.co,+46 70 189 26 27,Sweden,,new,Marketing Qualified Lead,,,Marcus Wong,9/9/2025,,Filled out the form on the blog post on lead scoring.,,,,
100235091,Erik,Becker,,,Toure Consulting Analytics,erikb@toureconsulting.com.au,+63 972 509 8964,Philippines,,Opportunity,Customer,,,Elena Popescu,5/8/2026,2026-05-11,"Linkedin dm inbound asking about pricing. Great fit, prioritizing.",,,,
100235092,Mateo,Larsen,,,Kowalski & Co,m.larsen@kowalski.com.au,+39 398 716 8675,Italy,,contacted,Sales Qualified Lead,Direct Traffic,,Noah Bennett,2026-04-02,2026-05-18T00:00:00Z,"Filled out the form on the homepage. Connected, sending proposal.",,,,
100235093,Camille,Bakar,,Finance Manager,Silva and Co,c.bakar@silva.co,+92 380 1536367,Pakistan,,Closed Won,Lead,,,Grace Osei,2026-04-09T00:00:00Z,4/9/2026,Googled us and ended up on the blog post on lead scoring before booking a demo. No response yet.,,,,
100235094,,,Camille Bakar,Finance Manager,Silva and Solutions,camillebakar@silva.co,+92 380 1536367,Pakistan,,Closed Won,Lead,,,Grace Osei,2026-04-09,2026-04-09,Googled us and ended up on the blog post on lead scoring before booking a demo. No response yet.,,,,
100235095,Olivia,Camara,,,Ho Bros Group,olivia.c@hobros.biz,+55 11 99165-2626,Brazil,,contacted,Other,,,Grace Osei,2026-02-19,2026-03-06,Filled out the form on the product tour page.,,,,
100235096,Catarina,Hoffmann,,Finance Manager,Mensah Trading Inc.,catarina.h@mensahtrading.net,+30 697 569 9456,Greece,,Closed Won ,Other,Other Campaigns,,Grace Osei,2025-09-16,2025-09-21,Manually added by sales after a phone call from a cold outreach list. No response yet.,,,,
100235097,Beatriz,Reddy,,,Lotus Finance Freight,beatrizr@lotusfinance.biz,+45 25 11 45 77,Denmark,,Opportunity,Marketing Qualified Lead,Other Campaigns,,Noah Bennett,2026-04-17,2026-06-12,"Manual - added after inbound phone call. Connected, sending proposal.",,,,62
100235098,Xiu Ying,Ng,,Founder,Orchid Partners,xiuyingn@orchid.com.au,+44 7855 861800,United Kingdom,,Qualified,Customer,Referrals,,Marcus Wong,10/1/2025,2/10/2026,"Referred by Ahmed Bakker, warm intro.",,,,
100235099,Miguel,Seo,,,Kowalski Group,m.seo@kowalski.biz,+48 633 855 353,Poland,,NEW,Sales Qualified Lead,,,Rohan Mehta,2025-12-08,2026-03-10,"Connected on LinkedIn after commenting on our post. Very interested, wants pricing call.",,,,
100235100,Aiko,Sorensen,,Founder,Wang Manufacturing Digital,aiko.s@wangmanufacturing.biz,+30 693 247 9286,Greece,, Contacted,Opportunity,Direct Traffic,,Hana Kobayashi,11/6/2025,2026-03-17,Filled out the form on the book-a-demo page. Not interested for now.,,,,40
100235101,Priya,Zahra,,Founder,Popescu Consulting,priyaz@popescu.co,+234 801 910 3340,Nigeria,,Contacted,,Direct Traffic,,Elena Popescu,4/4/2026,2026-04-04T00:00:00Z,Filled out the form on the comparison-vs-hubspot page.,,,,90
100235102,Anna,Williams,,,Sim Robotics Digital,anna.w@simrobotics.net,+971 52 987 6328,UAE,,New,,,,Elena Popescu,3/29/2026,,Googled us and ended up on the pricing page before booking a demo.,,,,
100235103,Bruno,Sato,,Marketing Director,Santos Ltda Ventures,bruno.s@santosltda.io,+55 11 91305-2970,Brazil,,closed lost,Customer,,,Wei Chen ,2025-09-10,2025-12-24,"Found us through organic google search then landed on the product tour page. Very interested, wants pricing call.",,,,22
100235104,Vikram,Johnson,,Operations Lead,Koh & Sons Robotics,v.johnson@kohsons.com,+46 70 517 96 31,Sweden,,New,Customer,,,Grace Osei,2025-12-02,,"Met her at the APAC Logistics Summit booth, scanned our QR code.",,,,
100235105,Pedro,Petersen,,Marketing Director,Williams Inc,pedro.petersen@williams.co,+45 27 80 62 18,Denmark,,Qualified,Lead,Organic Search,,Noah Bennett,2025-12-29T00:00:00Z,2026-01-02T00:00:00Z,"Found us through organic google search then landed on the book-a-demo page. Connected, sending proposal.",,,,
100235106,Zainab,Colombo,,VP Sales,Nimbus Digital,zainabc@nimbus.net,+880 1300-163098,Bangladesh,,Qualified,Sales Qualified Lead,Other Campaigns,,Elena Popescu,2026-01-07,4/14/2026,Other - walked into our office without an appointment. Qualifying now.,,,,
100235107,Erik,Jung,,Founder,Yoon Retail Holdings,erikj@yoonretail.biz,+33 6 67 44 41 94,France,,Connected ,Sales Qualified Lead,Offline Sources,,Fatima Rahman,4/24/2026,2026-05-15,He scanned our QR code at the Web Summit 2026 booth. Qualifying now.,,,,21
100235108,Benjamin,Martins,,,GreenLeaf Freight,benjamin.martins@greenleaf.sg,+34 658 947 715,spain,,connected,Opportunity,Paid Search,,Wei Chen,2025-09-05,,Booked a demo via the book-a-demo page after clicking a google ad. Not interested for now.,,,,
100235109,Mia,Seo,,Marketing Director,Lindqvist AB Consulting,mias@lindqvistab.com,+234 804 107 4212,Nigeria,,CLOSED WON,Other,Social Media,,Noah Bennett,2025-10-27,2026-03-21,Connected on LinkedIn after commenting on our post. Qualifying now.,,,,
100235110,Mateo,Ocampo,,,Adeyemi Logistics Freight Solutions,mateoo@adeyemilogistics.biz,+212 6 10 64 92 96,Morocco,,closed lost,Lead,,,Grace Osei,2026-04-10,,"Googled us and ended up on the product tour page before booking a demo. Great fit, prioritizing.",,,,
100235111,Nur,Han,,Founder,Lindqvist AB Trading Co,n.han@lindqvistab.com,+852 6437 6092,Hong Kong,,NEW,Other,Referrals,,Marcus Wong,9/15/2025,9/27/2025,"Referred by So-young Yang, warm intro.",,,,
100235112,Nils,Bakker,,Operations Lead,Delta Pte. Ltd.,nils.b@delta.com,+45 21 26 17 66,Denmark,,new,Sales Qualified Lead,,,Elena Popescu,4/10/2026,,"Manually added by sales after a phone call from a cold outreach list. Very interested, wants pricing call.",,,,
100235113,Omar,Agyemang,,Operations Lead,Li Consulting Freight,omar.agyemang@liconsulting.net,+212 6 76 52 85 34,Morocco,,new,Lead,,,Priya Nair,2025-10-05,,Filled out the form on the homepage. No response yet.,,,,
100235114,Yasmin,Kapoor,,VP Sales,Choi Logistics Partners,y.kapoor@choilogistics.net,+91 85385 50458,India,,opportunity,Sales Qualified Lead,Referrals,,Diego Alvarez,2026-03-08T00:00:00Z,2026-05-13,"Referred by Sarah Patel, warm intro. Great fit, prioritizing.",,,,
100235115,Sigrid,Appiah,,Founder,Toure Consulting Labs,sigrida@toureconsulting.co,+30 696 266 2717,Greece,, Qualified,,Referrals,,Priya Nair,2026-05-12,,"Referred by Chloe Bruno, warm intro. Left voicemail, will retry.",,,,
100235116,Linh,Toure,,,GreenLeaf Inc,linht@greenleaf.io,+971 53 746 6896,UAE,,New,Lead,,,Fatima Rahman,2025-12-11,2026-02-05,"Filled out the form on the homepage. Great fit, prioritizing.",,,,
100235117,Ethan,Joshi,,VP Sales,Cruz & Partners Consulting,ethanj@cruzpartners.net,+880 1839-937836,Bangladesh,,Opportunity,Opportunity,Other Campaigns,,Marcus Wong,2025-10-31,,"Other - walked into our office without an appointment. Left voicemail, will retry.",,,,
100235118,Ines,Reddy,,Operations Lead,Mensah Trading Holdings,ines.reddy@mensahtrading.io,+49 177 3121622,Germany,,Closed Won,Customer,Direct Traffic,,Elena Popescu,2026-05-09,2026-05-14,"Filled out the form on the book-a-demo page. Great fit, prioritizing.",,,,
100235119,Antoine,Hansen,,,Malik Trading,antoine.hansen@malik.biz,+61 438 307 562,Australia,,closed won,Marketing Qualified Lead,Referrals,,Noah Bennett,2025-12-21,2026-03-27,"Referred by Amina Huang, warm intro.",,,,
100235120,Camille,Owusu,,,Malik Pte Ltd,camille.o@malik.io,+1 471 555 0182,United States,, New,Sales Qualified Lead,Referrals,,Marcus Wong,2026-01-29,6/9/2026,"Referred by Natasha Sharma, warm intro.",,,,24
100235121,Elena,Alves,,,Rossi SRL Pte Ltd,elenaa@rossisrl.net,+31 6 6679 7616,Netherlands,,Qualified,,Other Campaigns,,Elena Popescu,9/7/2025,5/27/2026,"Other - walked into our office without an appointment. Very interested, wants pricing call.",,,,
100235122,Ji-woo,Chua,,Operations Lead,Kilat Retail Freight Solutions,j.chua@kilatretail.sg,+971 57 973 1493,UAE,,Connected,Marketing Qualified Lead,Offline Sources,,Elena Popescu,2025-11-05,,"Scanned the QR code at our Retail Asia Expo booth. Very interested, wants pricing call.",,,,
100235123,Priya,Appiah,,,Park Biotech Studio,priya.a@parkbiotech.com.au,+48 552 500 165,Poland,,Opportunity,Opportunity,Referrals,,Fatima Rahman,2026-05-02,,"Referred by Ingrid Mehta, warm intro.",,,,
100235124,Olivia,Seo,,Operations Lead,Tanaka Ventures,olivia.s@tanaka.com,+84 95 630 1180,Vietnam,,CONTACTED,Sales Qualified Lead,,,Noah Bennett,2026-03-20,2026-04-03,Scanned the QR code at our APAC Logistics Summit booth.,,,,
100235125,Liam,Rasmussen,,,Sharma Enterprises Digital,l.rasmussen@sharmaenterprises.co,+65 8556 2048,Singapore,,Closed Won,Opportunity,,,Elena Popescu,1/5/2026,2026-05-30,Filled out the form on the product tour page. Qualifying now.,,,,
100235126,Zara,Becker,,Operations Lead,Al-Farsi Studio,zara.b@al-farsi.biz,+212 6 59 94 33 99,Morocco,,Opportunity,Lead,Organic Search,,Noah Bennett,2025-09-23,2025-12-12,Found us through organic google search then landed on the comparison-vs-hubspot page. Not interested for now.,,,,
100235127,Manon,Zhang,,Founder,Cruz & Partners Ltd,manon.z@cruzpartners.biz,+48 587 863 508,Poland,,Closed Won,Marketing Qualified Lead,,,Noah Bennett,2025-09-20,2025-09-20,Scanned the QR code at our Web Summit 2026 booth. Not interested for now.,,,,
100235128,Omar,Ang,,VP Sales,Martinez Partners,omar.a@martinez.biz,+880 1379-804005,Bangladesh,,Closed Won,Lead,,,Diego Alvarez,2025-11-18,,Found us through organic google search then landed on the pricing page.,,,,
100235129,Omar,Ang,,VP Sales,Martinez Co.,o.ang@martinez.biz,8801379804005,Bangladesh,,Closed Won ,Lead,,,Diego Alvarez,2025-11-18,,Found us through organic google search then landed on the pricing page. possible duplicate — verify before contacting.,,,,
100235130,,,O. Ang,VP Sales,Martinez Inc,o.ang@martinez.biz,+880 1379-804005,Bangladesh,, Closed Won,Lead,,,Diego Alvarez,11/18/2025,2026-01-02,Found us through organic google search then landed on the pricing page.,,,,
100235131,Hassan,Toure,,Founder,Zahra Pte Ltd,hassant@zahra.sg,+65 9317 8516,Singapore,,Contacted,Lead,,,Diego Alvarez,2026-03-08T00:00:00Z,,Filled out the form on the contact page. Qualifying now.,,,,
100235132,Ama,Popescu,,,Bakker Retail Group,amap@bakker.net,+233 21 443 1289,Ghana,,Opportunity,Customer,Organic Search,,Hana Kobayashi,2026-03-15,2026-06-17,Found us through organic google search then landed on the pricing page. Qualifying now.,,,,
100235133,Farid,Wang,,Finance Manager,Ferrari Consulting Studio,faridw@ferrariconsulting.sg,+82 10-5556-6202,South Korea,,Closed Lost,,Referrals,,Priya Nair,2026-05-25,6/7/2026,"Referred by Vikram Aina, warm intro. No response yet.",,,,
100235134,Min-jun,Sim,,,BluePeak Pte Ltd,min-jun.s@bluepeak.com,+62 834-1853-3318,Indonesia,,contacted,Marketing Qualified Lead,Other Campaigns,,Marcus Wong,2025-11-28,2026-06-19,"Other - walked into our office without an appointment. Great fit, prioritizing.",,,,
100235135,Liam,Sun,,Marketing Director,Muller GmbH Solutions,liams@mullergmbh.com,+40 768 271 582,Romania,,qualified,Opportunity,Offline Sources,,Rohan Mehta,2026-04-10,6/10/2026,"Scanned the QR code at our APAC Logistics Summit booth. Connected, sending proposal.",,,,
100235136,Marco,Kim,,Operations Lead,Ho Bros Co.,marco.kim@hobros.com,+55 11 97131-9051,Brazil,,Qualified,Opportunity,Referrals,,Noah Bennett,3/11/2026,2026-04-19,"Referred by Linh Meyer, warm intro.",,,,
100235137,Bashir,Patel,,,Li Consulting Trading Co,b.patel@liconsulting.biz,+44 7944 136183,United Kingdom,,Closed Won,Sales Qualified Lead,Other Campaigns,,Priya Nair ,11/15/2025,2026-03-11T00:00:00Z,"Other - walked into our office without an appointment. Connected, sending proposal.",,,,
100235138,Natasha,Pereira,,,Rossi SRL Trading Co,natasha.p@rossisrl.io,+33 6 98 48 74 78,France,, Closed Lost,Opportunity,Offline Sources,,Elena Popescu,2/5/2026,,"Scanned the QR code at our Mobile World Congress booth. Connected, sending proposal.",,,,
100235139,Natasha,Pereira,,,Rossi SRL Trading Partners,natashapereira@rossisrl.io,+33 6 98 48 74 78,France,, Closed Lost,Opportunity,Offline Sources,,Elena Popescu,2026-02-05,,"Scanned the QR code at our Mobile World Congress booth. Connected, sending proposal.",,,,
100235140,Ava,Ong,,,Foster Analytics,a.ong@foster.io,+33 6 62 66 90 89,France,,NEW,,Offline Sources,,Wei Chen,10/11/2025,,Scanned the QR code at our Money20/20 Asia booth. Qualifying now.,,,,
100235141,Priscilla,Kang,,Operations Lead,Ang Analytics Pte Ltd,priscillak@anganalytics.sg,+234 808 875 6521,Nigeria,, Opportunity,Opportunity,Other Campaigns,,Grace Osei,2026-03-09,4/21/2026,Other - walked into our office without an appointment. No response yet.,,,,
100235142,Elena,Aina,,Founder,Kang Holdings Ventures,e.aina@kangholdings.co,+351 94 733 8785,Portugal,,Opportunity,Opportunity,,,Fatima Rahman,2025-09-02,2026-02-13T00:00:00Z,"Met her at the Retail Asia Expo booth, scanned our QR code. No response yet.",,,,
100235143,Omar,Diop,,,Martinez Co.,o.diop@martinez.biz,+52 55 9267 1520,Mexico,,Contacted,Opportunity,Other Campaigns,,Marcus Wong,2026-02-02,2026-06-01,"Met at the booth during Dubai FinTech Week, said they'd follow up over email. Great fit, prioritizing.",,,,
100235144,Kwame,Gupta,,VP Sales,Lau and Co,kwame.g@lau.biz,+81 74-9757-9060,Japan,,new,,,,Grace Osei,2025-12-24,,"Scanned the QR code at our Retail Asia Expo booth. Very interested, wants pricing call.",,,,
100235145,Valentina,Papadopoulos,,,Park Biotech Inc.,valentinap@parkbiotech.net,+48 647 854 101,Poland,,connected,Lead,Other Campaigns,,Elena Popescu,2026-06-02,2026-06-14,Other - reached out via our general info@ inbox. No response yet.,,,,
100235146,Camille,Ricci,,Finance Manager,Ho Bros Group,camille.ricci@hobros.io,+45 24 74 98 25,Denmark,,Connected,,,,Elena Popescu,2026-05-03,2026-05-16T00:00:00Z,Saw our post about replacing hubspot and commented.,,,,
100235147,Ngozi,Iyer,,VP Sales,Lindqvist AB Freight,n.iyer@lindqvistab.net,+60 19-501 6528,Malaysia,,Qualified,Other,,,Hana Kobayashi,2/26/2026,4/17/2026,"Scanned the QR code at our TechCrunch Disrupt booth. Left voicemail, will retry.",,,,
100235148,Elena,Bianchi,,Finance Manager,Huang Analytics Group,e.bianchi@huanganalytics.io,+61 435 852 766,Australia,,NEW,Sales Qualified Lead,Offline Sources,,Elena Popescu,10/23/2025,2026-05-30T00:00:00Z,"Met at the booth during APAC Logistics Summit, said they'd follow up over email.",,,,
100235149,Grace,Zahra,,,Wong Legal Solutions,g.zahra@wonglegal.co,+48 698 808 914,Poland,,Closed Lost,Other,,,Marcus Wong,2026-04-26,,Booked a demo via the book-a-demo page after clicking a google ad. No response yet.,,,,
100235150,Anjali,Al-Farsi,,,Owusu Freight Co,anjali.a@owusufreight.sg,+7 948 685 26 22,Russia,,Connected,Lead,,,Rohan Mehta,2025-12-04,2026-06-01T00:00:00Z,He scanned our QR code at the London Tech Week booth. Not interested for now.,,,,
100235151,Layla,Tan,,Operations Lead,Kim Trading Holdings,layla.tan@kimtrading.com,+82 10-4378-3641,South Korea,,new,Customer,,,Diego Alvarez,2025-09-18T00:00:00Z,2025-09-18,Scanned the QR code at our TechCrunch Disrupt booth.,,,,
100235152,Francesca,Mensah,,Operations Lead,Ang Analytics Consulting,f.mensah@anganalytics.com.au,+86 130 4884 1601,China,,Contacted,Marketing Qualified Lead,Referrals,,Diego Alvarez,2025-12-20,5/23/2026,"Referred by Yasmin Gupta, warm intro. Qualifying now.",,,,52
100235153,Olivia,Koh,,Head of Growth,Han Imports and Co,o.koh@hanimports.biz,+351 95 773 9379,Portugal,,Opportunity,Marketing Qualified Lead,Social Media,,Noah Bennett,11/18/2025,2026-06-07,Connected on LinkedIn after commenting on our post.,,,,
100235154,Elijah,Sharma,,Head of Growth,Acme Trading,elijah.s@acme.io,+86 131 3879 9625,China,,closed lost,Sales Qualified Lead,,,Elena Popescu,2026-05-09,5/9/2026,"Booked a demo via the book-a-demo page after clicking a google ad. Great fit, prioritizing.",,,,
100235155,Adaeze,Andersen,,,Jung Studio and Co,a.andersen@jungstudio.com,+82 10-3337-7206,South Korea,,Opportunity,Other,,,Diego Alvarez,2025-09-28T00:00:00Z,4/5/2026,Manually added by sales after a phone call from a cold outreach list. Not interested for now.,,,,
100235156,Rachel,Joshi,,VP Sales,Sayed Trading Holdings,rachel.joshi@sayedtrading.net,+66 6 4932 2534,Thailand,,Contacted,Customer,Other Campaigns,,Priya Nair,10/14/2025,2026-03-04,"Other - walked into our office without an appointment. Very interested, wants pricing call.",,,,
100235157,,,Rachel Joshi,VP Sales,Sayed Trading Robotics,rachel.joshi@sayedtrading.net,+66 6 4932 2534,Thailand,,Contacted,Customer,Other Campaigns,,Priya Nair,10/14/2025,2026-03-04,"Other - walked into our office without an appointment. Very interested, wants pricing call.",,,,
100235158,Rachel,Joshi,,VP Sales,Sayed Trading Co,r.joshi@sayedtrading.net,66649322534,Thailand,, Contacted,Customer,Other Campaigns,,Priya Nair,2025-10-14,,"Other - walked into our office without an appointment. Very interested, wants pricing call. possible duplicate — verify before contacting.",,,,
100235159,Karim,Ferreira,,Marketing Director,Toure Consulting Inc,karimf@toureconsulting.co,+233 24 371 4490,Ghana,,NEW,Other,Other Campaigns,,Elena Popescu,2026-03-21,,Other - walked into our office without an appointment. Not interested for now.,,,,
100235160,Femi,Diallo,,,Acme Trading Co,f.diallo@acme.sg,+66 7 7729 3029,Thailand,,Qualified,Lead,,,Wei Chen,2026-01-07,,"Booked a demo via the book-a-demo page after clicking a google ad. Very interested, wants pricing call.",,,,
100235161,Sophia,Diallo,,Operations Lead,Acme Trading Co,sophia.d@acme.sg,+39 397 132 3626,Italy,,Closed Lost,Marketing Qualified Lead,Social Media,,Hana Kobayashi,2026-01-15,2026-01-15,Linkedin dm inbound asking about pricing. No response yet.,,,,
100235162,Nadia,Sato,,Operations Lead,Chen Digital Holdings,nadia.sato@chendigital.sg,+7 971 396 46 72,Russia,,New,,Other Campaigns,,Noah Bennett,2026-01-05,,"Met at the booth during TechCrunch Disrupt, said they'd follow up over email. Left voicemail, will retry.",,,,
100235163,Ibrahim,Oh,,Operations Lead,Sato Trading,ibrahimo@sato.com,+852 6536 1289,Hong Kong,,Opportunity,Marketing Qualified Lead,Other Campaigns,,Marcus Wong,2025-09-27,2026-03-02,Manually added by sales after a phone call from a cold outreach list. No response yet.,,,,
100235164,Camille,Sim,,,Nimbus Pte. Ltd.,camilles@nimbus.biz,+61 446 583 386,Australia,,Opportunity,Lead,,,Noah Bennett,2025-12-04,4/8/2026,Booked a demo via the book-a-demo page after clicking a google ad.,,,,
100235165,Nadia,Sharma,,Founder,Osei Trading,nadia.sharma@osei.com,+82 10-2971-1672,South Korea,,Opportunity,Other,,,Fatima Rahman,2025-12-08,2026-01-02,"He scanned our QR code at the London Tech Week booth. Connected, sending proposal.",,,,
100235166,Hui Fang,Sow,,Marketing Director,BluePeak Freight Solutions,huifang.s@bluepeak.com,+62 871-7864-9581,Indonesia,,Opportunity ,,Other Campaigns,,Priya Nair,2025-11-25T00:00:00Z,2026-05-22,Other - reached out via our general info@ inbox.,,,,44
100235167,Ama,Fischer,,Head of Growth,Kang Holdings Co.,ama.fischer@kangholdings.io,+880 1885-328387,Bangladesh,,opportunity,Other,,,Priya Nair,2026-05-21,,"Manual - added after inbound phone call. Left voicemail, will retry.",,,,
100235168,Carlos,Sun,,Marketing Director,Schmidt AG Pte. Ltd.,c.sun@schmidtag.biz,+61 478 218 101,Australia,,Closed Lost,Sales Qualified Lead,Direct Traffic,,Elena Popescu ,2026-03-08,2026-06-06,"Filled out the form on the comparison-vs-hubspot page. Very interested, wants pricing call.",,,,
100235169,Hassan,Sun,,,Schmidt AG Pte. Ltd.,hassan.s@schmidtag.biz,+971 53 432 5403,UAE,,Contacted,Customer,Other Campaigns,,Noah Bennett,2025-11-19,5/24/2026,Manual - added after inbound phone call. Not interested for now.,,,,
100235170,Ryan,Kapoor,,,Saigon Co,ryan.k@saigon.net,+852 5246 2180,Hong Kong,,Qualified,Marketing Qualified Lead,Social Media,,Hana Kobayashi,3/26/2026,,Saw our post about replacing hubspot and commented. Qualifying now.,,,,
100235171,Noah,Kumar,,VP Sales,Mensah Trading Pte Ltd,noah.kumar@mensahtrading.net,+54 9 11 6544-2392,Argentina,,CONTACTED,Marketing Qualified Lead,Organic Search,,Hana Kobayashi,2026-06-16,2026-06-17,Found us through organic google search then landed on the product tour page.,,,,
100235172,Elijah,Aina,,Finance Manager,Lau Trading,elijaha@lau.io,+31 6 4700 7303,Netherlands,,Closed Lost,Other,Organic Search,,Marcus Wong,5/10/2026,,Googled us and ended up on the comparison-vs-hubspot page before booking a demo. Qualifying now.,,,,
100235173,Zainab,Nair,,Finance Manager,Weber Analytics Freight,zainabn@weberanalytics.co,+34 623 377 611,Spain,,Closed Lost,Sales Qualified Lead,Other Campaigns,,Diego Alvarez,10/10/2025,,Other - walked into our office without an appointment.,,,,
100235174,Sarah,Wong,,Operations Lead,Zahra Inc.,sarah.w@zahra.io,+34 650 606 534,Spain,,Qualified,Other,Other Campaigns,,Noah Bennett,2026-02-18,,"Other - walked into our office without an appointment. Very interested, wants pricing call.",,,,
100235175,Mia,Lau,,VP Sales,Wong Legal Pte Ltd,mia.lau@wonglegal.io,+351 95 585 3188,Portugal,,new,Lead,,,Grace Osei,2026-03-04,,Filled out the form on the comparison-vs-hubspot page.,,,,
100235176,Kofi,Aina,,Operations Lead,Huang Analytics Trading Co,kofi.aina@huanganalytics.co,+86 139 2208 8812,China,,Closed Won,Customer,Offline Sources,,Wei Chen,9/16/2025,2025-09-16,"Met at the booth during SaaStr Annual, said they'd follow up over email. Qualifying now.",,,,
100235177,David,Verma,,Head of Growth,Sato Pte. Ltd.,david.verma@sato.biz,+92 380 3690206,Pakistan,,New,Opportunity,,,Noah Bennett,2026-04-21,2026-06-13,Found us through organic google search then landed on the comparison-vs-hubspot page.,,,,
100235178,Benjamin,Bruno,,Head of Growth,Goh Digital Retail Group,benjamin.b@gohdigital.biz,+48 542 155 922,Poland,,connected,Other,Offline Sources,,Noah Bennett ,2025-12-09T00:00:00Z,,"Scanned the QR code at our Mobile World Congress booth. Left voicemail, will retry.",,,,
100235179,Rania,Xu,,,Lumen Labs,rania.xu@lumen.com.au,+233 20 149 6154,Ghana,,New ,Sales Qualified Lead,,,Priya Nair,2026-03-02,2026-04-21,Linkedin dm inbound asking about pricing. No response yet.,,,,
100235180,Farid,Rao,,,Saigon Freight,farid.rao@saigon.sg,+66 7 4533 3307,Thailand,,Closed Won,Other,Other Campaigns,,Wei Chen,2026-05-15T00:00:00Z,2026-06-17,Other - reached out via our general info@ inbox. Not interested for now.,,,,
100235181,Benjamin,Chen,,Marketing Director,Park Biotech Solutions,benjamin.chen@parkbiotech.com,+91 95110 50572,India,,opportunity,,Organic Search,,Marcus Wong,2026-05-14,2026-05-14,"Found us through organic google search then landed on the comparison-vs-hubspot page. Connected, sending proposal.",,,,
100235182,Elena,Bakker,,Founder,Costa Trading Solutions,elenab@costatrading.com,+31 6 7568 7701,Netherlands,,Closed Won,Customer,,,Wei Chen,4/14/2026,2026-05-24,"Booked a demo via the book-a-demo page after clicking a google ad. Great fit, prioritizing.",,,,
100235183,Charlotte,Bakker,,,Costa Trading Solutions,charlotte.b@costatrading.com,+1 597 555 0159,United States,,closed lost,Lead,Direct Traffic,,Grace Osei,2026-04-27,2026-05-31,Filled out the form on the product tour page.,,,,
100235184,Giulia,Papadopoulos,,,Malik Pte. Ltd.,g.papadopoulos@malik.com.au,+233 22 755 4497,Ghana,,Connected,Customer,,,Priya Nair,2026-03-14,,"Filled out the form on the contact page. Left voicemail, will retry.",,,,
100235185,Natasha,Iyer,,,Schmidt AG Digital,natasha.i@schmidtag.net,+52 55 4507 5250,Mexico,,Contacted,,,,Priya Nair,2025-10-18,2026-02-04,Booked a demo via the book-a-demo page after clicking a google ad.,,,,
100235186,Siti,Kim,,,Lumen Freight,s.kim@lumen.com.au,+45 25 11 29 68,Denmark,,Contacted,Opportunity,Social Media,,Grace Osei,10/29/2025,,Saw our post about replacing hubspot and commented. Not interested for now.,,,,
100235187,Kofi,Yoon,,Operations Lead,Kowalski Co.,kofi.yoon@kowalski.biz,+351 93 116 5947,Portugal,,CONNECTED,Customer,,,Marcus Wong,2026-05-14,,"Linkedin dm inbound asking about pricing. Great fit, prioritizing.",,,,
100235188,Abena,Singh,,Marketing Director,Toure Consulting Freight Solutions,abena.s@toureconsulting.biz,+31 6 2625 2435,Netherlands,,Closed Won,,Other Campaigns,,Marcus Wong,2025-10-16,2026-03-22,Other - walked into our office without an appointment. Not interested for now.,,,,
100235189,Abena,Papadopoulos,,,Foster Solutions,abenap@foster.com,+212 6 62 92 60 10,Morocco,,Connected,,Organic Search,,Fatima Rahman,5/18/2026,2026-06-03,"Found us through organic google search then landed on the contact page. Very interested, wants pricing call.",,,,39
100235190,Ngozi,Yap,,Operations Lead,Yoon Retail Trading,ngozi.yap@yoonretail.net,+7 926 751 59 32,Russia,,qualified,Sales Qualified Lead,Other Campaigns,,Rohan Mehta,2025-11-21T00:00:00Z,,Manually added by sales after a phone call from a cold outreach list. Qualifying now.,,,,
100235191,Ngozi,Yap,,Operations Lead,Yoon Retail Freight,n.yap@yoonretail.net,79267515932,Russia,,QUALIFIED,Sales Qualified Lead,Other Campaigns,,Rohan Mehta,11/21/2025,,Manually added by sales after a phone call from a cold outreach list. Qualifying now.,,,,
100235192,Yasmin,Ong,,Marketing Director,Wong Legal & Co,y.ong@wonglegal.co,+54 9 11 5018-7194,Argentina,,closed won,Sales Qualified Lead,Offline Sources,,Priya Nair,2026-01-19,2026-01-19T00:00:00Z,"Met at the booth during Singapore FinTech Festival 2026, said they'd follow up over email. Not interested for now.",,,,
100235193,Ryan,Wagner,,Finance Manager,Lumen Retail Group,r.wagner@lumen.com,+30 697 421 8387,Greece,,Closed Won,Marketing Qualified Lead,Offline Sources,,Wei Chen,1/31/2026,2026-01-31,"Met at the booth during Mobile World Congress, said they'd follow up over email. No response yet.",,,,
100235194,,,R. Wagner,Finance Manager,Lumen Retail Partners,r.wagner@lumen.com,306974218387,Greece,,CLOSED WON,Marketing Qualified Lead,Offline Sources,,Wei Chen,1/31/2026,,"Met at the booth during Mobile World Congress, said they'd follow up over email. No response yet.",,,,
100235195,Kevin,Adjei,,,Sharma Enterprises Retail Group,kevin.a@sharmaenterprises.co,+234 807 624 7552,Nigeria,,Contacted,Sales Qualified Lead,,,Wei Chen,12/11/2025,6/12/2026,Found us through organic google search then landed on the contact page.,,,,
100235196,Ahmed,Ba,,,Weber Analytics Ltd,a.ba@weberanalytics.sg,+63 975 359 7714,Philippines,,Connected,Customer,Offline Sources,,Rohan Mehta,2026-02-28,,"Spoke with them at our Retail Asia Expo booth, no QR scan logged. No response yet.",,,,67
100235197,Min-jun,Seo,,,Park Biotech Trading,m.seo@parkbiotech.co,+52 55 4562 2686,Mexico,,Opportunity,Sales Qualified Lead,,,Elena Popescu,2025-10-09,,Linkedin dm inbound asking about pricing. No response yet.,,,,
100235198,Kwame,Wang,,Finance Manager,Choi Logistics Group,kwame.wang@choilogistics.com,+212 6 46 26 61 14,Morocco,,Opportunity,Customer,,,Priya Nair,2/20/2026,2/28/2026,"Linkedin dm inbound asking about pricing. Connected, sending proposal.",,,,
100235199,Fatima,Ba,,Head of Growth,Larsen AS Inc,f.ba@larsenas.com,+84 90 242 2722,Vietnam,,CONNECTED,,Other Campaigns,,Noah Bennett,2025-12-25,2/11/2026,Manual - added after inbound phone call.,,,,
100235200,Elena,Marino,,Head of Growth,Sato Holdings,e.marino@sato.net,+30 698 784 3004,Greece,,Opportunity,Customer,Organic Search,,Fatima Rahman,5/3/2026,5/20/2026,"Found us through organic google search then landed on the product tour page. Connected, sending proposal.",,,,
100235201,Elena,Marino,,Head of Growth,Sato Co.,elena.marino@sato.net,+30 698 784 3004,Greece,,Opportunity,Customer,Organic Search,,Fatima Rahman,5/3/2026,2026-05-20,"Found us through organic google search then landed on the product tour page. Connected, sending proposal. possible duplicate — verify before contacting.",,,,
100235202,Sven,Chen,,,Toure Consulting Inc,s.chen@toureconsulting.io,+351 94 563 9412,Portugal,,Contacted,,,,Noah Bennett,2025-12-06T00:00:00Z,,Saw our post about replacing hubspot and commented. Qualifying now.,,,,
100235203,Sven,Chen,,,Toure Consulting Solutions,svenc@toureconsulting.io,351945639412,Portugal,,Contacted ,,,,Noah Bennett,2025-12-06,2025-12-06,Saw our post about replacing hubspot and commented. Qualifying now.,,,,
100235204,Abena,Schulz,,,Ivanova Co.,a.schulz@ivanova.sg,+49 166 9281506,Germany,,Opportunity,Opportunity,,,Marcus Wong,2025-09-26,2025-11-21,"Found us through organic google search then landed on the pricing page. Left voicemail, will retry.",,,,
100235205,Antoine,Choi,,Finance Manager,Koh & Sons Co.,antoinec@kohsons.co,+31 6 1050 2544,Netherlands,,CONTACTED,Customer,Organic Search,,Elena Popescu,2026-05-03,,Found us through organic google search then landed on the case study page.,,,,
100235206,Siti,Diallo,,,Costa Trading Labs,siti.d@costatrading.com,+44 7941 214699,United Kingdom,,New,,Direct Traffic,,Priya Nair,2026-06-18T00:00:00Z,2026-06-19,Filled out the form on the homepage.,,,,
100235207,Ahmed,Diallo,,,Costa Trading Labs,ahmed.d@costatrading.com,+81 78-9508-1339,Japan,,Contacted,Opportunity,Organic Search,,Fatima Rahman,11/12/2025,2025-11-19,Googled us and ended up on the contact page before booking a demo.,,,,
100235208,Tiago,Yeo,,,Bennett Freight,tiagoy@bennett.co,+40 795 527 382,Romania,,Connected,Marketing Qualified Lead,,,Priya Nair,2026-05-25,6/13/2026,"He scanned our QR code at the Dubai FinTech Week booth. Connected, sending proposal.",,,,
100235209,Vikram,Ho,,Head of Growth,Owusu Freight Pte Ltd,vikram.ho@owusufreight.sg,+61 446 945 707,Australia,,New,Lead,Paid Search,,Hana Kobayashi,2026-02-04T00:00:00Z,2026-02-04T00:00:00Z,Booked a demo via the book-a-demo page after clicking a google ad.,,,,
100235210,Sophia,Rossi,,Marketing Director,Choi Logistics Ltd,s.rossi@choilogistics.co,+63 970 463 5075,Philippines,,Closed Won,Other,,,Noah Bennett,4/5/2026,2026-04-17,Filled out the form on the comparison-vs-hubspot page.,,,,
100235211,Meera,Greco,,VP Sales,Yap Ventures Trading,meera.g@yapventures.net,+86 132 9627 8240,China,,CLOSED LOST,Sales Qualified Lead,,,Rohan Mehta,3/3/2026,2026-04-26,Linkedin dm inbound asking about pricing.,,,,73
100235212,Suresh,Sato,,,Verma Consulting Trading,suresh.s@vermaconsulting.io,+65 9926 9487,Singapore,,Qualified,,,,Priya Nair,2025-10-14,2025-10-14,Filled out the form on the book-a-demo page. Qualifying now.,,,,
100235213,Rui,Johnson,,VP Sales,Park Biotech Solutions,r.johnson@parkbiotech.io,+91 79859 92344,India,,Connected,Other,,,Priya Nair,2026-05-07,,"Met her at the Singapore FinTech Festival 2026 booth, scanned our QR code.",,,,
100235214,Rui,Johnson,,VP Sales,Park Biotech Co,r.johnson@parkbiotech.io,+91 79859 92344,India,,Connected,Other,,,Priya Nair,5/7/2026,5/19/2026,"Met her at the Singapore FinTech Festival 2026 booth, scanned our QR code.",,,,
100235215,Rania,Lim,,Operations Lead,Sim Robotics Freight Solutions,r.lim@simrobotics.com.au,+233 27 396 5742,Ghana,,closed lost,Lead,Paid Search,,Elena Popescu,2026-05-11,2026-05-28,Booked a demo via the book-a-demo page after clicking a google ad. Not interested for now.,,,,
100235216,Astrid,Cruz,,,Rossi SRL Consulting,astrid.c@rossisrl.io,+212 6 45 11 30 55,Morocco,, Opportunity,,Social Media,,Rohan Mehta,12/17/2025,6/15/2026,Saw our post about replacing hubspot and commented.,,,,
100235217,Chiara,Fall,,,Santos Ltda Studio,c.fall@santosltda.biz,+55 11 99608-5247,Brazil,,Contacted,Other,Social Media,,Grace Osei,2/26/2026,6/12/2026,Connected on LinkedIn after commenting on our post.,,,,
100235218,Zara,Diop,,VP Sales,Verma Consulting Trading Co,zara.diop@vermaconsulting.com,+33 6 24 14 19 66,France,,Closed Won ,Sales Qualified Lead,Offline Sources,,Elena Popescu,2025-09-16,,Scanned the QR code at our Dubai FinTech Week booth. Qualifying now.,,,,
100235219,Mateo,Lau,,,Choi Logistics Retail Group,mateo.lau@choilogistics.biz,+61 414 929 243,Australia,, New,Sales Qualified Lead,,,Noah Bennett,6/18/2026,,"Booked a demo via the book-a-demo page after clicking a google ad. Left voicemail, will retry.",,,,
100235220,Mateo,Lau,,,Choi Logistics Retail Trading Co,mateo.lau@choilogistics.biz,61414929243,Australia,,NEW,Sales Qualified Lead,,,Noah Bennett,2026-06-18,2026-06-18,"Booked a demo via the book-a-demo page after clicking a google ad. Left voicemail, will retry. possible duplicate — verify before contacting.",,,,
100235221,Salma,Kone,,,Huang Analytics Ltd,s.kone@huanganalytics.net,+31 6 2225 9755,Netherlands,, Opportunity,Marketing Qualified Lead,,,Rohan Mehta,2026-05-15,5/18/2026,"Referred by Yuki Larsen, warm intro.",,,,
100235222,Arjun,Wang,,VP Sales,Teo Consulting Labs,arjun.wang@teoconsulting.com.au,+34 619 526 712,Spain,,Closed Lost,Customer,Organic Search,,Marcus Wong,2026-06-10T00:00:00Z,,Found us through organic google search then landed on the pricing page. Not interested for now.,,,,
100235223,Sophia,Rodrigues,,,Kang Holdings Trading,sophia.rodrigues@kangholdings.biz,+233 20 496 7180,Ghana,,closed lost,Marketing Qualified Lead,,,Noah Bennett,2026-04-07,4/21/2026,Saw our post about replacing hubspot and commented. No response yet.,,,,
100235224,Wei,Kumar,,Operations Lead,Schmidt AG & Co,wei.kumar@schmidtag.net,+62 817-3076-8185,Indonesia,,CONTACTED,Sales Qualified Lead,Other Campaigns,,Priya Nair,2026-02-08,4/11/2026,Other - walked into our office without an appointment. Qualifying now.,,,,
100235225,Mia,Bianchi,,Founder,Sharma Enterprises Consulting,miab@sharmaenterprises.net,+44 7969 380531,United Kingdom,,CONNECTED,Other,,,Rohan Mehta,2026-05-16,2026-05-16,Booked a demo via the book-a-demo page after clicking a google ad. Qualifying now.,,,,
100235226,Noah,Hossain,,Operations Lead,Lindqvist AB Freight Solutions,noah.h@lindqvistab.sg,+81 70-9174-1553,Japan,,connected,Sales Qualified Lead,,,Elena Popescu,2026-03-16,,Scanned the QR code at our Mobile World Congress booth.,,,,
100235227,Jun Wei,Aina,,Founder,Rossi SRL Robotics,junweia@rossisrl.co,+61 413 449 843,Australia,,Closed Won,Customer,,,Noah Bennett,2026-04-07T00:00:00Z,2026-04-14T00:00:00Z,"Filled out the form on the contact page. Great fit, prioritizing.",,,,
100235228,Rohan,Sharma,,,Delta & Co,rohans@delta.net,+39 376 504 1632,italy,,OPPORTUNITY,Sales Qualified Lead,,,Grace Osei,2026-01-16,1/19/2026,"He scanned our QR code at the Mobile World Congress booth. Connected, sending proposal.",,,,
100235229,Natasha,Sharma,,,Weber Analytics Partners,natasha.sharma@weberanalytics.co,+971 52 364 5524,UAE,,Connected,,Offline Sources,,Hana Kobayashi,11/5/2025,,"Met at the booth during Mobile World Congress, said they'd follow up over email.",,,,
100235230,Hana,Bakar,,Head of Growth,Chen Digital Consulting,hana.bakar@chendigital.com.au,+44 7879 214466,United Kingdom,,New,Customer,Organic Search,,Hana Kobayashi,2025-10-28,2025-12-27,"Googled us and ended up on the case study page before booking a demo. Very interested, wants pricing call.",,,,
100235231,Wei Chen,Ndiaye,,,Nimbus Inc.,weichen.ndiaye@nimbus.com.au,+86 139 4464 6129,China,,Opportunity,Other,Direct Traffic,,Rohan Mehta,2026-02-24T00:00:00Z,4/13/2026,"Filled out the form on the pricing page. Very interested, wants pricing call.",,,,
100235232,Catarina,Sato,,Operations Lead,Kang Holdings Freight,catarina.s@kangholdings.com.au,+45 24 34 83 47,Denmark,,Contacted,Sales Qualified Lead,Direct Traffic,,Fatima Rahman,3/5/2026,2026-04-14,Filled out the form on the book-a-demo page. Not interested for now.,,,,
100235233,Tom,Martins,,,Al-Farsi Trading Co,t.martins@al-farsi.biz,+33 6 46 53 50 25,France,,New,Opportunity,,,Noah Bennett,5/17/2026,,"Referred by Sophia Sim, warm intro.",,,,
100235234,Tom,Martins,,,Al-Farsi Trading Analytics,t.martins@al-farsi.biz,+33 6 46 53 50 25,France,,New,Opportunity,,,Noah Bennett,2026-05-17,6/17/2026,"Referred by Sophia Sim, warm intro. possible duplicate — verify before contacting.",,,,
100235235,Wei Ming,Tanaka,,Marketing Director,Adeyemi Logistics Pte. Ltd.,weimingt@adeyemilogistics.com,+971 56 745 8368,UAE,,Closed Lost,,Other Campaigns,,Noah Bennett,2026-01-27,2026-03-02,Manually added by sales after a phone call from a cold outreach list.,,,,
100235236,Antoine,Frimpong,,VP Sales,Nimbus Ventures,antoine.f@nimbus.com.au,+31 6 6288 7292,Netherlands,, Connected,,Other Campaigns,,Wei Chen,2025-11-13,2025-11-13,"Other - walked into our office without an appointment. Very interested, wants pricing call.",,,,
100235237,Kenji,Tanaka,,Marketing Director,Ferrari Consulting Freight,k.tanaka@ferrariconsulting.co,+86 133 9334 3766,China,,NEW,Customer,Offline Sources,,Priya Nair,2026-06-04T00:00:00Z,2026-06-10T00:00:00Z,"Scanned the QR code at our Singapore FinTech Festival 2026 booth. Connected, sending proposal.",,,,
100235238,Kenji,Tanaka,,Marketing Director,Ferrari Consulting Solutions,kenjit@ferrariconsulting.co,8613393343766,China,,New,Customer,Offline Sources,,Priya Nair,6/4/2026,2026-06-10,"Scanned the QR code at our Singapore FinTech Festival 2026 booth. Connected, sending proposal. possible duplicate — verify before contacting.",,,,
100235239,So-young,Sharma,,Founder,Cruz & Partners Analytics,so-young.sharma@cruzpartners.com.au,+45 20 65 22 76,Denmark,,Connected,Marketing Qualified Lead,Organic Search,,Rohan Mehta,2025-09-19,2025-09-23T00:00:00Z,"Found us through organic google search then landed on the contact page. Connected, sending proposal.",,,,
100235240,Jonathan,Ferrari,,,Mekong Partners,j.ferrari@mekong.com.au,+92 300 8015549,Pakistan,,Closed Lost,Sales Qualified Lead,Referrals,,Elena Popescu,3/14/2026,2026-04-13,"Referred by Chiara Gomes, warm intro. Connected, sending proposal.",,,,
100235241,Vikram,Hoffmann,,,Costa Trading Holdings,vikram.h@costatrading.io,+81 75-8614-6224,Japan,,Closed Lost,Lead,,,Grace Osei,2026-03-23,2026-05-23,"Filled out the form on the product tour page. Left voicemail, will retry.",,,,
100235242,Astrid,Schulz,,Marketing Director,Johnson Pte. Ltd.,astrid.s@johnson.co,+1 547 555 0181,United States,,CLOSED WON,Lead,Direct Traffic,,Diego Alvarez,4/18/2026,,Filled out the form on the blog post on lead scoring. Qualifying now.,,,,
100235243,Sofia,Dubois,,,Ang Analytics Consulting,s.dubois@anganalytics.com.au,+880 1848-514739,Bangladesh,,Closed Won,Other,Organic Search,,Fatima Rahman,2026-01-27,2026-05-02,Found us through organic google search then landed on the blog post on lead scoring.,,,,
100235244,Grace,Sun,,Operations Lead,Verma Consulting Trading,grace.s@vermaconsulting.biz,+82 10-5423-2391,South Korea,, New,Lead,Direct Traffic,,Rohan Mehta,2026-04-01,,Filled out the form on the homepage. Qualifying now.,,,,
100235245,Aiko,Larsen,,VP Sales,Popescu Trading Co,a.larsen@popescu.com,+30 699 385 8919,Greece,,Connected,Other,Other Campaigns,,Rohan Mehta ,5/18/2026,2026-05-19,Other - reached out via our general info@ inbox. No response yet.,,,,
100235246,,,A. Larsen,VP Sales,Popescu Trading Inc.,aiko.larsen@popescu.com,306993858919,Greece,,connected,Other,Other Campaigns,,Rohan Mehta,5/18/2026,5/19/2026,Other - reached out via our general info@ inbox. No response yet.,,,,
100235247,Antoine,Yang,,Founder,Sayed Trading Analytics,a.yang@sayedtrading.co,+63 951 805 7660,Philippines,,Closed Won,Lead,,,Diego Alvarez,2025-12-17,2026-04-21,"Referred by Ji-woo Wang, warm intro. Not interested for now.",,,,
100235248,Fatima,Teo,,VP Sales,Foster Inc,fatima.t@foster.com,+234 803 741 9594,Nigeria,,Qualified,Marketing Qualified Lead,,,Rohan Mehta,2026-04-03,5/10/2026,"He scanned our QR code at the TechCrunch Disrupt booth. Connected, sending proposal.",,,,
100235249,Salma,Larsen,,,Cruz & Partners Holdings,s.larsen@cruzpartners.biz,+880 1836-849817,Bangladesh,, Closed Won,Opportunity,,,Priya Nair,2026-02-10,,"Connected on LinkedIn after commenting on our post. Left voicemail, will retry.",,,,
100235250,Elijah,Nkrumah,,Head of Growth,Han Imports Co.,elijahn@hanimports.co,+7 984 846 49 57,Russia,,OPPORTUNITY,,,,Noah Bennett,1/9/2026,3/1/2026,"Met her at the Web Summit 2026 booth, scanned our QR code. Left voicemail, will retry.",,,,
100235251,Giulia,Jung,,Founder,Saigon & Co,giulia.jung@saigon.io,+91 74696 31603,India,, Qualified,,Other Campaigns,,Priya Nair,2026-02-13,2/13/2026,"Other - walked into our office without an appointment. Great fit, prioritizing.",,,,
100235252,Beatriz,Owusu,,Operations Lead,Chua Textiles Studio,b.owusu@chuatextiles.net,+880 1948-974098,Bangladesh,,Connected,Other,Other Campaigns,,Wei Chen,4/12/2026,2026-06-13,"Manual - added after inbound phone call. Great fit, prioritizing.",,,,
100235253,Valentina,Sy,,,Popescu Analytics,v.sy@popescu.com,+971 55 638 4193,UAE,,new,Customer,,,Diego Alvarez,2026-02-16,2026-02-16,"Booked a demo via the book-a-demo page after clicking a google ad. Great fit, prioritizing.",,,,
100235254,Thanh,Larsen,,,Adeyemi Logistics Retail Group,thanh.l@adeyemilogistics.sg,+92 370 2742939,Pakistan,,New,Sales Qualified Lead,Direct Traffic,,Priya Nair,2025-11-18T00:00:00Z,1/2/2026,"Filled out the form on the homepage. Very interested, wants pricing call.",,,,27
100235255,Seo-yeon,Lim,,,Rossi SRL Labs,seo-yeonl@rossisrl.biz,+52 55 1232 7605,Mexico,,Qualified,,Offline Sources,,Priya Nair,10/4/2025,2026-06-17,"Met at the booth during TechCrunch Disrupt, said they'd follow up over email. Not interested for now.",,,,
100235256,Xiu Ying,Bruno,,Founder,Park Biotech Freight Solutions,xiuying.b@parkbiotech.com,+66 6 2483 3990,Thailand,,closed lost,Lead,Direct Traffic,,Wei Chen,2/10/2026,2026-02-15,Filled out the form on the pricing page. No response yet.,,,,
100235257,Haruto,Sy,,VP Sales,Huang Analytics Co,h.sy@huanganalytics.co,+45 26 38 34 44,Denmark,,Contacted,Marketing Qualified Lead,,,Diego Alvarez,1/11/2026,2026-03-19,He scanned our QR code at the Retail Asia Expo booth. No response yet.,,,,
100235258,Hui Fang,Verma,,Finance Manager,Osei Freight Solutions,huifangv@osei.com.au,+66 7 5230 4575,Thailand,,Qualified,Sales Qualified Lead,,,Priya Nair,2025-10-30,2026-04-09T00:00:00Z,"Spoke with them at our Web Summit 2026 booth, no QR scan logged. No response yet.",,,,
100235259,Wei Ming,Bennett,,Finance Manager,Ivanova Consulting,w.bennett@ivanova.co,+212 6 79 33 12 66,Morocco,,CLOSED WON,Customer,,,Hana Kobayashi,2026-04-11,2026-06-10T00:00:00Z,Filled out the form on the comparison-vs-hubspot page. Qualifying now.,,,,
100235260,Wei Ming,Bennett,,Finance Manager,Ivanova and Co,weimingbennett@ivanova.co,212679331266,Morocco,, Closed Won,Customer,,,Hana Kobayashi,4/11/2026,2026-06-10T00:00:00Z,Filled out the form on the comparison-vs-hubspot page. Qualifying now. possible duplicate — verify before contacting.,,,,
100235261,So-young,Sato,,,Costa Trading Group,s.sato@costatrading.net,+34 668 505 269,Spain,,Qualified,Lead,Organic Search,,Wei Chen,2025-12-12,,"Found us through organic google search then landed on the homepage. Very interested, wants pricing call.",,,,
100235262,So-young,Sato,,,Costa Trading Trading Co,s.sato@costatrading.net,+34 668 505 269,Spain,,Qualified,Lead,Organic Search,,Wei Chen,2025-12-12,,"Found us through organic google search then landed on the homepage. Very interested, wants pricing call.",,,,
100235263,Ha-eun,Singh,,VP Sales,Asante Retail Analytics,ha-eun.s@asanteretail.net,+40 788 173 455,Romania,,Qualified,Other,,,Elena Popescu,9/14/2025,,Filled out the form on the case study page. No response yet.,,,,
100235264,Freya,Wong,,Finance Manager,Bakker Retail Group,freya.w@bakker.io,+91 79337 50775,India,,Qualified,Other,Other Campaigns,,Hana Kobayashi,2025-09-18,4/21/2026,"Met at the booth during APAC Logistics Summit, said they'd follow up over email.",,,,
100235265,Matteo,Fischer,,,Lotus Finance Pte. Ltd.,matteo.f@lotusfinance.co,+33 6 91 24 87 67,France,,Opportunity,Sales Qualified Lead,,,Hana Kobayashi,2026-02-19,4/6/2026,"Scanned the QR code at our Web Summit 2026 booth. Very interested, wants pricing call.",,,,
100235266,Divya,Cruz,,,Sato Solutions,divyac@sato.sg,+84 99 802 7050,Vietnam,,CONNECTED,Opportunity,,,Grace Osei,1/30/2026,2026-02-05,"Referred by Amir Reddy, warm intro. Very interested, wants pricing call.",,,,
100235267,Tom,Al-Sayed,,Finance Manager,Han Imports Trading Co,toma@hanimports.co,+212 6 98 89 41 77,Morocco,,Opportunity ,Opportunity,,,Priya Nair ,2025-10-10T00:00:00Z,10/19/2025,"Spoke with them at our Money20/20 Asia booth, no QR scan logged.",,,,
100235268,Erik,Papadopoulos,,Head of Growth,Owusu Freight Labs,erikp@owusufreight.co,+55 11 99833-4993,Brazil,,Closed Lost ,,,,Priya Nair,2026-03-11,,Filled out the form on the contact page.,,,,
100235269,Anna,Sharma,,VP Sales,Bennett Studio,annas@bennett.net,+86 133 4683 1296,China,,Closed Lost,Sales Qualified Lead,,,Fatima Rahman,2025-10-03T00:00:00Z,2026-05-26,"Referred by Joon Ferreira, warm intro. Not interested for now.",,,,63
100235270,Adaeze,Lim,,Marketing Director,Liu Trading Labs,adaeze.l@liutrading.com,+34 620 312 865,Spain,,Opportunity ,Sales Qualified Lead,Other Campaigns,,Diego Alvarez,2026-01-28,5/23/2026,Manually added by sales after a phone call from a cold outreach list. Qualifying now.,,,,
100235271,Ines,Silva,,Finance Manager,Williams Inc,ines.s@williams.com,+61 437 213 684,Australia,,Connected,Marketing Qualified Lead,,,Wei Chen,3/25/2026,2026-05-09,Filled out the form on the contact page. No response yet.,,,,
100235272,Bjorn,Verma,,Operations Lead,Asante Retail Digital,b.verma@asanteretail.io,+40 756 103 645,Romania,,closed won,Sales Qualified Lead,,,Hana Kobayashi,2025-11-28,,"Booked a demo via the book-a-demo page after clicking a google ad. Very interested, wants pricing call.",,,,
100235273,Ryan,Asante,,Finance Manager,Yoon Retail Co,ryan.a@yoonretail.com.au,+66 8 1372 7378,Thailand,,OPPORTUNITY,Customer,,,Fatima Rahman,2025-11-22,2026-05-26,"Filled out the form on the homepage. Left voicemail, will retry.",,,,
100235274,Bjorn,Rasmussen,,Operations Lead,Wang Manufacturing Studio,bjornr@wangmanufacturing.net,+880 1550-584664,Bangladesh,,Closed Lost,Lead,,,Priya Nair,9/17/2025,4/13/2026,Filled out the form on the product tour page.,,,,
100235275,Arjun,Rao,,Finance Manager,Boateng Digital Analytics,arjun.rao@boatengdigital.net,+351 94 833 9381,Portugal,,Closed Lost,Other,,,Hana Kobayashi,2026-04-08,,"Met at the booth during TechCrunch Disrupt, said they'd follow up over email.",,,,
100235276,Francesca,Liu,,Marketing Director,Rao Ventures Holdings,francesca.l@raoventures.co,+39 390 561 5225,Italy,,Opportunity,Sales Qualified Lead,Social Media,,Elena Popescu,9/19/2025,2025-12-03,Connected on LinkedIn after commenting on our post. No response yet.,,,,
100235277,Tom,Al-Sayed,,,Kang Holdings Trading,t.al-sayed@kangholdings.co,+60 14-697 5963,Malaysia,,Contacted,Customer,,,Priya Nair,2026-01-11,2026-05-21T00:00:00Z,Filled out the form on the contact page. Qualifying now.,,,,
100235278,Chiara,Yeo,,,Goh Digital Trading,chiara.yeo@gohdigital.com,+39 354 416 4382,Italy,,CONTACTED,Marketing Qualified Lead,Social Media,,Diego Alvarez,2025-11-01T00:00:00Z,2026-01-31,"Saw our post about replacing hubspot and commented. Great fit, prioritizing.",,,,
100235279,Ines,Foster,,,Costa Trading Pte. Ltd.,i.foster@costatrading.sg,+44 7831 935998,United Kingdom,,Closed Lost,Marketing Qualified Lead,,,Fatima Rahman,2025-12-26,2026-04-21,"Spoke with them at our Mobile World Congress booth, no QR scan logged. Connected, sending proposal.",,,,
100235280,Luca,Greco,,Founder,Nord Pte. Ltd.,luca.greco@nord.co,+852 8219 8240,Hong Kong,,New,Opportunity,,,Fatima Rahman,2025-10-22,,"Referred by Meera Rahman, warm intro.",,,,
100235281,Antoine,Ang,,VP Sales,Zahra Solutions,antoinea@zahra.com.au,+46 70 370 78 41,Sweden,,CONNECTED,Sales Qualified Lead,Offline Sources,,Rohan Mehta,2026-05-16,2026-06-13,Scanned the QR code at our Web Summit 2026 booth. No response yet.,,,,
100235282,Layla,Yap,,Operations Lead,Reddy Holdings Robotics,l.yap@reddyholdings.io,+46 70 613 49 50,Sweden,,Closed Won,Customer,Referrals,,Hana Kobayashi,2025-10-23T00:00:00Z,6/17/2026,"Referred by Priya Boateng, warm intro. Left voicemail, will retry.",,,,
100235283,Sora,Oh,,Operations Lead,Larsen AS Solutions,sorao@larsenas.net,+351 92 413 6467,Portugal,,Closed Lost,Sales Qualified Lead,,,Grace Osei,4/19/2026,,Booked a demo via the book-a-demo page after clicking a google ad.,,,,72
100235284,Hana,Reddy,,Marketing Director,Diallo Imports Pte Ltd,hana.r@dialloimports.co,+48 583 671 673,Poland,,CLOSED LOST,Marketing Qualified Lead,,,Fatima Rahman,5/16/2026,2026-06-02,"Met her at the SaaStr Annual booth, scanned our QR code. Not interested for now.",,,,
100235285,Kofi,Reyes,,Head of Growth,Nord Retail Group,kofir@nord.co,+54 9 11 7053-8178,Argentina,,Connected ,Lead,Organic Search,,Hana Kobayashi,2025-11-08,11/26/2025,Found us through organic google search then landed on the contact page. Qualifying now.,,,,
100235286,Elena,Pham,,,Schmidt AG Freight Solutions,elenap@schmidtag.biz,+351 94 865 4519,Portugal,,Contacted ,Sales Qualified Lead,,,Hana Kobayashi,2025-12-26,2026-03-21T00:00:00Z,"Spoke with them at our TechCrunch Disrupt booth, no QR scan logged.",,,,
100235287,Freya,Lim,,Founder,Santos Ltda Holdings,freya.l@santosltda.net,+31 6 6468 2099,Netherlands,,Closed Lost,Lead,Offline Sources,,Elena Popescu,2025-10-18,2026-05-05,He scanned our QR code at the Web Summit 2026 booth. Qualifying now.,,,,
100235288,Joon,Koh,,Head of Growth,Koh & Sons Labs,joon.k@kohsons.co,+52 55 8084 1351,Mexico,,Qualified,Customer,,,Diego Alvarez,9/4/2025,,Scanned the QR code at our SaaStr Annual booth.,,,,
100235289,Priya,Chua,,Head of Growth,Reddy Holdings Co.,p.chua@reddyholdings.co,+86 130 9739 1646,China,,closed won,Marketing Qualified Lead,Direct Traffic,,Rohan Mehta,2/26/2026,,"Filled out the form on the blog post on lead scoring. Left voicemail, will retry.",,,,
100235290,Fatima,Fall,,,GreenLeaf Analytics,f.fall@greenleaf.net,+48 512 557 549,Poland,,Qualified,Marketing Qualified Lead,,,Fatima Rahman,2026-03-14,2026-03-29,"He scanned our QR code at the Web Summit 2026 booth. Great fit, prioritizing.",,,,
100235291,Manon,Camara,,,Goh Digital Ventures,manon.c@gohdigital.com,+60 11-489 7881,Malaysia,,Qualified,,,,Marcus Wong ,2026-03-01T00:00:00Z,2026-04-09T00:00:00Z,"Filled out the form on the contact page. Left voicemail, will retry.",,,,
100235292,Manon,Camara,,,Goh Digital Co,manon.camara@gohdigital.com,60114897881,Malaysia,,Qualified,,,,Marcus Wong,3/1/2026,4/9/2026,"Filled out the form on the contact page. Left voicemail, will retry. possible duplicate — verify before contacting.",,,,
100235293,Marcus,Hoffmann,,,Koh & Sons Ventures,m.hoffmann@kohsons.io,+351 91 905 3660,Portugal,,NEW,Opportunity,,,Fatima Rahman,2026-02-04T00:00:00Z,,Filled out the form on the comparison-vs-hubspot page.,,,,
100235294,Tiago,Lim,,VP Sales,Ho Bros Pte Ltd,t.lim@hobros.co,+66 9 2086 2841,Thailand,,Qualified,Opportunity,Organic Search,,Noah Bennett,6/2/2026,2026-06-02,Googled us and ended up on the product tour page before booking a demo. No response yet.,,,,
100235295,Noah,Han,,Operations Lead,Liu Trading Analytics,noah.h@liutrading.com,+31 6 2724 5092,Netherlands,,Contacted,Sales Qualified Lead,Other Campaigns,,Wei Chen,2/2/2026,5/31/2026,Manual - added after inbound phone call. No response yet.,,,,
100235296,David,Johnson,,Head of Growth,Wang Manufacturing & Co,david.j@wangmanufacturing.io,+45 20 83 71 71,Denmark,, Closed Won,Sales Qualified Lead,,,Fatima Rahman,2026-03-27,2026-04-23T00:00:00Z,Linkedin dm inbound asking about pricing.,,,,
100235297,Priscilla,Frimpong,,Founder,Rao Ventures and Co,priscillaf@raoventures.com,+7 992 126 79 26,Russia,,NEW,Marketing Qualified Lead,,,Hana Kobayashi,2025-10-27,2025-10-27T00:00:00Z,"Manually added by sales after a phone call from a cold outreach list. Connected, sending proposal.",,,,
100235298,Mia,Bakar,,Marketing Director,Foster Analytics,m.bakar@foster.co,+52 55 9602 1769,Mexico,,Closed Won,Customer,Paid Search,,Grace Osei,2026-06-04T00:00:00Z,2026-06-09,Booked a demo via the book-a-demo page after clicking a google ad.,,,,
100235299,Mia,Bakar,,Marketing Director,Foster Trading,miab@foster.co,525596021769,Mexico,,Closed Won,Customer,Paid Search,,Grace Osei,6/4/2026,2026-06-09,Booked a demo via the book-a-demo page after clicking a google ad.,,,,
100235300,Ethan,Pham,,,Zhang Trading Co,e.pham@zhang.io,+233 22 882 4972,Ghana,,Qualified,,Organic Search,,Wei Chen,2026-04-03,4/27/2026,"Found us through organic google search then landed on the case study page. Connected, sending proposal.",,,,
100235301,George,Pham,,Head of Growth,Zhang Trading Co,george.p@zhang.io,+1 876 555 0156,United States,,connected,,Offline Sources,,Marcus Wong,2026-06-05T00:00:00Z,2026-06-12,"Spoke with them at our Retail Asia Expo booth, no QR scan logged. Very interested, wants pricing call.",,,,
100235302,Beatriz,Malik,,Finance Manager,Delta Analytics,beatrizm@delta.com.au,+44 7953 977353,United Kingdom,,Closed Lost,Opportunity,,,Noah Bennett,2025-09-30,2026-02-20,"Filled out the form on the comparison-vs-hubspot page. Great fit, prioritizing.",,,,
100235303,Sora,Malik,,Marketing Director,Adeyemi Logistics Freight Solutions,sora.m@adeyemilogistics.sg,+52 55 7268 1689,Mexico,,Opportunity ,Lead,Other Campaigns,,Elena Popescu,10/21/2025,11/20/2025,Other - walked into our office without an appointment. No response yet.,,,,
100235304,Beatriz,Hossain,,Finance Manager,Hansen Digital Retail Group,beatriz.h@hansendigital.biz,+60 14-680 3961,Malaysia,,new,Other,,,Grace Osei,2025-10-21,2/3/2026,Filled out the form on the product tour page. No response yet.,,,,
100235305,Min-jun,Fischer,,Marketing Director,Verma Consulting Robotics,m.fischer@vermaconsulting.net,+234 802 441 6763,Nigeria,,Opportunity ,Customer,,,Fatima Rahman,2/10/2026,3/7/2026,Filled out the form on the book-a-demo page. No response yet.,,,,
100235306,Kai,Boateng,,Finance Manager,Orchid Co.,kaib@orchid.com.au,+55 11 95853-9818,Brazil,,Contacted,Opportunity,,,Elena Popescu,2025-10-09T00:00:00Z,2025-11-01T00:00:00Z,Manual - added after inbound phone call.,,,,
100235307,Daniel,Boateng,,,Adeyemi Logistics Digital,daniel.boateng@adeyemilogistics.net,+44 7980 262541,United Kingdom,,Closed Lost,Sales Qualified Lead,Organic Search,,Priya Nair,2026-05-12,2026-05-26T00:00:00Z,Googled us and ended up on the blog post on lead scoring before booking a demo.,,,,
100235308,Rui,Fischer,,Founder,Han Imports Trading,ruif@hanimports.biz,+351 93 541 7065,Portugal,,Connected,Marketing Qualified Lead,Organic Search,,Grace Osei,2026-06-04,2026-06-08T00:00:00Z,"Found us through organic google search then landed on the blog post on lead scoring. Great fit, prioritizing.",,,,
100235309,Sora,Sato,,Marketing Director,Cruz & Partners Digital,sora.s@cruzpartners.sg,+62 831-1362-8347,Indonesia,,OPPORTUNITY,Other,,,Priya Nair,2026-02-25,2026-05-26,"Met at the booth during Retail Asia Expo, said they'd follow up over email. Connected, sending proposal.",,,,
100235310,Sanjay,Martins,,Marketing Director,Huang Analytics Group,s.martins@huanganalytics.co,+55 11 97670-3363,Brazil,,Closed Won,Customer,Other Campaigns,,Elena Popescu,2/9/2026,2026-02-22,Manual - added after inbound phone call.,,,,72
100235311,Antoine,Zahra,,Founder,Bakker Inc,antoine.z@bakker.sg,+30 697 813 8772,Greece,,contacted,,,,Grace Osei,12/3/2025,,"Booked a demo via the book-a-demo page after clicking a google ad. Connected, sending proposal.",,,,
100235312,Hana,Ocampo,,,Fischer Trading Pte. Ltd.,hana.ocampo@fischertrading.com.au,+351 91 272 1028,Portugal,,Opportunity,Lead,Direct Traffic,,Priya Nair,2026-02-15,2026-02-18,Filled out the form on the case study page.,,,,
100235313,Lars,Ang,,,Sim Robotics Digital,lars.ang@simrobotics.com,+54 9 11 2970-6106,Argentina,,Connected,Lead,Direct Traffic,,Grace Osei,2025-12-02,2026-01-13,Filled out the form on the product tour page. Qualifying now.,,,,
100235314,Lars,Ang,,,Sim Robotics Holdings,l.ang@simrobotics.com,5491129706106,Argentina,,connected,Lead,Direct Traffic,,Grace Osei,2025-12-02,2026-01-13T00:00:00Z,Filled out the form on the product tour page. Qualifying now. possible duplicate — verify before contacting.,,,,
100235315,Omar,Almeida,,Founder,Delta Retail Group,omar.a@delta.co,+54 9 11 4292-5629,Argentina,,Connected,Marketing Qualified Lead,,,Hana Kobayashi,2025-12-11,2026-05-20,Linkedin dm inbound asking about pricing.,,,,33
100235316,Isabelle,Chua,,Finance Manager,Hansen Digital Group,i.chua@hansendigital.com.au,+45 20 78 13 16,Denmark,,connected,Opportunity,Direct Traffic,,Fatima Rahman,2026-02-28,,"Filled out the form on the contact page. Great fit, prioritizing.",,,,
100235317,Antoine,Choi,,,Park Biotech Studio,antoine.choi@parkbiotech.com,+48 552 805 219,Poland,,Connected,Lead,,,Fatima Rahman,2026-02-17,2026-04-07T00:00:00Z,Filled out the form on the case study page.,,,,
100235318,Rin,Meyer,,,Yang Freight Trading Co,rin.m@yangfreight.net,+48 571 962 294,Poland,,Closed Won,,,,Hana Kobayashi,2026-01-08,2026-06-17T00:00:00Z,Manually added by sales after a phone call from a cold outreach list.,,,,34
100235319,Chidi,Singh,,,Chua Textiles Group,chidis@chuatextiles.net,+86 131 7470 4311,China,,New ,Customer,Other Campaigns,,Hana Kobayashi,12/12/2025,,Other - reached out via our general info@ inbox. Not interested for now.,,,,
100235320,Noah,Bianchi,,Operations Lead,Jung Studio Pte. Ltd.,n.bianchi@jungstudio.biz,+61 450 144 682,Australia,,NEW,Marketing Qualified Lead,Social Media,,Grace Osei,2026-01-07,2026-04-06,"Saw our post about replacing hubspot and commented. Very interested, wants pricing call.",,,,
100235321,Youssef,Gomes,,,Tanaka Co,youssefg@tanaka.io,+84 91 801 2067,Vietnam,,QUALIFIED,Customer,,,Rohan Mehta ,2025-09-09,12/4/2025,Manual - added after inbound phone call.,,,,
100235322,Farid,Alves,,,Lumen Retail Group,farid.a@lumen.net,+48 572 802 730,Poland,,qualified,Opportunity,Other Campaigns,,Fatima Rahman,5/10/2026,2026-06-01,Other - reached out via our general info@ inbox. Not interested for now.,,,,
100235323,Ryan,Rossi,,Operations Lead,Boateng Digital Inc.,ryan.r@boatengdigital.com,+30 699 972 4718,Greece,,Qualified,Marketing Qualified Lead,,,Grace Osei,2025-12-16,,Filled out the form on the product tour page. Not interested for now.,,,,
100235324,Leila,Greco,,Finance Manager,Yap Ventures Robotics,leila.g@yapventures.net,+351 96 414 4498,Portugal,,Qualified ,Marketing Qualified Lead,Organic Search,,Hana Kobayashi,2025-10-26,2/18/2026,"Found us through organic google search then landed on the contact page. Left voicemail, will retry.",,,,
100235325,Rin,Chen,,,Wang Manufacturing Labs,r.chen@wangmanufacturing.net,+91 83477 51483,india,,Qualified,Marketing Qualified Lead,Social Media,,Wei Chen,2026-05-08T00:00:00Z,2026-06-16T00:00:00Z,Saw our post about replacing hubspot and commented.,,,,
100235326,Ava,Joshi,,VP Sales,Diallo Imports Consulting,avaj@dialloimports.com.au,+971 57 446 3870,UAE,,connected,Sales Qualified Lead,Offline Sources,,Marcus Wong,2026-06-15,,"Spoke with them at our Money20/20 Asia booth, no QR scan logged. Great fit, prioritizing.",,,,
100235327,Priscilla,Cruz,,Finance Manager,Reyes Trading,priscilla.c@reyes.sg,+233 22 885 1326,Ghana,,Opportunity,Other,,,Grace Osei,2026-04-14,2026-05-07,Connected on LinkedIn after commenting on our post. Qualifying now.,,,,
100235328,Sophia,Boateng,,,Tanaka Ltd,sophia.b@tanaka.co,+60 17-273 6983,Malaysia,,closed won,Sales Qualified Lead,,,Fatima Rahman,2026-05-21,2026-06-06T00:00:00Z,Filled out the form on the pricing page. No response yet.,,,,50
100235329,So-young,Lim,,Finance Manager,Patel Fintech Studio,so-young.lim@patelfintech.com,+46 70 489 35 70,Sweden,,qualified,Opportunity,,,Priya Nair,2026-01-17,,"Booked a demo via the book-a-demo page after clicking a google ad. Very interested, wants pricing call.",,,,
100235330,Seo-yeon,Santos,,,Weber Analytics Pte Ltd,s.santos@weberanalytics.net,+86 133 2219 3901,China,,Connected,Lead,,,Wei Chen,2025-12-31T00:00:00Z,2026-01-19,He scanned our QR code at the Singapore FinTech Festival 2026 booth. Qualifying now.,,,,
100235331,Seo-yeon,Santos,,,Weber Analytics & Co,seo-yeon.santos@weberanalytics.net,8613322193901,China,,Connected ,Lead,,,Wei Chen,2025-12-31,2026-01-19,He scanned our QR code at the Singapore FinTech Festival 2026 booth. Qualifying now.,,,,
100235332,Sophia,Christensen,,,Kang Holdings Co,sophiac@kangholdings.sg,+84 97 289 9316,Vietnam,,new,Lead,Referrals,,Wei Chen,12/11/2025,2026-04-28,"Referred by Valentina Bakker, warm intro. Left voicemail, will retry.",,,,
100235333,Salma,Nkrumah,,,Singh Logistics Ventures,salman@singhlogistics.com,+31 6 3642 2059,Netherlands,,New,Lead,,,Hana Kobayashi,2/24/2026,3/3/2026,"Referred by Erik Foster, warm intro.",,,,
100235334,Yasmin,Andersen,,,Popescu Group,yasmin.a@popescu.net,+45 28 34 39 85,Denmark,,Contacted ,Lead,,,Grace Osei ,2026-03-29,2026-05-27T00:00:00Z,Googled us and ended up on the contact page before booking a demo. Not interested for now.,,,,
100235335,David,Ferrari,,Head of Growth,Mensah Trading Freight,d.ferrari@mensahtrading.io,+92 330 2591255,Pakistan,,New,Opportunity,,,Hana Kobayashi,2025-11-16T00:00:00Z,,"Met her at the APAC Logistics Summit booth, scanned our QR code. Great fit, prioritizing.",,,,
100235336,Hassan,Pham,,,Santos Ltda Freight Solutions,hassanp@santosltda.sg,+91 77705 77995,India,, Qualified,,,,Fatima Rahman,4/2/2026,,"Referred by Wei Ming Kapoor, warm intro. Qualifying now.",,,,
100235337,Aisha,Romano,,,Popescu & Co,aishar@popescu.io,+1 520 555 0181,United States,,Qualified,,,,Diego Alvarez,6/12/2026,2026-06-17,Manually added by sales after a phone call from a cold outreach list. Qualifying now.,,,,
100235338,Sarah,Boateng,,Finance Manager,Lumen Solutions,sarahb@lumen.sg,+62 867-7382-4165,Indonesia,,Closed Won,,,,Diego Alvarez,2025-11-13T00:00:00Z,2026-05-31,"Met her at the SaaStr Annual booth, scanned our QR code.",,,,
100235339,Valentina,Zahra,,,Martinez Pte. Ltd.,v.zahra@martinez.biz,+52 55 9259 5627,Mexico,,CONTACTED,,,,Noah Bennett,2026-04-05T00:00:00Z,,Found us through organic google search then landed on the blog post on lead scoring.,,,,
100235340,Astrid,Mensah,,,Nord and Co,astridm@nord.sg,+852 9564 5665,Hong Kong,,Contacted,Customer,,,Wei Chen,2/13/2026,2026-02-28,He scanned our QR code at the Retail Asia Expo booth. No response yet.,,,,
100235341,Divya,Boateng,,Operations Lead,Park Biotech Labs,divya.boateng@parkbiotech.com,+82 10-9137-2046,South Korea,,New ,Marketing Qualified Lead,,,Wei Chen,2025-10-23,4/23/2026,Googled us and ended up on the case study page before booking a demo.,,,,
100235342,Ethan,Romano,,,Saigon Robotics,ethanr@saigon.net,+1 445 555 0107,United States,,closed lost,Other,,,Rohan Mehta,2025-09-13,9/13/2025,Filled out the form on the blog post on lead scoring.,,,,
100235343,Ananya,Christensen,,,Orchid Freight Solutions,ananya.c@orchid.biz,+62 815-4278-1589,indonesia,,Contacted,Marketing Qualified Lead,Other Campaigns,,Elena Popescu,2026-05-10,2026-05-10,"Manual - added after inbound phone call. Very interested, wants pricing call.",,,,
100235344,Hana,Danso,,Marketing Director,Foster and Co,hana.danso@foster.sg,+31 6 8399 1472,Netherlands,,Qualified,Customer,Offline Sources,,Rohan Mehta,3/27/2026,2026-04-10,"He scanned our QR code at the Money20/20 Asia booth. Left voicemail, will retry.",,,,
100235345,Salma,Yoon,,Marketing Director,Sim Robotics Group,s.yoon@simrobotics.com,+92 350 4462023,Pakistan,,Qualified,Other,,,Noah Bennett,2/15/2026,2026-04-06T00:00:00Z,"Referred by Jia Hui Jensen, warm intro. Great fit, prioritizing.",,,,
100235346,Anjali,Lee,,,Martinez Trading,a.lee@martinez.biz,+86 130 7030 4527,China,,Closed Lost,Marketing Qualified Lead,,,Noah Bennett,3/10/2026,,Connected on LinkedIn after commenting on our post.,,,,
100235347,Thanh,Hansen,,Operations Lead,Koh & Sons Inc,t.hansen@kohsons.com,+212 6 84 98 81 44,Morocco,,Connected,Lead,Other Campaigns,,Elena Popescu,2026-05-04,5/4/2026,"Manually added by sales after a phone call from a cold outreach list. Very interested, wants pricing call.",,,,83
100235348,Divya,Andersen,,Finance Manager,Foster and Co,divyaa@foster.com,+852 6806 8339,Hong Kong,,Closed Won,Lead,Referrals,,Priya Nair,2026-06-16,6/19/2026,"Referred by Francesca Seo, warm intro. Connected, sending proposal.",,,,
100235349,Hui Fang,Meyer,,Founder,Koh & Sons Trading,huifang.m@kohsons.co,+34 647 251 933,Spain,,Closed Lost,,,,Hana Kobayashi,2026-06-05,2026-06-11T00:00:00Z,"Met her at the TechCrunch Disrupt booth, scanned our QR code. No response yet.",,,,
100235350,Marcus,Williams,,Finance Manager,Lindqvist AB Co.,marcus.w@lindqvistab.net,+66 9 2833 9214,Thailand,,Opportunity,Lead,Other Campaigns,,Rohan Mehta,2025-10-24T00:00:00Z,12/28/2025,"Other - walked into our office without an appointment. Left voicemail, will retry.",,,,
100235351,Tunde,Tanaka,,Head of Growth,Lau Retail Group,t.tanaka@lau.sg,+852 5912 9265,Hong Kong,,CLOSED WON,Lead,Other Campaigns,,Hana Kobayashi,2025-11-13,,"Other - walked into our office without an appointment. Very interested, wants pricing call.",,,,
100235352,,,T. Tanaka,Head of Growth,Lau Retail Freight Solutions,tunde.tanaka@lau.sg,85259129265,Hong Kong,,Closed Won,Lead,Other Campaigns,,Hana Kobayashi ,11/13/2025,2026-05-09,"Other - walked into our office without an appointment. Very interested, wants pricing call. possible duplicate — verify before contacting.",,,,
100235353,Luca,Cruz,,Operations Lead,Chen Digital Pte. Ltd.,lucac@chendigital.sg,+34 613 361 817,Spain,,QUALIFIED,,,,Noah Bennett,2026-06-03,,Manual - added after inbound phone call.,,,,82
100235354,Priscilla,Ricci,,VP Sales,Williams Holdings,priscilla.r@williams.io,+63 951 417 8392,Philippines,,Contacted,Customer,,,Noah Bennett,2025-10-19,2025-10-19,He scanned our QR code at the Singapore FinTech Festival 2026 booth.,,,,
100235355,Priscilla,Ricci,,VP Sales,Williams Co,priscillaricci@williams.io,639514178392,Philippines,, Contacted,Customer,,,Noah Bennett,2025-10-19,2025-10-19,He scanned our QR code at the Singapore FinTech Festival 2026 booth. possible duplicate — verify before contacting.,,,,
100235356,Amir,Ricci,,Finance Manager,Williams Holdings,amir.r@williams.io,+1 930 555 0156,United States,,Closed Won,Other,,,Marcus Wong,10/22/2025,,Filled out the form on the pricing page. Not interested for now.,,,,
100235357,Giulia,Lim,,,Malik Partners,giulia.l@malik.biz,+62 818-2429-5305,Indonesia,,closed lost,Sales Qualified Lead,Direct Traffic,,Hana Kobayashi,2026-03-25,2026-04-25,Filled out the form on the homepage.,,,,
100235358,Oluwaseun,Papadopoulos,,,Kim Trading & Co,o.papadopoulos@kimtrading.io,+46 70 236 99 60,Sweden,,New,Sales Qualified Lead,Social Media,,Priya Nair,5/20/2026,2026-05-23,"Linkedin dm inbound asking about pricing. Connected, sending proposal.",,,,
100235359,Bruno,Koh,,,Reyes Inc.,b.koh@reyes.net,+62 871-9411-2189,Indonesia,, Opportunity,Marketing Qualified Lead,Other Campaigns,,Fatima Rahman,2026-03-31,2026-05-16,"Other - reached out via our general info@ inbox. Very interested, wants pricing call.",,,,
100235360,Elijah,Kowalski,,Finance Manager,Goh Digital Ventures,e.kowalski@gohdigital.sg,+44 7966 401599,United Kingdom,,Qualified,,Offline Sources,,Marcus Wong,2026-04-10,6/2/2026,He scanned our QR code at the Money20/20 Asia booth.,,,,
100235361,Marco,Santos,,VP Sales,Goh Digital Robotics,m.santos@gohdigital.net,+233 25 193 9022,Ghana,, Connected,Customer,Other Campaigns,,Rohan Mehta,2025-10-03,2026-02-17,Other - reached out via our general info@ inbox. Qualifying now.,,,,
100235362,Rohan,Wu,,,Kang Holdings Freight,r.wu@kangholdings.biz,+82 10-5833-4112,South Korea,,Closed Lost,Other,Direct Traffic,,Grace Osei,6/5/2026,2026-06-08,"Filled out the form on the homepage. Connected, sending proposal.",,,,
100235363,Elin,Martins,,Marketing Director,Bakker and Co,elin.martins@bakker.com.au,+33 6 25 58 80 60,France,,New,Lead,Other Campaigns,,Fatima Rahman,2026-01-09,,"Other - reached out via our general info@ inbox. Great fit, prioritizing.",,,,
100235364,Elena,Sim,,,Patel Fintech Robotics,elena.sim@patelfintech.net,+63 918 384 2760,Philippines,,Opportunity,Customer,Other Campaigns,,Diego Alvarez,2025-11-05,,Manually added by sales after a phone call from a cold outreach list. Qualifying now.,,,,63
100235365,Ahmed,Wang,,,Ho Bros Partners,ahmedw@hobros.com.au,+1 375 555 0149,United States,,Contacted,Customer,Referrals,,Elena Popescu,2025-09-09,,"Referred by Rin Nielsen, warm intro.",,,,
100235366,,,Ahmed Wang,,Ho Bros Group,ahmedwang@hobros.com.au,13755550149,United States,,CONTACTED,Customer,Referrals,,Elena Popescu,9/9/2025,10/25/2025,"Referred by Rin Nielsen, warm intro. possible duplicate — verify before contacting.",,,,
100235367,Abena,Ocampo,,Operations Lead,Yap Ventures and Co,abena.o@yapventures.io,+7 977 450 51 12,Russia,,Qualified ,Customer,,,Elena Popescu,2026-03-18,,Found us through organic google search then landed on the homepage.,,,,
100235368,Nur,Liu,,Finance Manager,Wang Manufacturing Ltd,nur.liu@wangmanufacturing.sg,+48 646 453 468,Poland,,qualified,Lead,Offline Sources,,Hana Kobayashi,4/12/2026,2026-06-05,"Scanned the QR code at our TechCrunch Disrupt booth. Connected, sending proposal.",,,,
100235369,Abena,Sow,,,Nimbus & Co,a.sow@nimbus.com,+66 6 5102 2298,Thailand,,OPPORTUNITY,Sales Qualified Lead,,,Hana Kobayashi,11/16/2025,2026-03-07T00:00:00Z,"Found us through organic google search then landed on the homepage. Connected, sending proposal.",,,,
100235370,Marco,Schulz,,VP Sales,Weber Analytics & Co,m.schulz@weberanalytics.com,+62 818-2663-5408,Indonesia,,CLOSED WON,,Social Media,,Wei Chen,6/1/2026,2026-06-01,Linkedin dm inbound asking about pricing.,,,,
100235371,Carlos,Teo,,Operations Lead,Nimbus Inc.,c.teo@nimbus.net,+44 7888 701740,United Kingdom,,Closed Won,Sales Qualified Lead,Other Campaigns,,Hana Kobayashi,1/4/2026,2/1/2026,Manually added by sales after a phone call from a cold outreach list.,,,,
100235372,Beatriz,Diallo,,Operations Lead,Mensah Trading Labs,beatriz.d@mensahtrading.biz,+33 6 77 62 31 74,France,,Closed Won,Opportunity,,,Wei Chen,2025-09-19,3/26/2026,"Filled out the form on the book-a-demo page. Very interested, wants pricing call.",,,,
100235373,Elena,Mehta,,Head of Growth,Johnson Inc.,e.mehta@johnson.com,+971 54 598 7541,UAE,,Qualified,Other,Offline Sources,,Hana Kobayashi,2026-03-10T00:00:00Z,,"Met her at the Singapore FinTech Festival 2026 booth, scanned our QR code.",,,,
100235374,Luca,Cruz,,Founder,Larsen AS Solutions,lucac@larsenas.com,+39 352 417 9302,Italy,,Contacted,Lead,,,Marcus Wong,2025-11-14,,Found us through organic google search then landed on the pricing page.,,,,
100235375,Lars,Nielsen,,Operations Lead,Kilat Retail Ventures,lars.nielsen@kilatretail.com,+91 97024 59535,India,,CONNECTED,Other,Direct Traffic,,Hana Kobayashi ,2026-01-15,2026-01-15,Filled out the form on the blog post on lead scoring. Qualifying now.,,,,
100235376,Musa,Huang,,,Adeyemi Logistics Co.,musa.huang@adeyemilogistics.com,+880 1338-378404,Bangladesh,, Closed Lost,Opportunity,Other Campaigns,,Marcus Wong,2025-12-22,2026-02-02T00:00:00Z,Other - reached out via our general info@ inbox.,,,,
100235377,Joon,Asante,,,Chua Textiles Freight,joona@chuatextiles.biz,+44 7815 954517,United Kingdom,,New,Opportunity,,,Hana Kobayashi,2026-01-18T00:00:00Z,2026-05-28,"Found us through organic google search then landed on the contact page. Connected, sending proposal.",,,,
100235378,Joon,Asante,,,Chua Textiles Consulting,joonasante@chuatextiles.biz,+44 7815 954517,United Kingdom,,NEW,Opportunity,,,Hana Kobayashi,2026-01-18,2026-05-28,"Found us through organic google search then landed on the contact page. Connected, sending proposal. possible duplicate — verify before contacting.",,,,
100235379,Freya,Weber,,,Boateng Digital Inc.,freya.w@boatengdigital.sg,+60 16-479 2937,Malaysia,,connected,Marketing Qualified Lead,Referrals,,Hana Kobayashi,2026-05-10,,"Referred by Adaeze Rossi, warm intro. Connected, sending proposal.",,,,
100235380,Freya,Weber,,,Boateng Digital Pte Ltd,f.weber@boatengdigital.sg,60164792937,Malaysia,,Connected,Marketing Qualified Lead,Referrals,,Hana Kobayashi,5/10/2026,2026-06-04,"Referred by Adaeze Rossi, warm intro. Connected, sending proposal. possible duplicate — verify before contacting.",,,,
100235381,Leila,Toure,,Head of Growth,Liu Trading Ltd,l.toure@liutrading.com,+46 70 438 22 14,Sweden,,Opportunity,Lead,,,Priya Nair,2025-09-01,,Filled out the form on the contact page.,,,,
100235382,Ana,Al-Farsi,,Finance Manager,Teo Consulting & Co,anaa@teoconsulting.biz,+63 960 972 6548,Philippines,,Closed Lost,Marketing Qualified Lead,Organic Search,,Hana Kobayashi,2026-04-20,2026-05-22,"Googled us and ended up on the contact page before booking a demo. Connected, sending proposal.",,,,
100235383,Linh,Singh,,Operations Lead,Reddy Holdings Freight Solutions,l.singh@reddyholdings.co,+233 26 519 3008,Ghana,,CLOSED LOST,Other,,,Rohan Mehta,2026-02-02,,Filled out the form on the pricing page.,,,,
100235384,Chidi,Boateng,,,BluePeak Holdings,chidi.b@bluepeak.biz,+45 29 99 33 10,Denmark,,Closed Won,,Direct Traffic,,Wei Chen,1/7/2026,5/11/2026,Filled out the form on the case study page.,,,,
100235385,Amina,Agyemang,,,Acme Solutions,a.agyemang@acme.net,+61 428 440 796,Australia,,Closed Lost,,Other Campaigns,,Rohan Mehta,1/19/2026,,"Other - walked into our office without an appointment. Very interested, wants pricing call.",,,,
100235386,Sofia,Hansen,,,Diallo Imports Trading Co,s.hansen@dialloimports.sg,+45 29 38 67 43,Denmark,,Connected ,Other,Organic Search,,Priya Nair,2025-12-27T00:00:00Z,2026-05-24,Found us through organic google search then landed on the comparison-vs-hubspot page.,,,,
100235387,Ismail,Bakar,,Finance Manager,Sim Robotics Analytics,ismailb@simrobotics.net,+84 97 694 4496,Vietnam,,OPPORTUNITY,Other,Other Campaigns,,Rohan Mehta,2026-01-26,,"Other - reached out via our general info@ inbox. Great fit, prioritizing.",,,,
100235388,Kenji,Lim,,,Li Consulting Freight,kenji.l@liconsulting.co,+880 1736-314007,Bangladesh,,Closed Lost,Marketing Qualified Lead,Organic Search,,Grace Osei,2025-10-20,,Found us through organic google search then landed on the book-a-demo page.,,,,
100235389,Julien,Rodrigues,,,Ng Freight Inc,julienr@ngfreight.sg,+66 8 2507 6787,Thailand,,Contacted,Opportunity,Offline Sources,,Fatima Rahman,2026-06-07T00:00:00Z,2026-06-18,"Met her at the Mobile World Congress booth, scanned our QR code.",,,,
100235390,Erik,Malik,,Finance Manager,Boateng Digital Robotics,erik.m@boatengdigital.net,+61 431 294 735,Australia,,CLOSED LOST,Opportunity,,,Elena Popescu,2025-10-05,2026-01-29T00:00:00Z,"Filled out the form on the product tour page. Very interested, wants pricing call.",,,,
100235391,Ismail,Tan,,,Costa Trading Digital,i.tan@costatrading.com,+86 139 9528 2908,China,,opportunity,Marketing Qualified Lead,Other Campaigns,,Hana Kobayashi,2026-05-12,,Manual - added after inbound phone call. Qualifying now.,,,,
100235392,Ismail,Tan,,,Costa Trading Freight Solutions,i.tan@costatrading.com,+86 139 9528 2908,China,,opportunity,Marketing Qualified Lead,Other Campaigns,,Hana Kobayashi,2026-05-12T00:00:00Z,2026-06-16,Manual - added after inbound phone call. Qualifying now.,,,,
100235393,Tunde,Ocampo,,,GreenLeaf Group,t.ocampo@greenleaf.co,+66 7 9600 2640,Thailand,,Connected,Lead,Direct Traffic,,Marcus Wong,2026-01-14,4/5/2026,Filled out the form on the homepage. Qualifying now.,,,,
100235394,Sara,Iyer,,,Rossi SRL Freight,sara.iyer@rossisrl.co,+40 725 419 999,Romania,,Qualified,Lead,Offline Sources,,Grace Osei,1/16/2026,2/20/2026,"Met her at the Mobile World Congress booth, scanned our QR code. Not interested for now.",,,,
100235395,,,S. Iyer,,Rossi SRL Retail Group,sara.iyer@rossisrl.co,+40 725 419 999,Romania,,qualified,Lead,Offline Sources,,Grace Osei,2026-01-16T00:00:00Z,2026-02-20T00:00:00Z,"Met her at the Mobile World Congress booth, scanned our QR code. Not interested for now. possible duplicate — verify before contacting.",,,,
100235396,Rin,Chua,,Head of Growth,Teo Consulting & Co,rin.c@teoconsulting.com,+61 488 782 497,Australia,,Contacted,,Other Campaigns,,Rohan Mehta,2026-01-28,2026-05-11,Other - reached out via our general info@ inbox. Qualifying now.,,,,
100235397,Rin,Chua,,Head of Growth,Teo Consulting & Robotics,rinc@teoconsulting.com,+61 488 782 497,Australia,,Contacted,,Other Campaigns,,Rohan Mehta,2026-01-28,2026-05-11,Other - reached out via our general info@ inbox. Qualifying now.,,,,
100235398,Linh,Schmidt,,Finance Manager,Patel Fintech Co.,linh.schmidt@patelfintech.co,+65 8834 2814,Singapore,,Closed Won,Other,Organic Search,,Priya Nair,3/31/2026,2026-03-31,Found us through organic google search then landed on the homepage. No response yet.,,,,
100235399,Youssef,Jensen,,Head of Growth,Teo Consulting and Co,youssef.jensen@teoconsulting.sg,+33 6 10 65 69 30,France,,New,,Social Media,,Priya Nair,2026-04-23,2026-05-06,"Linkedin dm inbound asking about pricing. Connected, sending proposal.",,,,
100235400,Anjali,Andersen,,Finance Manager,Costa Trading and Co,anjali.a@costatrading.io,+1 648 555 0117,United States,,new,,Social Media,,Fatima Rahman,5/7/2026,2026-06-11,"Connected on LinkedIn after commenting on our post. Connected, sending proposal.",,,,
100235401,Rania,Singh,,Operations Lead,Al-Farsi & Co,r.singh@al-farsi.net,+234 809 103 3442,Nigeria,,New,Sales Qualified Lead,Social Media,,Rohan Mehta,4/3/2026,4/3/2026,"Connected on LinkedIn after commenting on our post. Connected, sending proposal.",,,,
100235402,Sophia,Liu,,,Zahra Holdings,sophia.l@zahra.co,+44 7972 449625,United Kingdom,,Qualified,Marketing Qualified Lead,Offline Sources,,Noah Bennett,6/15/2026,2026-06-15,"Met her at the Mobile World Congress booth, scanned our QR code. Very interested, wants pricing call.",,,,
100235403,Lucas,Ndiaye,,VP Sales,Delta and Co,lucas.n@delta.com,+81 78-8370-4425,Japan,,New,Sales Qualified Lead,,,Fatima Rahman,2025-10-31,10/31/2025,"Found us through organic google search then landed on the blog post on lead scoring. Connected, sending proposal.",,,,
100235404,Julien,Oh,,,Ferrari Consulting and Co,julien.o@ferrariconsulting.com,+34 655 871 563,Spain,,opportunity,Other,Other Campaigns,,Wei Chen,2025-09-14,9/24/2025,Manually added by sales after a phone call from a cold outreach list.,,,,
100235405,George,Choi,,,Popescu Robotics,georgec@popescu.net,+7 929 804 18 30,Russia,,qualified,Opportunity,Offline Sources,,Priya Nair,2025-11-27,4/12/2026,"Met at the booth during APAC Logistics Summit, said they'd follow up over email.",,,,73
100235406,Joon,Colombo,,,Ho Bros Studio,j.colombo@hobros.com.au,+971 56 276 8292,UAE,,Connected,Sales Qualified Lead,,,Diego Alvarez,2025-12-19,2025-12-24T00:00:00Z,"Spoke with them at our TechCrunch Disrupt booth, no QR scan logged. Not interested for now.",,,,
100235407,Joon,Colombo,,,Ho Bros Freight,j.colombo@hobros.com.au,971562768292,UAE,,Connected,Sales Qualified Lead,,,Diego Alvarez,2025-12-19,2025-12-24,"Spoke with them at our TechCrunch Disrupt booth, no QR scan logged. Not interested for now. possible duplicate — verify before contacting.",,,,
100235408,Daniel,Agyemang,,Founder,Chua Textiles Ltd,daniela@chuatextiles.co,+39 375 239 3921,Italy,,New,Opportunity,Direct Traffic,,Hana Kobayashi,12/15/2025,2025-12-15,Filled out the form on the book-a-demo page. Qualifying now.,,,,89
100235409,,,Daniel Agyemang,Founder,Chua Textiles Pte Ltd,daniel.agyemang@chuatextiles.co,+39 375 239 3921,Italy,,New,Opportunity,Direct Traffic,,Hana Kobayashi,2025-12-15,2025-12-15,Filled out the form on the book-a-demo page. Qualifying now. possible duplicate — verify before contacting.,,,,89
100235410,Ines,Ba,,Founder,Zhang Retail Group,ines.ba@zhang.biz,+91 81578 51005,India,,qualified,Other,,,Marcus Wong,2026-05-17,2026-06-04,"Found us through organic google search then landed on the book-a-demo page. Connected, sending proposal.",,,,
100235411,Freya,Bruno,,Operations Lead,GreenLeaf Studio,freya.bruno@greenleaf.com,+33 6 41 58 54 91,France,,connected,Lead,Social Media,,Grace Osei,5/23/2026,5/27/2026,"Saw our post about replacing hubspot and commented. Left voicemail, will retry.",,,,
100235412,Isabelle,Cruz,,,Han Imports Pte. Ltd.,i.cruz@hanimports.sg,+44 7910 731350,United Kingdom,,Closed Won,Customer,Other Campaigns,,Rohan Mehta,2026-04-24,2026-06-13T00:00:00Z,Other - walked into our office without an appointment.,,,,26
100235413,Kenji,Ang,,Marketing Director,Yap Ventures Solutions,k.ang@yapventures.sg,+52 55 4176 7194,Mexico,,Closed Lost,,Organic Search,,Fatima Rahman,5/29/2026,2026-06-10,"Found us through organic google search then landed on the homepage. Very interested, wants pricing call.",,,,
100235414,Kenji,Ang,,Marketing Director,Yap Ventures Analytics,k.ang@yapventures.sg,525541767194,Mexico,,closed lost,,Organic Search,,Fatima Rahman,5/29/2026,,"Found us through organic google search then landed on the homepage. Very interested, wants pricing call.",,,,
100235415,Ananya,Kone,,Head of Growth,Ho Bros Robotics,ananyak@hobros.co,+63 933 512 4753,Philippines,,closed lost,Other,,,Grace Osei,2/22/2026,2026-03-17T00:00:00Z,"Found us through organic google search then landed on the pricing page. Very interested, wants pricing call.",,,,
100235416,Bashir,Li,,,Kim Trading Ventures,b.li@kimtrading.com.au,+49 160 3252405,Germany,,Qualified,Customer,,,Priya Nair,2/22/2026,2026-02-22,"Manually added by sales after a phone call from a cold outreach list. Left voicemail, will retry.",,,,
100235417,Mia,Johnson,,Operations Lead,Boateng Digital Ltd,mia.j@boatengdigital.com,+52 55 8642 3027,Mexico,,OPPORTUNITY,Lead,Referrals,,Elena Popescu,2025-12-11,,"Referred by Sophia Christensen, warm intro.",,,,
100235418,Mia,Johnson,,Operations Lead,Boateng Digital Partners,miajohnson@boatengdigital.com,+52 55 8642 3027,Mexico,,Opportunity,Lead,Referrals,,Elena Popescu,2025-12-11,2026-01-03T00:00:00Z,"Referred by Sophia Christensen, warm intro. possible duplicate — verify before contacting.",,,,
100235419,Diego,Johnson,,Head of Growth,Boateng Digital Ltd,diego.johnson@boatengdigital.com,+39 389 524 2835,Italy,,Opportunity,Marketing Qualified Lead,,,Elena Popescu,2026-05-27T00:00:00Z,2026-06-03,Manual - added after inbound phone call. Not interested for now.,,,,
100235420,Hui Fang,Popescu,,,Fischer Trading Ltd,huifang.popescu@fischertrading.co,+81 86-5699-2783,Japan,,opportunity,Sales Qualified Lead,Paid Search,,Fatima Rahman,2025-12-28T00:00:00Z,2026-04-29,Booked a demo via the book-a-demo page after clicking a google ad. Qualifying now.,,,,
100235421,Hui Fang,Popescu,,,Fischer Trading Consulting,huifangp@fischertrading.co,818656992783,Japan,,Opportunity,Sales Qualified Lead,Paid Search,,Fatima Rahman,2025-12-28,2026-04-29,Booked a demo via the book-a-demo page after clicking a google ad. Qualifying now. possible duplicate — verify before contacting.,,,,
100235422,Ryan,Agyemang,,VP Sales,Wong Legal Trading,ryan.a@wonglegal.sg,+63 976 810 2572,Philippines,,New ,Other,Other Campaigns,,Wei Chen,4/7/2026,2026-04-09,Other - walked into our office without an appointment.,,,,
100235423,Ava,Bennett,,,Santos Ltda Robotics,avab@santosltda.io,+39 362 153 8041,Italy,,opportunity,Customer,Referrals,,Wei Chen,2026-04-12,6/13/2026,"Referred by Matteo Schulz, warm intro. Qualifying now.",,,,
100235424,Mateo,Frimpong,,,Martinez Solutions,m.frimpong@martinez.net,+30 691 317 4829,Greece,,Closed Lost,Sales Qualified Lead,Other Campaigns,,Elena Popescu,2025-11-03,2025-11-03T00:00:00Z,Manual - added after inbound phone call. Qualifying now.,,,,
100235425,Hana,Teo,,Operations Lead,Sayed Trading Studio,hana.t@sayedtrading.biz,+48 699 772 403,Poland,,CLOSED WON,Customer,,,Elena Popescu,2026-04-22,2026-04-22T00:00:00Z,Connected on LinkedIn after commenting on our post. Qualifying now.,,,,
100235426,Mateo,Yeo,,Operations Lead,Weber Analytics Inc,m.yeo@weberanalytics.io,+31 6 3314 8043,Netherlands,,Qualified ,Customer,Other Campaigns,,Rohan Mehta,9/29/2025,,Other - reached out via our general info@ inbox.,,,,
100235427,Chloe,Almeida,,Marketing Director,Kang Holdings Holdings,chloea@kangholdings.biz,+44 7966 245251,United Kingdom,,Closed Lost,Customer,Other Campaigns,,Priya Nair,2026-01-24,2026-04-22,Other - walked into our office without an appointment.,,,,
100235428,Sora,Wong,,Marketing Director,Mensah Trading Trading,sora.w@mensahtrading.com.au,+34 662 745 174,Spain,,CLOSED WON,Marketing Qualified Lead,,,Priya Nair,6/15/2026,2026-06-18,"Met her at the Web Summit 2026 booth, scanned our QR code. No response yet.",,,,
100235429,Pedro,Sun,,,Han Imports Pte. Ltd.,pedro.sun@hanimports.net,+880 1789-888878,Bangladesh,,Contacted,Lead,Direct Traffic,,Priya Nair,5/22/2026,2026-06-03,Filled out the form on the contact page.,,,,
100235430,Camille,Ho,,,Popescu Pte. Ltd.,camilleh@popescu.com.au,+66 8 2198 6265,Thailand,,new,Opportunity,,,Noah Bennett ,2025-11-30,2026-04-12,"Spoke with them at our Mobile World Congress booth, no QR scan logged. Very interested, wants pricing call.",,,,67
100235431,Nils,Williams,,Marketing Director,Gupta Textiles Robotics,nils.w@guptatextiles.net,+82 10-3247-6645,South Korea,,New,Customer,Other Campaigns,,Marcus Wong,2026-05-10,2026-06-09,Other - walked into our office without an appointment.,,,,
100235432,,,Nils Williams,Marketing Director,Gupta Textiles Co.,nilswilliams@guptatextiles.net,821032476645,South Korea,,New,Customer,Other Campaigns,,Marcus Wong,2026-05-10,2026-06-09,Other - walked into our office without an appointment.,,,,
100235433,Siti,Choi,,Operations Lead,Toure Consulting Co,siti.choi@toureconsulting.biz,+66 7 1007 7223,Thailand,,NEW,Marketing Qualified Lead,,,Noah Bennett,2025-12-31,2026-03-22,He scanned our QR code at the Dubai FinTech Week booth. No response yet.,,,,
100235434,Min-jun,Dubois,,Founder,Reyes Trading,min-jun.dubois@reyes.co,+86 136 5512 5665,China,,New,Marketing Qualified Lead,Paid Search,,Hana Kobayashi,2025-12-14,1/9/2026,Booked a demo via the book-a-demo page after clicking a google ad.,,,,
100235435,Ines,Sim,,VP Sales,Nord Co.,ines.s@nord.co,+880 1886-672653,Bangladesh,, Connected,Other,Direct Traffic,,Hana Kobayashi ,2026-04-13,2026-06-06T00:00:00Z,Filled out the form on the blog post on lead scoring.,,,,
100235436,Ines,Sim,,VP Sales,Nord Studio,inessim@nord.co,8801886672653,Bangladesh,,Connected,Other,Direct Traffic,,Hana Kobayashi,2026-04-13T00:00:00Z,2026-06-06T00:00:00Z,Filled out the form on the blog post on lead scoring.,,,,
100235437,David,Sow,,Finance Manager,Rao Ventures Trading,d.sow@raoventures.com.au,+66 7 3956 4668,Thailand,,CLOSED LOST,Sales Qualified Lead,,,Grace Osei,11/21/2025,2025-11-21,Booked a demo via the book-a-demo page after clicking a google ad.,,,,
100235438,Elena,Asante,,Finance Manager,Park Biotech Digital,elena.asante@parkbiotech.net,+54 9 11 5399-4853,Argentina,,Qualified,Customer,Direct Traffic,,Elena Popescu,6/5/2026,6/13/2026,Filled out the form on the homepage.,,,,
100235439,Ananya,Silva,,,Martinez Studio,ananya.silva@martinez.co,+66 8 6681 8403,Thailand,,Closed Lost,Customer,Direct Traffic,,Rohan Mehta,2026-04-23,2026-06-10,Filled out the form on the product tour page. No response yet.,,,,
100235440,Abena,Ivanova,,Marketing Director,Costa Trading Ltd,abena.i@costatrading.biz,+234 809 604 7299,Nigeria,,OPPORTUNITY,Marketing Qualified Lead,,,Elena Popescu,2026-04-12,2026-05-01,"Filled out the form on the homepage. Great fit, prioritizing.",,,,
100235441,Nadia,Ndiaye,,,Zhang and Co,nadian@zhang.com,+48 597 845 734,Poland,, Connected,Other,,,Hana Kobayashi,2026-06-19T00:00:00Z,6/19/2026,"Manually added by sales after a phone call from a cold outreach list. Great fit, prioritizing.",,,,
100235442,Suresh,Ong,,Founder,Wang Manufacturing Retail Group,suresho@wangmanufacturing.io,+40 748 987 299,Romania,,Opportunity ,Customer,,,Marcus Wong,2026-02-22,2026-03-27,"Met her at the Retail Asia Expo booth, scanned our QR code. No response yet.",,,,
100235443,Bashir,Malik,,,Lau Ventures,bashir.m@lau.com,+351 93 126 9022,Portugal,,OPPORTUNITY,Sales Qualified Lead,,,Noah Bennett,2026-06-14,2026-06-18T00:00:00Z,"Googled us and ended up on the product tour page before booking a demo. Left voicemail, will retry.",,,,
100235444,Bashir,Malik,,,Lau Solutions,b.malik@lau.com,351931269022,Portugal,,Opportunity,Sales Qualified Lead,,,Noah Bennett,2026-06-14,2026-06-18,"Googled us and ended up on the product tour page before booking a demo. Left voicemail, will retry.",,,,
100235445,Sven,Tanaka,,,Zahra Holdings,sven.tanaka@zahra.io,+61 432 474 734,Australia,,Contacted,,,,Noah Bennett,5/2/2026,,Scanned the QR code at our APAC Logistics Summit booth.,,,,
100235446,Farid,Diallo,,VP Sales,Koh & Sons Trading,farid.diallo@kohsons.com.au,+52 55 8747 1985,Mexico,,Opportunity ,Other,Paid Search,,Wei Chen,2026-05-03T00:00:00Z,2026-05-03T00:00:00Z,"Booked a demo via the book-a-demo page after clicking a google ad. Great fit, prioritizing.",,,,
100235447,Ha-eun,Petersen,,Operations Lead,Lotus Finance Robotics,ha-eun.p@lotusfinance.sg,+49 159 3811691,Germany,, Contacted,Opportunity,,,Grace Osei,5/20/2026,,Filled out the form on the comparison-vs-hubspot page. Qualifying now.,,,,
100235448,Ha-eun,Petersen,,Operations Lead,Lotus Finance Inc,ha-eun.petersen@lotusfinance.sg,+49 159 3811691,Germany,,CONTACTED,Opportunity,,,Grace Osei,2026-05-20T00:00:00Z,,Filled out the form on the comparison-vs-hubspot page. Qualifying now. possible duplicate — verify before contacting.,,,,
100235449,Chloe,Seo,,Head of Growth,Mekong & Co,chloe.seo@mekong.io,+45 25 18 36 10,Denmark,,Connected ,Sales Qualified Lead,,,Hana Kobayashi,2025-09-18T00:00:00Z,2026-04-23,"Referred by Layla Bennett, warm intro. Connected, sending proposal.",,,,
100235450,Mia,Schulz,,,BluePeak Retail Group,mia.s@bluepeak.net,+31 6 7771 3452,Netherlands,,closed lost,Lead,,,Wei Chen,3/7/2026,2026-06-09,"Manual - added after inbound phone call. Left voicemail, will retry.",,,,
100235451,,,Mia Schulz,,BluePeak Retail Inc.,mia.schulz@bluepeak.net,+31 6 7771 3452,Netherlands,,Closed Lost,Lead,,,Wei Chen,2026-03-07,2026-06-09,"Manual - added after inbound phone call. Left voicemail, will retry. possible duplicate — verify before contacting.",,,,
100235452,Miguel,Teo,,,Rao Ventures Trading,miguel.teo@raoventures.com.au,+212 6 32 33 54 71,Morocco,,Qualified,Sales Qualified Lead,Social Media,,Diego Alvarez,3/5/2026,2026-04-08T00:00:00Z,Linkedin dm inbound asking about pricing. Qualifying now.,,,,
100235453,Ngozi,Sato,,,Kim Trading Co,ngozi.s@kimtrading.biz,+81 90-8680-3876,Japan,,New,Opportunity,Other Campaigns,,Fatima Rahman,12/11/2025,2026-06-12T00:00:00Z,Manually added by sales after a phone call from a cold outreach list. No response yet.,,,,
100235454,Benjamin,Mehta,,,Wong Legal Partners,b.mehta@wonglegal.io,+880 1632-785055,Bangladesh,,connected,Other,,,Fatima Rahman ,2026-06-04,6/13/2026,Googled us and ended up on the book-a-demo page before booking a demo. Not interested for now.,,,,
100235455,Laura,Sim,,Founder,Weber Analytics Studio,laura.s@weberanalytics.net,+65 8684 3856,Singapore,,QUALIFIED,Lead,Direct Traffic,,Wei Chen,2025-09-29T00:00:00Z,2026-05-26,"Filled out the form on the product tour page. Left voicemail, will retry.",,,,
100235456,Laura,Sim,,Founder,Weber Analytics Inc,l.sim@weberanalytics.net,+65 8684 3856,Singapore,,Qualified,Lead,Direct Traffic,,Wei Chen,2025-09-29,2026-05-26,"Filled out the form on the product tour page. Left voicemail, will retry. possible duplicate — verify before contacting.",,,,
100235457,Sigrid,Pereira,,,Sim Robotics Labs,sigridp@simrobotics.sg,+61 498 857 839,Australia,,Closed Lost,Sales Qualified Lead,Social Media,,Rohan Mehta,3/2/2026,5/22/2026,"Connected on LinkedIn after commenting on our post. Left voicemail, will retry.",,,,
100235458,,,Sigrid Pereira,,Sim Robotics Co,s.pereira@simrobotics.sg,+61 498 857 839,Australia,,Closed Lost,Sales Qualified Lead,Social Media,,Rohan Mehta,2026-03-02,2026-05-22T00:00:00Z,"Connected on LinkedIn after commenting on our post. Left voicemail, will retry.",,,,
100235459,Kevin,Mehta,,,Foster and Co,k.mehta@foster.biz,+84 99 943 4216,Vietnam,,new,Customer,Other Campaigns,,Noah Bennett,2026-04-29,,Manual - added after inbound phone call. Qualifying now.,,,,
100235460,Elin,Meyer,,Finance Manager,Ng Freight Freight,elin.meyer@ngfreight.io,+81 89-2462-2899,Japan,,New,Opportunity,Other Campaigns,,Noah Bennett,2025-10-24,10/24/2025,"Met at the booth during Money20/20 Asia, said they'd follow up over email.",,,,
100235461,Elin,Meyer,,Finance Manager,Ng Freight Trading Co,elinmeyer@ngfreight.io,818924622899,Japan,,New,Opportunity,Other Campaigns,,Noah Bennett,10/24/2025,2025-10-24,"Met at the booth during Money20/20 Asia, said they'd follow up over email.",,,,
100235462,Omar,Wong,,,Tanaka Partners,omar.w@tanaka.biz,+52 55 3303 6523,Mexico,,Closed Won,Lead,Referrals,,Elena Popescu,2/15/2026,,"Referred by Kofi Kowalski, warm intro. Qualifying now.",,,,
100235463,Ava,Nkrumah,,,Patel Fintech Freight Solutions,ava.n@patelfintech.com.au,+60 12-334 8433,Malaysia,,New,Marketing Qualified Lead,,,Diego Alvarez,12/7/2025,,"Referred by Bruno Sow, warm intro. Connected, sending proposal.",,,,
100235464,Zainab,Bakker,,,Silva Co,z.bakker@silva.sg,+234 805 161 3725,Nigeria,,Opportunity,Customer,Social Media,,Priya Nair,2026-04-15,2026-04-25T00:00:00Z,"Saw our post about replacing hubspot and commented. Very interested, wants pricing call.",,,,
100235465,Mei Ling,Lim,,Marketing Director,Huang Analytics Group,m.lim@huanganalytics.com,+84 91 117 6950,Vietnam,, Qualified,Opportunity,,,Elena Popescu,2026-04-20,,Filled out the form on the book-a-demo page. Not interested for now.,,,,
100235466,Salma,Greco,,,Kilat Retail Inc,salma.greco@kilatretail.com,+81 86-3009-1634,Japan,,CONTACTED,Lead,Paid Search,,Noah Bennett,6/11/2026,2026-06-18,Booked a demo via the book-a-demo page after clicking a google ad. Not interested for now.,,,,
100235467,Hassan,Frimpong,,Head of Growth,Huang Analytics Digital,h.frimpong@huanganalytics.com,+55 11 91695-7694,Brazil,,Qualified ,Lead,,,Fatima Rahman,2025-09-28,,"Googled us and ended up on the pricing page before booking a demo. Great fit, prioritizing.",,,,
100235468,Catarina,Diallo,,Operations Lead,BluePeak Freight Solutions,catarinad@bluepeak.sg,+234 801 309 2974,Nigeria,, Opportunity,Lead,,,Grace Osei,2025-12-11,,"Referred by Marcus Russo, warm intro. Very interested, wants pricing call.",,,,
100235469,Emily,Xu,,,Sayed Trading Trading Co,emilyx@sayedtrading.com,+39 380 703 1408,Italy,,closed won,Lead,,,Marcus Wong,9/26/2025,6/1/2026,Manually added by sales after a phone call from a cold outreach list.,,,,
100235470,Rin,Lee,,VP Sales,Athens Retail Freight,rin.lee@athensretail.biz,+45 22 15 42 88,Denmark,,Opportunity,Customer,Other Campaigns,,Priya Nair,1/31/2026,6/7/2026,Other - reached out via our general info@ inbox. Qualifying now.,,,,
100235471,Ananya,Malik,,VP Sales,Sayed Trading Trading,a.malik@sayedtrading.com,+61 472 393 150,Australia,,Qualified,Opportunity,Direct Traffic,,Elena Popescu,2026-01-15T00:00:00Z,2026-02-28,"Filled out the form on the contact page. Left voicemail, will retry.",,,,
100235472,Jia Hui,Rossi,,,Toure Consulting Freight,jiahui.rossi@toureconsulting.io,+61 469 152 627,Australia,,Qualified,,Social Media,,Rohan Mehta,2025-11-27,11/27/2025,"Connected on LinkedIn after commenting on our post. Connected, sending proposal.",,,,
100235473,Manon,Romano,,,Weber Analytics Inc,manon.r@weberanalytics.com,+60 19-615 5747,Malaysia,, Closed Lost,Customer,Direct Traffic,,Priya Nair,2025-10-07T00:00:00Z,2026-04-29,Filled out the form on the comparison-vs-hubspot page.,,,,
100235474,Siti,Ferreira,,VP Sales,Koh & Sons Pte Ltd,siti.ferreira@kohsons.co,+30 698 427 8754,Greece,,Closed Lost,Lead,Organic Search,,Wei Chen,12/6/2025,2025-12-27T00:00:00Z,Found us through organic google search then landed on the contact page.,,,,
100235475,Ngozi,Andersen,,Founder,Liu Trading Pte. Ltd.,ngozi.andersen@liutrading.co,+34 639 830 220,Spain,,Connected,,Social Media,,Marcus Wong,2026-04-05,2026-04-05,Linkedin dm inbound asking about pricing.,,,,
100235476,Chidi,Sim,,Founder,Martinez Pte. Ltd.,chidi.s@martinez.com.au,+31 6 7165 7287,Netherlands,,Opportunity ,Marketing Qualified Lead,Social Media,,Diego Alvarez,2026-04-08T00:00:00Z,2026-04-08,Linkedin dm inbound asking about pricing.,,,,91
100235477,Sara,Kowalski,,VP Sales,Acme Labs,s.kowalski@acme.net,+49 167 7713076,Germany,,Opportunity ,Other,,,Rohan Mehta,2025-12-26,2026-04-16,Scanned the QR code at our TechCrunch Disrupt booth.,,,,
100235478,Karim,Toure,,,Liu Trading Studio,k.toure@liutrading.biz,+61 462 210 338,Australia,,Contacted,Opportunity,,,Noah Bennett,2025-09-01,1/6/2026,"Scanned the QR code at our TechCrunch Disrupt booth. Great fit, prioritizing.",,,,
100235479,Priscilla,Koch,,,Zahra Pte. Ltd.,p.koch@zahra.net,+31 6 5482 1462,Netherlands,,Closed Won,Customer,Direct Traffic,,Noah Bennett,2026-03-25,2026-05-24T00:00:00Z,"Filled out the form on the product tour page. Great fit, prioritizing.",,,,
100235480,Priscilla,Koch,,,Zahra Labs,p.koch@zahra.net,31654821462,Netherlands,,Closed Won,Customer,Direct Traffic,,Noah Bennett,3/25/2026,5/24/2026,"Filled out the form on the product tour page. Great fit, prioritizing. possible duplicate — verify before contacting.",,,,
100235481,Priscilla,Koch,,,Zahra Group,priscillakoch@zahra.net,+31 6 5482 1462,Netherlands,,closed won,Customer,Direct Traffic,,Noah Bennett,2026-03-25,2026-05-24,"Filled out the form on the product tour page. Great fit, prioritizing.",,,,
100235482,Sanjay,Wong,,,Zahra Labs,sanjayw@zahra.co,+84 91 227 3208,Vietnam,,CLOSED LOST,Customer,Other Campaigns,,Wei Chen,2025-09-30,2026-06-01,"Other - walked into our office without an appointment. Very interested, wants pricing call.",,,,
100235483,Ethan,Hoffmann,,VP Sales,Athens Retail Trading Co,e.hoffmann@athensretail.biz,+86 138 5258 6368,China,,CONNECTED,Customer,Offline Sources,,Priya Nair,2026-03-14T00:00:00Z,2026-03-20,"Scanned the QR code at our Mobile World Congress booth. Connected, sending proposal.",,,,
100235484,Freya,Rossi,,Finance Manager,Teo Consulting Pte. Ltd.,freya.r@teoconsulting.co,+33 6 30 11 49 50,France,,Qualified,,,,Grace Osei,2026-05-09,,"Connected on LinkedIn after commenting on our post. Connected, sending proposal.",,,,
100235485,Adaeze,Sy,,,Mensah Trading Retail Group,adaeze.s@mensahtrading.io,+39 384 396 1887,Italy,,New,Opportunity,Offline Sources,,Grace Osei,2026-02-25T00:00:00Z,3/3/2026,"Met her at the APAC Logistics Summit booth, scanned our QR code.",,,,
100235486,Ji-woo,Pham,,Founder,Williams Inc,j.pham@williams.com,+49 172 2676290,Germany,,New,Sales Qualified Lead,Referrals,,Rohan Mehta,1/7/2026,,"Referred by Arjun Tan, warm intro.",,,,
100235487,Ji-woo,Pham,,Founder,Williams Trading,ji-woopham@williams.com,+49 172 2676290,Germany,,new,Sales Qualified Lead,Referrals,,Rohan Mehta,1/7/2026,2026-05-19T00:00:00Z,"Referred by Arjun Tan, warm intro.",,,,
100235488,Sarah,Martinez,,Finance Manager,Ferrari Consulting Pte. Ltd.,sarahm@ferrariconsulting.io,+1 953 555 0197,United States,, Qualified,Sales Qualified Lead,,,Fatima Rahman,2026-04-09,2026-05-28,"Filled out the form on the pricing page. Great fit, prioritizing.",,,,
100235489,Julien,Asante,,,Fischer Trading Consulting,juliena@fischertrading.net,+84 90 792 8032,Vietnam,,Connected,Sales Qualified Lead,Other Campaigns,,Grace Osei,1/25/2026,4/21/2026,Manually added by sales after a phone call from a cold outreach list.,,,,
100235490,Daniel,Colombo,,Founder,Kilat Retail Robotics,d.colombo@kilatretail.sg,+44 7850 776399,united kingdom,,Closed Lost,Other,Direct Traffic,,Wei Chen,2026-05-09,2026-05-21T00:00:00Z,Filled out the form on the contact page.,,,,
100235491,Mateo,Lim,,Founder,Williams & Co,m.lim@williams.co,+49 169 4849318,Germany,,Connected,,Direct Traffic,,Fatima Rahman,2026-02-04,,"Filled out the form on the book-a-demo page. Very interested, wants pricing call.",,,,
100235492,Tariq,Zhao,,,Bennett Pte. Ltd.,t.zhao@bennett.net,+54 9 11 6924-2080,Argentina,,Qualified,Customer,,,Elena Popescu,2025-12-21T00:00:00Z,5/11/2026,"Met her at the Retail Asia Expo booth, scanned our QR code. Qualifying now.",,,,
100235493,Catarina,Costa,,,Reddy Holdings Robotics,catarina.costa@reddyholdings.biz,+46 70 422 71 84,Sweden,,Closed Lost,Marketing Qualified Lead,,,Hana Kobayashi,2025-10-24T00:00:00Z,2026-02-16,"Manual - added after inbound phone call. Left voicemail, will retry.",,,,
100235494,Elijah,Colombo,,VP Sales,Saigon & Co,elijah.colombo@saigon.io,+91 73693 94681,India,,Closed Lost,Customer,Other Campaigns,,Hana Kobayashi,2025-09-16,,Other - walked into our office without an appointment.,,,,
100235495,,,E. Colombo,VP Sales,Saigon & Co.,e.colombo@saigon.io,917369394681,India,,Closed Lost,Customer,Other Campaigns,,Hana Kobayashi,2025-09-16,,Other - walked into our office without an appointment. possible duplicate — verify before contacting.,,,,
100235496,Chiara,Diop,,Head of Growth,Sato Partners,chiarad@sato.com,+852 7492 2522,Hong Kong,,Connected,Lead,Referrals,,Fatima Rahman,2026-06-11,2026-06-16T00:00:00Z,"Referred by Daniel Santos, warm intro. Not interested for now.",,,,
100235497,Omar,Lim,,,Acme Analytics,omar.lim@acme.net,+212 6 61 33 10 57,Morocco,,Closed Won ,,Paid Search,,Diego Alvarez,2026-02-16,2026-05-02,Booked a demo via the book-a-demo page after clicking a google ad. No response yet.,,,,
100235498,Bashir,Iyer,,VP Sales,Schmidt AG Freight Solutions,b.iyer@schmidtag.com,+31 6 1025 8323,Netherlands,,Opportunity,Sales Qualified Lead,Organic Search,,Marcus Wong,2026-03-24,6/7/2026,Found us through organic google search then landed on the product tour page. No response yet.,,,,
100235499,Elin,Kumar,,Founder,Chua Textiles Partners,elin.kumar@chuatextiles.sg,+233 28 798 8951,Ghana,,Closed Won,Customer,Direct Traffic,,Marcus Wong ,3/6/2026,,Filled out the form on the contact page. No response yet.,,,,
100235500,Yasmin,Ricci,,Finance Manager,Toure Consulting Retail Group,y.ricci@toureconsulting.com.au,+48 503 409 180,Poland,,Opportunity,,,,Priya Nair,2026-03-08,2026-03-17,"Filled out the form on the case study page. Great fit, prioritizing.",,,,
100235501,Benjamin,Al-Farsi,,Marketing Director,Yap Ventures Retail Group,b.al-farsi@yapventures.com.au,+49 152 7758079,Germany,,Contacted,Opportunity,Other Campaigns,,Diego Alvarez,2025-11-30,2026-05-03,"Other - reached out via our general info@ inbox. Great fit, prioritizing.",,,,26
100235502,Hui Fang,Reddy,,,Popescu Pte. Ltd.,huifang.r@popescu.co,+55 11 93071-1047,Brazil,,Closed Won,Customer,Social Media,,Wei Chen,2025-11-04,,Connected on LinkedIn after commenting on our post.,,,,
100235503,Rohan,Larsen,,Operations Lead,Adeyemi Logistics Ventures,rohanl@adeyemilogistics.io,+49 150 1979970,Germany,,New,Opportunity,Organic Search,,Rohan Mehta,2026-05-23,,Found us through organic google search then landed on the product tour page.,,,,89
100235504,Arjun,Wong,,Marketing Director,Sato Consulting,a.wong@sato.com,+212 6 23 94 21 50,Morocco,,Contacted,Opportunity,Other Campaigns,,Marcus Wong,9/23/2025,2026-01-17,Other - reached out via our general info@ inbox.,,,,
100235505,Rachel,Petersen,,Head of Growth,Choi Logistics Group,rachelp@choilogistics.com.au,+31 6 4719 3307,Netherlands,,CLOSED WON,Customer,Referrals,,Rohan Mehta,2026-04-28,6/2/2026,"Referred by Oluwaseun Nkrumah, warm intro. Qualifying now.",,,,
100235506,Liam,Kapoor,,Founder,Boateng Digital Ltd,liam.kapoor@boatengdigital.io,+63 943 440 1743,Philippines,,Contacted,Sales Qualified Lead,,,Rohan Mehta,2026-03-26T00:00:00Z,2026-04-18,"Met her at the TechCrunch Disrupt booth, scanned our QR code. No response yet.",,,,
100235507,Freya,Hossain,,,Verma Consulting Digital,f.hossain@vermaconsulting.io,+33 6 48 79 74 34,France,,OPPORTUNITY,Sales Qualified Lead,Other Campaigns,,Wei Chen,2026-02-10T00:00:00Z,2026-05-18,"Other - reached out via our general info@ inbox. Very interested, wants pricing call.",,,,
100235508,Natasha,Sow,,,Santos Ltda Co,n.sow@santosltda.io,+65 8653 6460,Singapore,,Closed Won,Sales Qualified Lead,Other Campaigns,,Marcus Wong,9/22/2025,2026-02-27,Manually added by sales after a phone call from a cold outreach list.,,,,
100235509,Astrid,Kone,,Finance Manager,Zhang Freight Solutions,a.kone@zhang.io,+60 17-834 7077,Malaysia,, Contacted,Sales Qualified Lead,Direct Traffic,,Diego Alvarez,2025-10-13,10/13/2025,Filled out the form on the homepage. Not interested for now.,,,,
100235510,Seo-yeon,Martinez,,Founder,Bakker Analytics,seo-yeonm@bakker.io,+33 6 66 91 89 53,France,, New,Opportunity,Offline Sources,,Diego Alvarez,9/23/2025,2026-06-02T00:00:00Z,He scanned our QR code at the Dubai FinTech Week booth.,,,,
100235511,Camille,Rahman,,,Lindqvist AB Group,c.rahman@lindqvistab.biz,+46 70 891 11 36,Sweden,,Closed Lost,Customer,Other Campaigns,,Marcus Wong,2025-09-02,2025-11-05T00:00:00Z,"Other - walked into our office without an appointment. Very interested, wants pricing call.",,,,
100235512,Wei Ming,Yeo,,,Santos Ltda Consulting,w.yeo@santosltda.co,+351 96 680 6578,Portugal,,Contacted,Lead,,,Grace Osei,2026-03-18,3/18/2026,He scanned our QR code at the Dubai FinTech Week booth.,,,,
100235513,Rania,Andersen,,Finance Manager,Sim Robotics Freight Solutions,r.andersen@simrobotics.biz,+61 494 298 683,Australia,,Closed Won,Sales Qualified Lead,,,Diego Alvarez,2026-03-11,,Scanned the QR code at our Dubai FinTech Week booth.,,,,
100235514,Ngozi,Ong,,Marketing Director,Tanaka Digital,ngozio@tanaka.com.au,+92 390 2025898,Pakistan,,CLOSED LOST,Marketing Qualified Lead,Organic Search,,Elena Popescu,11/16/2025,1/11/2026,Found us through organic google search then landed on the book-a-demo page.,,,,73
100235515,David,Nair,,Marketing Director,Fischer Trading Inc,david.n@fischertrading.com,+40 776 325 913,Romania,,Contacted,Customer,Other Campaigns,,Priya Nair,2026-01-23T00:00:00Z,,Other - reached out via our general info@ inbox. No response yet.,,,,
100235516,Zainab,Kapoor,,,Saigon Pte. Ltd.,z.kapoor@saigon.io,+30 693 916 1138,Greece,,Closed Lost,Marketing Qualified Lead,Offline Sources,,Hana Kobayashi,2026-03-09,2026-04-01,Scanned the QR code at our Dubai FinTech Week booth. Qualifying now.,,,,76
100235517,Kai,Bennett,,,Li Consulting Studio,k.bennett@liconsulting.biz,+62 855-9592-3039,Indonesia,,Opportunity,Customer,,,Hana Kobayashi,2025-09-03T00:00:00Z,2026-06-19,"Met her at the Money20/20 Asia booth, scanned our QR code. Very interested, wants pricing call.",,,,
100235518,Priscilla,Sy,,Marketing Director,Kim Trading Pte. Ltd.,priscilla.sy@kimtrading.biz,+39 398 342 8843,Italy,,Opportunity,,Other Campaigns,,Elena Popescu,2025-12-20T00:00:00Z,12/20/2025,"Other - walked into our office without an appointment. Great fit, prioritizing.",,,,
100235519,Luca,Goh,,Head of Growth,Acme Co,l.goh@acme.com.au,+31 6 9792 3088,Netherlands,,Closed Lost,,,,Fatima Rahman,11/9/2025,,Scanned the QR code at our Money20/20 Asia booth. Not interested for now.,,,,
100235520,Sophia,Rahman,,,Chen Digital Analytics,sophia.rahman@chendigital.biz,+82 10-1591-4405,South Korea,,NEW,Sales Qualified Lead,,,Wei Chen,2025-12-22,,Manual - added after inbound phone call.,,,,
100235521,Salma,Schmidt,,,Foster Freight,salma.schmidt@foster.net,+34 686 336 948,Spain,,QUALIFIED,Opportunity,Offline Sources,,Hana Kobayashi,3/2/2026,2026-05-15,"Met her at the London Tech Week booth, scanned our QR code.",,,,
100235522,Isabelle,Ng,,,Choi Logistics Ventures,isabelle.ng@choilogistics.io,+60 15-353 9867,Malaysia,,Closed Won,Sales Qualified Lead,,,Marcus Wong,3/18/2026,2026-04-06T00:00:00Z,"Referred by Liam Zahra, warm intro. Not interested for now.",,,,
100235523,Isabelle,Diop,,,Wong Legal Trading,isabelle.diop@wonglegal.io,+55 11 97450-6931,Brazil,,connected,Lead,,,Diego Alvarez,2026-01-25,,"Googled us and ended up on the pricing page before booking a demo. Very interested, wants pricing call.",,,,
100235524,Sven,Chua,,,Patel Fintech Co,s.chua@patelfintech.sg,+7 925 190 47 28,Russia,,Connected,Marketing Qualified Lead,,,Noah Bennett,2025-11-10,2026-05-18T00:00:00Z,"Booked a demo via the book-a-demo page after clicking a google ad. Connected, sending proposal.",,,,
100235525,Omar,Meyer,,,Ho Bros & Co,omarm@hobros.biz,+66 9 5319 4614,Thailand,,contacted,Customer,Other Campaigns,,Grace Osei,2026-01-01T00:00:00Z,,Other - walked into our office without an appointment. No response yet.,,,,
100235526,Leila,Gomes,,,Teo Consulting Pte Ltd,leilag@teoconsulting.co,+351 94 897 7396,Portugal,, Closed Lost,Customer,,,Diego Alvarez,2026-05-14T00:00:00Z,2026-06-12T00:00:00Z,Saw our post about replacing hubspot and commented. No response yet.,,,,
100235527,Sofia,Rossi,,Marketing Director,Osei and Co,sofia.rossi@osei.io,+92 350 5790745,Pakistan,, Connected,Lead,Social Media,,Rohan Mehta,2025-09-05,2026-02-08,"Linkedin dm inbound asking about pricing. Very interested, wants pricing call.",,,,
100235528,Anjali,Rossi,,,Osei and Co,anjalir@osei.io,+49 155 7455972,Germany,,new,,Referrals,,Diego Alvarez,2025-09-27,2/9/2026,"Referred by Sophia Chen, warm intro. Very interested, wants pricing call.",,,,
100235529,Elin,Han,,,Nord Freight,elin.han@nord.com,+54 9 11 2998-9121,Argentina,, Opportunity,,,,Grace Osei,11/25/2025,11/25/2025,He scanned our QR code at the Retail Asia Expo booth. Not interested for now.,,,,
100235530,Manon,Marino,,Founder,Bennett Freight,manon.m@bennett.biz,+84 91 609 4178,Vietnam,,Closed Lost ,Marketing Qualified Lead,Direct Traffic,,Priya Nair,2026-05-29,2026-06-08,Filled out the form on the homepage. Not interested for now.,,,,
100235531,Wei,Toure,,Head of Growth,Boateng Digital Digital,wei.toure@boatengdigital.com.au,+60 16-433 9505,Malaysia,,Closed Lost,Lead,Direct Traffic,,Priya Nair,2025-09-13,2026-05-18,Filled out the form on the homepage.,,,,
100235532,Lucas,Schmidt,,Marketing Director,Chua Textiles Retail Group,lucas.schmidt@chuatextiles.biz,+234 803 135 4251,Nigeria,,New,Marketing Qualified Lead,Social Media,,Noah Bennett,2026-02-25,,Linkedin dm inbound asking about pricing.,,,,
100235533,Ava,Wang,,Finance Manager,Ho Bros Inc.,ava.w@hobros.biz,+1 916 555 0178,United States,,Contacted ,Customer,,,Elena Popescu,2025-11-29T00:00:00Z,2025-11-29,"Booked a demo via the book-a-demo page after clicking a google ad. Left voicemail, will retry.",,,,
100235534,Ava,Wang,,Finance Manager,Ho Bros Pte. Ltd.,a.wang@hobros.biz,19165550178,United States,,Contacted,Customer,,,Elena Popescu,11/29/2025,,"Booked a demo via the book-a-demo page after clicking a google ad. Left voicemail, will retry. possible duplicate — verify before contacting.",,,,
100235535,Fatima,Wang,,Founder,Ho Bros Inc.,f.wang@hobros.biz,+92 310 9271085,Pakistan,,Closed Lost,,Direct Traffic,,Noah Bennett,2026-01-13T00:00:00Z,2026-03-20,Filled out the form on the product tour page. No response yet.,,,,
100235536,Wei Chen,Santos,,Finance Manager,Orchid Inc,weichens@orchid.net,+33 6 29 54 81 95,France,,Closed Won,Other,Other Campaigns,,Elena Popescu,2025-11-18T00:00:00Z,,Other - walked into our office without an appointment.,,,,
100235537,Youssef,Andersen,,Head of Growth,Muller GmbH & Co,youssef.andersen@mullergmbh.com,+54 9 11 1908-5449,Argentina,, Qualified,Other,Organic Search,,Hana Kobayashi ,1/20/2026,,"Googled us and ended up on the product tour page before booking a demo. Great fit, prioritizing.",,,,
100235538,Emily,Santos,,,Mensah Trading Freight,e.santos@mensahtrading.sg,+233 25 495 2036,Ghana,,CONNECTED,Other,Organic Search,,Diego Alvarez,2026-05-02T00:00:00Z,2026-05-02,Found us through organic google search then landed on the book-a-demo page. No response yet.,,,,
100235539,Emily,Santos,,,Mensah Trading Ltd,emilysantos@mensahtrading.sg,233254952036,Ghana,,Connected,Other,Organic Search,,Diego Alvarez,2026-05-02,2026-05-02,Found us through organic google search then landed on the book-a-demo page. No response yet. possible duplicate — verify before contacting.,,,,
100235540,Freya,Ng,,Marketing Director,Liu Trading Ltd,freya.n@liutrading.com.au,+86 132 2471 3452,China,,Connected,Lead,,,Fatima Rahman,2026-01-03,,"Filled out the form on the contact page. Great fit, prioritizing.",,,,
100235541,Natasha,Ong,,,Patel Fintech Retail Group,natasha.ong@patelfintech.sg,+212 6 53 99 83 77,Morocco,,Opportunity ,Customer,,,Hana Kobayashi,2026-06-06,6/9/2026,"Filled out the form on the blog post on lead scoring. Left voicemail, will retry.",,,,
100235542,Adam,Bakker,,,Reyes Co,adam.bakker@reyes.com,+34 613 893 457,Spain,,Qualified,,Referrals,,Noah Bennett,2026-01-18,2026-06-11,"Referred by Divya Andersen, warm intro.",,,,
100235543,Ingrid,Kapoor,,,Fischer Trading Ltd,i.kapoor@fischertrading.sg,+48 588 536 807,Poland,,new,Sales Qualified Lead,,,Grace Osei,2025-09-17,2025-09-17,"Found us through organic google search then landed on the case study page. Left voicemail, will retry.",,,,
100235544,Yasmin,Williams,,Operations Lead,Park Biotech Trading,yasminw@parkbiotech.io,+61 416 811 479,Australia,,Opportunity,Opportunity,Other Campaigns,,Priya Nair,2025-12-01T00:00:00Z,12/29/2025,"Spoke with them at our Web Summit 2026 booth, no QR scan logged. Left voicemail, will retry.",,,,
100235545,Ngozi,Adjei,,Marketing Director,Ferrari Consulting Trading Co,ngozi.a@ferrariconsulting.biz,+44 7852 446457,United Kingdom,,Closed Won,Sales Qualified Lead,Direct Traffic,,Diego Alvarez,12/23/2025,2026-02-26,"Filled out the form on the comparison-vs-hubspot page. Very interested, wants pricing call.",,,,
100235546,Rin,Meyer,,,Bennett Ventures,r.meyer@bennett.net,+91 77357 16257,India,,Opportunity,Sales Qualified Lead,,,Rohan Mehta,2026-04-04,,Manually added by sales after a phone call from a cold outreach list.,,,,
100235547,Wei,Andersen,,Marketing Director,Zahra Ventures,w.andersen@zahra.co,+31 6 7763 7070,Netherlands,,Connected,Opportunity,,,Elena Popescu,11/7/2025,12/9/2025,"Met her at the Singapore FinTech Festival 2026 booth, scanned our QR code. Connected, sending proposal.",,,,
100235548,Yasmin,Tanaka,,Marketing Director,Reyes Inc,yasmin.t@reyes.io,+39 394 502 6836,Italy,,opportunity,Other,,,Elena Popescu,2026-03-20,2026-06-02,Found us through organic google search then landed on the product tour page.,,,,
100235549,Elijah,Ferreira,,,Kim Trading Pte. Ltd.,elijahf@kimtrading.io,+92 330 7834965,pakistan,,contacted,Other,,,Wei Chen,9/18/2025,12/26/2025,"Found us through organic google search then landed on the comparison-vs-hubspot page. Very interested, wants pricing call.",,,,
100235550,Bruno,Nguyen,,,GreenLeaf Retail Group,b.nguyen@greenleaf.co,+49 162 1840925,Germany,,contacted,,Offline Sources,,Marcus Wong,5/8/2026,2026-05-26,"Met her at the TechCrunch Disrupt booth, scanned our QR code. Connected, sending proposal.",,,,
100235551,Rohan,Schulz,,,Johnson Co,rohans@johnson.sg,+880 1503-310807,bangladesh,,CONTACTED,Customer,,,Wei Chen,2025-12-29,12/29/2025,Scanned the QR code at our Retail Asia Expo booth.,,,,
100235552,Rohan,Schulz,,,Johnson Solutions,rohans@johnson.sg,+880 1503-310807,Bangladesh,,CONTACTED,Customer,,,Wei Chen,12/29/2025,2025-12-29,Scanned the QR code at our Retail Asia Expo booth. possible duplicate — verify before contacting.,,,,
100235553,Rohan,Ndiaye,,,Osei Ltd,r.ndiaye@osei.io,+33 6 72 31 40 13,France,,CONTACTED,Sales Qualified Lead,Organic Search,,Wei Chen,2025-09-24,2025-09-24T00:00:00Z,Found us through organic google search then landed on the book-a-demo page. Not interested for now.,,,,
100235554,Sara,Greco,,Founder,Gupta Textiles Inc,sara.g@guptatextiles.net,+234 806 944 5267,Nigeria,,Qualified,Lead,Paid Search,,Elena Popescu,2025-12-03T00:00:00Z,,"Booked a demo via the book-a-demo page after clicking a google ad. Great fit, prioritizing.",,,,
100235555,Xiu Ying,Diop,,,Johnson Partners,xiuyingd@johnson.co,+55 11 93415-5053,Brazil,,Qualified,Marketing Qualified Lead,Offline Sources,,Fatima Rahman,2026-04-20,6/19/2026,"Met her at the Web Summit 2026 booth, scanned our QR code.",,,,
100235556,Camille,Koh,,Founder,Cruz & Partners Pte. Ltd.,camille.k@cruzpartners.net,+31 6 1590 4695,Netherlands,,Opportunity,Marketing Qualified Lead,,,Grace Osei,10/24/2025,,"Referred by Ahmed Ang, warm intro.",,,,
100235557,Ryan,Camara,,Head of Growth,Muller GmbH Inc.,ryan.camara@mullergmbh.io,+48 545 485 795,Poland,,Connected,Other,Direct Traffic,,Diego Alvarez ,2026-03-15,2026-04-08,"Filled out the form on the pricing page. Left voicemail, will retry.",,,,
100235558,Rin,Greco,,Operations Lead,Orchid Co,ring@orchid.com,+48 696 619 800,Poland,,Connected,Lead,Social Media,,Elena Popescu,2026-02-08,,"Saw our post about replacing hubspot and commented. Very interested, wants pricing call.",,,,
100235559,Giulia,Owusu,,,Owusu Freight Co,g.owusu@owusufreight.co,+60 17-182 7543,Malaysia,, Connected,Customer,,,Marcus Wong,2025-11-12T00:00:00Z,2025-12-16,He scanned our QR code at the Retail Asia Expo booth.,,,,
100235560,Femi,Seo,,,Kilat Retail Digital,f.seo@kilatretail.biz,+30 693 946 5860,Greece,,Closed Lost,,,,Wei Chen,2025-09-22,2025-10-30,Found us through organic google search then landed on the comparison-vs-hubspot page.,,,,
100235561,Marcus,Ho,,Operations Lead,Asante Retail Ltd,m.ho@asanteretail.io,+86 132 2249 7096,china,,Closed Lost,Sales Qualified Lead,,,Rohan Mehta,2025-10-28,2026-03-14,"Spoke with them at our APAC Logistics Summit booth, no QR scan logged. Not interested for now.",,,,
100235562,Carlos,Lee,,Operations Lead,Nimbus Trading,carlos.l@nimbus.io,+971 58 591 5006,UAE,,CLOSED WON,Sales Qualified Lead,,,Rohan Mehta,2026-02-15,2026-06-17,"Booked a demo via the book-a-demo page after clicking a google ad. Connected, sending proposal.",,,,
100235563,Freya,Al-Sayed,,Marketing Director,Koh & Sons Co.,freya.al-sayed@kohsons.io,+46 70 806 18 15,Sweden,,Connected ,Marketing Qualified Lead,Organic Search,,Elena Popescu,2026-01-08T00:00:00Z,2/5/2026,Found us through organic google search then landed on the product tour page. Not interested for now.,,,,
100235564,,,Freya Al-Sayed,Marketing Director,Koh & Sons Analytics,f.al-sayed@kohsons.io,46708061815,Sweden,,Connected ,Marketing Qualified Lead,Organic Search,,Elena Popescu ,1/8/2026,,Found us through organic google search then landed on the product tour page. Not interested for now. possible duplicate — verify before contacting.,,,,
100235565,Sophia,Al-Sayed,,,Koh & Sons Co.,s.al-sayed@kohsons.io,+86 130 6271 1760,China,,Connected,,,,Wei Chen,2026-01-17,6/1/2026,"Filled out the form on the pricing page. Great fit, prioritizing.",,,,
100235566,Wei Chen,Marino,,Finance Manager,Rao Ventures & Co,w.marino@raoventures.net,+92 380 4469681,Pakistan,,Closed Won,Customer,Organic Search,,Elena Popescu,3/17/2026,2026-04-12,"Googled us and ended up on the product tour page before booking a demo. Great fit, prioritizing.",,,,
100235567,Pooja,Tanaka,,Founder,Acme Ltd,p.tanaka@acme.io,+55 11 93569-4295,Brazil,,CONTACTED,Other,,,Elena Popescu,11/18/2025,2025-11-18T00:00:00Z,"Referred by Pedro Han, warm intro.",,,,
100235568,Pooja,Tanaka,,Founder,Acme Ventures,poojatanaka@acme.io,5511935694295,Brazil,,Contacted,Other,,,Elena Popescu,11/18/2025,,"Referred by Pedro Han, warm intro.",,,,
100235569,Omar,Xu,,Founder,Al-Farsi Ltd,o.xu@al-farsi.com.au,+212 6 87 66 62 24,Morocco,,Qualified,Customer,,,Marcus Wong,2026-02-28,2026-04-22,"Referred by Miguel Chen, warm intro. No response yet.",,,,
100235570,Kwame,Lim,,Head of Growth,Yoon Retail Consulting,kwame.lim@yoonretail.com.au,+82 10-6303-8343,South Korea,,CONTACTED,Sales Qualified Lead,Paid Search,,Elena Popescu,2026-05-18,,Booked a demo via the book-a-demo page after clicking a google ad. Qualifying now.,,,,
100235571,Sora,Hansen,,Marketing Director,Reyes Studio,sora.h@reyes.sg,+46 70 164 66 83,Sweden,,Opportunity,Opportunity,,,Hana Kobayashi,9/12/2025,2026-05-04,Googled us and ended up on the product tour page before booking a demo. Qualifying now.,,,,
100235572,Elin,Pereira,,Finance Manager,Hansen Digital Holdings,elin.p@hansendigital.io,+54 9 11 9736-2750,Argentina,,Qualified,Sales Qualified Lead,,,Elena Popescu,2026-06-01,2026-06-01,Found us through organic google search then landed on the pricing page.,,,,
100235573,Arjun,Bakar,,Head of Growth,Diallo Imports Co,arjunb@dialloimports.co,+34 676 206 888,Spain,,contacted,Lead,,,Rohan Mehta,2026-06-04,6/10/2026,Filled out the form on the pricing page. Not interested for now.,,,,
100235574,,,Arjun Bakar,Head of Growth,Diallo Imports and Co,arjun.bakar@dialloimports.co,34676206888,Spain,,CONTACTED,Lead,,,Rohan Mehta,6/4/2026,6/10/2026,Filled out the form on the pricing page. Not interested for now.,,,,
100235575,Yasmin,Choi,,VP Sales,Orchid Consulting,yasminc@orchid.sg,+86 138 5277 4138,China,,Closed Won,Opportunity,Social Media,,Rohan Mehta,2026-01-29,2026-02-11,Linkedin dm inbound asking about pricing.,,,,
100235576,Adam,Sun,,,Ferrari Consulting Group,a.sun@ferrariconsulting.co,+63 960 595 5493,Philippines,,CLOSED LOST,Sales Qualified Lead,Direct Traffic,,Noah Bennett,2026-06-14,2026-06-17T00:00:00Z,"Filled out the form on the case study page. Connected, sending proposal.",,,,
100235577,Amir,Ong,,Finance Manager,Larsen AS Co,amir.ong@larsenas.com,+39 355 320 5831,Italy,, Qualified,,,,Priya Nair,1/11/2026,,Filled out the form on the comparison-vs-hubspot page. No response yet.,,,,
100235578,Natasha,Ong,,,Larsen AS Co,n.ong@larsenas.com,+880 1910-159094,Bangladesh,,New,Other,,,Fatima Rahman,3/21/2026,2026-03-21,"Met at the booth during Money20/20 Asia, said they'd follow up over email. Not interested for now.",,,,
100235579,Karim,Nkrumah,,Finance Manager,Kim Trading Freight Solutions,karimn@kimtrading.biz,+45 22 33 84 95,Denmark,,CONNECTED,Marketing Qualified Lead,,,Grace Osei,2025-11-11,2026-01-30,He scanned our QR code at the Money20/20 Asia booth. Not interested for now.,,,,
100235580,Sven,Joshi,,Marketing Director,Malik & Co,svenj@malik.net,+61 455 890 244,Australia,,Connected,Opportunity,Direct Traffic,,Rohan Mehta,2026-01-30,2026-01-30,Filled out the form on the product tour page. No response yet.,,,,
100235581,Miguel,Nguyen,,VP Sales,Lau Inc,m.nguyen@lau.com.au,+30 692 994 2124,Greece,,Closed Lost,Marketing Qualified Lead,,,Fatima Rahman,2026-05-25,2026-05-30,"Connected on LinkedIn after commenting on our post. Great fit, prioritizing.",,,,
100235582,Diego,Mensah,,Marketing Director,Yang Freight Holdings,diego.mensah@yangfreight.io,+971 54 518 6352,UAE,,Closed Won,Other,Direct Traffic,,Fatima Rahman,2026-02-15,2026-04-17,"Filled out the form on the pricing page. Great fit, prioritizing.",,,,
100235583,Wei Chen,Schmidt,,,Jung Studio Ltd,w.schmidt@jungstudio.co,+61 460 239 701,Australia,,opportunity,Customer,Organic Search,,Diego Alvarez ,2026-03-12T00:00:00Z,5/6/2026,Found us through organic google search then landed on the case study page.,,,,90
100235584,Daniel,Ferreira,,Finance Manager,Jung Studio Freight,danielf@jungstudio.com.au,+31 6 3788 5830,Netherlands,,Qualified,Sales Qualified Lead,Other Campaigns,,Rohan Mehta,2026-05-23T00:00:00Z,6/16/2026,Other - reached out via our general info@ inbox. Qualifying now.,,,,
100235585,Rui,Martinez,,,Toure Consulting Pte. Ltd.,r.martinez@toureconsulting.io,+62 866-8581-9827,Indonesia,,Opportunity,Other,Offline Sources,,Marcus Wong,2025-11-10,2026-03-28,"Spoke with them at our Mobile World Congress booth, no QR scan logged. Not interested for now.",,,,
100235586,Zainab,Sorensen,,,Rao Ventures Co,zainab.s@raoventures.com.au,+52 55 2717 2359,Mexico,,Contacted,Other,,,Fatima Rahman,9/16/2025,,"Booked a demo via the book-a-demo page after clicking a google ad. Great fit, prioritizing.",,,,
100235587,Siti,Ocampo,,VP Sales,Singh Logistics Studio,s.ocampo@singhlogistics.biz,+86 137 8667 1769,China,,Connected,Sales Qualified Lead,Referrals,,Wei Chen,2026-06-14,2026-06-17,"Referred by Mia Ba, warm intro. No response yet.",,,,
100235588,,,S. Ocampo,VP Sales,Singh Logistics Robotics,siti.ocampo@singhlogistics.biz,8613786671769,china,,Connected,Sales Qualified Lead,Referrals,,Wei Chen,2026-06-14T00:00:00Z,2026-06-17,"Referred by Mia Ba, warm intro. No response yet.",,,,
100235589,Fatima,Liu,,,Gupta Textiles Pte. Ltd.,fatima.liu@guptatextiles.com.au,+52 55 6375 9765,Mexico,,Closed Won,Lead,Organic Search,,Rohan Mehta,2025-11-02,,Googled us and ended up on the homepage before booking a demo. Not interested for now.,,,,
100235590,Lars,Foster,,Founder,Osei Consulting,lars.f@osei.com.au,+44 7807 470388,United Kingdom,, Contacted,,,,Elena Popescu,2025-10-01,3/20/2026,"Referred by Erik Wong, warm intro. Connected, sending proposal.",,,,
100235591,Laura,Bennett,,Operations Lead,Williams & Co,laura.bennett@williams.sg,+82 10-9324-4931,South Korea,,Qualified,Opportunity,,,Wei Chen,2026-04-22,,"Spoke with them at our Mobile World Congress booth, no QR scan logged. Very interested, wants pricing call.",,,,51
100235592,Grace,Malik,,,Han Imports Freight Solutions,gracem@hanimports.sg,+61 452 648 993,Australia,,CLOSED WON,Other,Other Campaigns,,Diego Alvarez,2026-03-29,,Other - walked into our office without an appointment.,,,,
100235593,Pedro,Malik,,,Bennett and Co,pedrom@bennett.biz,+212 6 24 77 84 39,Morocco,,Opportunity,Sales Qualified Lead,,,Fatima Rahman,2025-09-12T00:00:00Z,10/4/2025,Linkedin dm inbound asking about pricing. Qualifying now.,,,,
100235594,Jun Wei,Martinez,,,Muller GmbH & Co,junweim@mullergmbh.net,+54 9 11 8433-3224,Argentina,,Closed Won,Opportunity,,,Marcus Wong,4/21/2026,,He scanned our QR code at the APAC Logistics Summit booth.,,,,
100235595,Julien,Almeida,,,Weber Analytics Ventures,j.almeida@weberanalytics.sg,+233 27 767 6884,Ghana,,OPPORTUNITY,Marketing Qualified Lead,Social Media,,Fatima Rahman,2025-12-19,2026-04-19T00:00:00Z,"Linkedin dm inbound asking about pricing. Left voicemail, will retry.",,,,
100235596,Tom,Schmidt,,Head of Growth,Patel Fintech and Co,t.schmidt@patelfintech.net,+63 943 169 3791,Philippines,,CLOSED WON,,Referrals,,Fatima Rahman,10/14/2025,2026-04-17,"Referred by Ingrid Greco, warm intro.",,,,
100235597,Amina,Li,,Head of Growth,Diallo Imports Retail Group,amina.li@dialloimports.com,+233 29 416 2618,Ghana,,closed lost,Marketing Qualified Lead,Offline Sources,,Wei Chen,2026-01-20,2026-05-19,"Scanned the QR code at our London Tech Week booth. Very interested, wants pricing call.",,,,
100235598,Aiko,Kang,,,Koh & Sons Inc,aiko.kang@kohsons.com,+63 934 412 7268,Philippines,,OPPORTUNITY,Opportunity,,,Marcus Wong,3/15/2026,,Scanned the QR code at our London Tech Week booth.,,,,
100235599,Carlos,Pham,,,Park Biotech Co.,carlos.pham@parkbiotech.sg,+65 9576 8795,Singapore,,Opportunity,Sales Qualified Lead,Organic Search,,Priya Nair,2025-10-01,,Found us through organic google search then landed on the case study page. Not interested for now.,,,,
100235600,Carlos,Pham,,,Park Biotech Trading Co,carlos.pham@parkbiotech.sg,+65 9576 8795,Singapore,,Opportunity ,Sales Qualified Lead,Organic Search,,Priya Nair,2025-10-01,2025-10-01,Found us through organic google search then landed on the case study page. Not interested for now. possible duplicate — verify before contacting.,,,,
100235601,Rohan,Meyer,,Head of Growth,Mensah Trading Solutions,r.meyer@mensahtrading.com,+62 870-1103-8451,Indonesia,,CONNECTED,Sales Qualified Lead,Other Campaigns,,Fatima Rahman,2026-03-28,2026-03-28,"Other - walked into our office without an appointment. Connected, sending proposal.",,,,
100235602,Rin,Osei,,,Reyes Analytics,rin.osei@reyes.biz,+49 159 8483940,Germany,,Closed Won ,,,,Hana Kobayashi,12/2/2025,12/7/2025,Googled us and ended up on the homepage before booking a demo. No response yet.,,,,
100235603,Rin,Nkrumah,,Operations Lead,Asante Retail Consulting,rinn@asanteretail.com.au,+81 82-1607-3153,Japan,,New,Lead,,,Elena Popescu,2025-10-27T00:00:00Z,3/13/2026,"Referred by Kevin Lim, warm intro. Great fit, prioritizing.",,,,
100235604,Ana,Hoffmann,,Head of Growth,Patel Fintech Digital,ana.hoffmann@patelfintech.sg,+65 9419 8474,Singapore,,CONNECTED,Lead,Referrals,,Rohan Mehta,2025-12-28,6/14/2026,"Referred by Rachel Martinez, warm intro. Not interested for now.",,,,
100235605,Liam,Muller,,VP Sales,Kang Holdings Analytics,l.muller@kangholdings.biz,+852 7335 5564,Hong Kong,,opportunity,Sales Qualified Lead,Social Media,,Rohan Mehta,2026-04-12,,Connected on LinkedIn after commenting on our post. Qualifying now.,,,,
100235606,Francesca,Al-Sayed,,,Schmidt AG Consulting,francesca.al-sayed@schmidtag.co,+61 437 102 162,australia,,New,Lead,Organic Search,,Rohan Mehta,5/24/2026,,Googled us and ended up on the contact page before booking a demo. Qualifying now.,,,,
100235607,Jonathan,Ocampo,,VP Sales,Choi Logistics Ltd,j.ocampo@choilogistics.sg,+44 7771 818810,United Kingdom,,Qualified,Marketing Qualified Lead,,,Hana Kobayashi,2026-05-31,2026-06-18T00:00:00Z,Manually added by sales after a phone call from a cold outreach list.,,,,
100235608,Ama,Liu,,VP Sales,Nimbus Pte Ltd,amal@nimbus.com.au,+1 455 555 0155,United States,, New,Lead,Offline Sources,,Fatima Rahman,4/17/2026,2026-04-17,Scanned the QR code at our Money20/20 Asia booth. Qualifying now.,,,,
100235609,Ama,Liu,,VP Sales,Nimbus Freight Solutions,ama.liu@nimbus.com.au,14555550155,United States,,new,Lead,Offline Sources,,Fatima Rahman,2026-04-17,4/17/2026,Scanned the QR code at our Money20/20 Asia booth. Qualifying now. possible duplicate — verify before contacting.,,,,
100235610,Rin,Weber,,VP Sales,Kilat Retail Inc.,rin.weber@kilatretail.biz,+86 130 3260 5374,China,,closed lost,Other,Direct Traffic,,Priya Nair ,2025-11-11T00:00:00Z,2026-03-29,"Filled out the form on the homepage. Left voicemail, will retry.",,,,
100235611,Camille,Wu,,VP Sales,Yang Freight Inc.,c.wu@yangfreight.sg,+34 691 297 521,Spain,, Connected,Marketing Qualified Lead,,,Fatima Rahman,2/24/2026,2/26/2026,"Met her at the Money20/20 Asia booth, scanned our QR code.",,,,
100235612,Hui Fang,Bakar,,Founder,Tanaka Trading,huifang.bakar@tanaka.com,+84 97 716 3832,Vietnam,,Contacted,Lead,,,Diego Alvarez,2026-04-07,4/13/2026,"Met her at the London Tech Week booth, scanned our QR code.",,,,
100235613,Michael,Adjei,,Operations Lead,Delta Pte Ltd,michaela@delta.biz,+54 9 11 7131-1188,Argentina,, Qualified,Other,Other Campaigns,,Noah Bennett,2026-04-11,2026-05-09T00:00:00Z,"Other - reached out via our general info@ inbox. Connected, sending proposal.",,,,
100235614,Nur,Tanaka,,VP Sales,Han Imports Holdings,nur.tanaka@hanimports.io,+351 94 836 4358,Portugal,,Closed Lost,Sales Qualified Lead,,,Hana Kobayashi,2025-11-16,2026-02-13T00:00:00Z,"Referred by Farah Osei, warm intro. Very interested, wants pricing call.",,,,
100235615,Pedro,Muller,,Head of Growth,Toure Consulting Freight Solutions,pedro.m@toureconsulting.net,+34 699 901 509,Spain,,Contacted,,,,Wei Chen,2026-01-20,,"Filled out the form on the contact page. Great fit, prioritizing.",,,,
100235616,Oluwaseun,Muller,,,Toure Consulting Freight Solutions,oluwaseun.m@toureconsulting.net,+91 74114 40840,India,,Connected,,Other Campaigns,,Diego Alvarez,2025-12-17,3/5/2026,Manual - added after inbound phone call.,,,,
100235617,Aisha,Fischer,,,Liu Trading and Co,aishaf@liutrading.net,+66 6 2656 9078,Thailand,,Closed Won,Marketing Qualified Lead,,,Rohan Mehta,2026-06-09T00:00:00Z,2026-06-09,"Met at the booth during SaaStr Annual, said they'd follow up over email. Very interested, wants pricing call.",,,,
100235618,Aisha,Fischer,,,Liu Trading and Studio,aishafischer@liutrading.net,66626569078,Thailand,,Closed Won,Marketing Qualified Lead,,,Rohan Mehta ,6/9/2026,2026-06-09T00:00:00Z,"Met at the booth during SaaStr Annual, said they'd follow up over email. Very interested, wants pricing call.",,,,
100235619,Bashir,Kapoor,,VP Sales,Foster Analytics,bashir.kapoor@foster.co,+92 330 1491699,Pakistan,,new,Other,Offline Sources,,Noah Bennett,9/27/2025,,Scanned the QR code at our SaaStr Annual booth.,,,,
100235620,Camille,Foster,,Operations Lead,Delta and Co,camille.foster@delta.com,+61 448 586 932,Australia,,New,Marketing Qualified Lead,Direct Traffic,,Marcus Wong,5/13/2026,2026-06-19T00:00:00Z,Filled out the form on the contact page.,,,,
100235621,Divya,Bruno,,Founder,Asante Retail Holdings,divyab@asanteretail.net,+65 8178 4375,singapore,,QUALIFIED,Sales Qualified Lead,,,Fatima Rahman,2/20/2026,2026-05-21,"Met her at the Dubai FinTech Week booth, scanned our QR code. Great fit, prioritizing.",,,,
100235622,Thanh,Costa,,VP Sales,Sato Studio,t.costa@sato.sg,+82 10-4322-7294,South Korea,,CONNECTED,Opportunity,,,Hana Kobayashi,2025-11-01,3/5/2026,"Found us through organic google search then landed on the blog post on lead scoring. Very interested, wants pricing call.",,,,
100235623,Julien,Lim,,Operations Lead,Orchid Retail Group,julienl@orchid.co,+852 6318 7475,hong kong,,Contacted,Marketing Qualified Lead,,,Marcus Wong,2026-03-20,5/8/2026,"Referred by Abena Diallo, warm intro. Connected, sending proposal.",,,,
100235624,Leila,Johnson,,,Delta Pte. Ltd.,leila.johnson@delta.biz,+30 695 943 3378,Greece,,Qualified,Lead,Offline Sources,,Priya Nair,5/4/2026,2026-05-17T00:00:00Z,"Spoke with them at our Singapore FinTech Festival 2026 booth, no QR scan logged. Connected, sending proposal.",,,,
100235625,Siti,Mehta,,Operations Lead,Rossi SRL Analytics,siti.mehta@rossisrl.sg,+65 9978 4745,Singapore,,New,Marketing Qualified Lead,,,Marcus Wong,2026-03-08T00:00:00Z,,"Linkedin dm inbound asking about pricing. Connected, sending proposal.",,,,
100235626,Ha-eun,Bakar,,,Asante Retail Robotics,ha-eun.b@asanteretail.co,+30 695 887 3547,Greece,,Qualified,Customer,,,Elena Popescu,4/6/2026,,Googled us and ended up on the blog post on lead scoring before booking a demo.,,,,
100235627,Camille,Petersen,,Head of Growth,Nord Consulting,c.petersen@nord.co,+48 663 146 880,Poland,,Closed Lost,,Paid Search,,Elena Popescu,2026-04-25,2026-06-10,"Booked a demo via the book-a-demo page after clicking a google ad. Connected, sending proposal.",,,,
100235628,Nur,Marino,,,Foster Ventures,nur.marino@foster.sg,+351 94 924 5318,Portugal,,closed won,Other,Social Media,,Hana Kobayashi ,2026-05-31,6/7/2026,"Saw our post about replacing hubspot and commented. Left voicemail, will retry.",,,,
100235629,Ha-eun,Marino,,Founder,Chen Digital Trading,h.marino@chendigital.com,+92 350 5354696,Pakistan,,CLOSED WON,,,,Noah Bennett,2026-05-29,,Filled out the form on the homepage.,,,,
100235630,Olivia,Agyemang,,VP Sales,Osei Partners,olivia.a@osei.sg,+30 693 466 3054,Greece,,Contacted ,Customer,Social Media,,Noah Bennett,2026-05-17,5/20/2026,"Saw our post about replacing hubspot and commented. Connected, sending proposal.",,,,
100235631,Hui Fang,Aina,,Operations Lead,Yang Freight Studio,h.aina@yangfreight.net,+233 23 691 7850,Ghana,,Closed Lost,Lead,Direct Traffic,,Grace Osei,2026-04-19,2026-05-05,Filled out the form on the case study page. No response yet.,,,,
100235632,Thanh,Li,,Founder,Diallo Imports Ventures,t.li@dialloimports.co,+92 370 4524186,Pakistan,,Closed Won,Opportunity,,,Wei Chen,4/22/2026,5/3/2026,"Met her at the Web Summit 2026 booth, scanned our QR code.",,,,
100235633,Jia Hui,Patel,,,Reddy Holdings Co,jiahuip@reddyholdings.com.au,+81 79-5394-7621,Japan,,Opportunity,Customer,Direct Traffic,,Fatima Rahman,2025-09-17T00:00:00Z,2025-11-09,Filled out the form on the pricing page. Qualifying now.,,,,
100235634,Diego,Schmidt,,Finance Manager,Malik Ltd,diego.s@malik.com,+54 9 11 1414-2170,Argentina,,qualified,Opportunity,,,Priya Nair,2025-12-20,2026-01-09,Connected on LinkedIn after commenting on our post.,,,,
100235635,Elijah,Martinez,,Marketing Director,Muller GmbH Digital,elijahm@mullergmbh.io,+971 56 347 1087,UAE,,OPPORTUNITY,Marketing Qualified Lead,,,Elena Popescu,2025-09-17T00:00:00Z,2026-03-02,Googled us and ended up on the homepage before booking a demo.,,,,
100235636,Elijah,Martinez,,Marketing Director,Muller GmbH Inc,elijahmartinez@mullergmbh.io,971563471087,UAE,,Opportunity,Marketing Qualified Lead,,,Elena Popescu,2025-09-17,3/2/2026,Googled us and ended up on the homepage before booking a demo.,,,,
100235637,Kai,Ricci,,Operations Lead,Muller GmbH Partners,kair@mullergmbh.biz,+34 636 702 600,Spain,,Connected,Customer,,,Elena Popescu,2026-03-11,,Manual - added after inbound phone call.,,,,
100235638,Kai,Ricci,,Operations Lead,Muller GmbH Inc,k.ricci@mullergmbh.biz,34636702600,Spain,,Connected,Customer,,,Elena Popescu,2026-03-11T00:00:00Z,2026-03-11,Manual - added after inbound phone call. possible duplicate — verify before contacting.,,,,
100235639,,,K. Ricci,Operations Lead,Muller GmbH Studio,kai.ricci@mullergmbh.biz,34636702600,Spain,,connected,Customer,,,Elena Popescu,2026-03-11T00:00:00Z,,Manual - added after inbound phone call. possible duplicate — verify before contacting.,,,,
100235640,Amina,Appiah,,,Kowalski Pte. Ltd.,a.appiah@kowalski.com,+39 358 436 1547,Italy,,contacted,,Other Campaigns,,Noah Bennett,5/17/2026,,"Manually added by sales after a phone call from a cold outreach list. Left voicemail, will retry.",,,,
100235641,Ines,Seo,,,Patel Fintech and Co,iness@patelfintech.net,+66 7 1942 8279,Thailand,,CLOSED WON,Sales Qualified Lead,Referrals,,Elena Popescu,3/21/2026,2026-06-07,"Referred by Carlos Patel, warm intro.",,,,
100235642,,,Ines Seo,,Patel Fintech and Group,ines.seo@patelfintech.net,66719428279,Thailand,,CLOSED WON,Sales Qualified Lead,Referrals,,Elena Popescu,2026-03-21,,"Referred by Carlos Patel, warm intro. possible duplicate — verify before contacting.",,,,
100235643,Ines,Seo,,,Patel Fintech and and Co,inesseo@patelfintech.net,66719428279,Thailand,,Closed Won,Sales Qualified Lead,Referrals,,Elena Popescu,2026-03-21T00:00:00Z,2026-06-07,"Referred by Carlos Patel, warm intro. possible duplicate — verify before contacting.",,,,
100235644,Noah,Aina,,,Weber Analytics Trading Co,noah.a@weberanalytics.com,+1 227 555 0100,United States,,Opportunity,Customer,Direct Traffic,,Wei Chen,2026-05-31,2026-06-10,"Filled out the form on the comparison-vs-hubspot page. Left voicemail, will retry.",,,,
100235645,Charlotte,Iyer,,VP Sales,Wong Legal Pte. Ltd.,charlotte.i@wonglegal.com.au,+234 808 753 3288,Nigeria,,Connected,Opportunity,Organic Search,,Elena Popescu,11/4/2025,2026-05-12,"Found us through organic google search then landed on the homepage. Great fit, prioritizing.",,,,
100235646,Mei Ling,Mehta,,,Reddy Holdings Solutions,meiling.mehta@reddyholdings.sg,+7 973 749 58 83,Russia,,Contacted,Marketing Qualified Lead,,,Fatima Rahman,2025-11-27,,Connected on LinkedIn after commenting on our post. Qualifying now.,,,,
100235647,Yasmin,Carvalho,,,Chua Textiles Analytics,y.carvalho@chuatextiles.com.au,+45 26 71 27 61,Denmark,, Closed Won,Marketing Qualified Lead,,,Priya Nair,5/19/2026,6/18/2026,"Met her at the Mobile World Congress booth, scanned our QR code. Connected, sending proposal.",,,,
100235648,Siti,Tanaka,,,Chua Textiles Consulting,siti.t@chuatextiles.biz,+880 1607-568946,Bangladesh,,contacted,Customer,Direct Traffic,,Noah Bennett,12/6/2025,2/8/2026,Filled out the form on the pricing page.,,,,
100235649,Astrid,Cruz,,Marketing Director,Reyes Trading,astridc@reyes.com,+39 392 959 1862,Italy,,opportunity,Sales Qualified Lead,Direct Traffic,,Noah Bennett,2025-12-09,,"Filled out the form on the pricing page. Left voicemail, will retry.",,,,30
100235650,Kevin,Lau,,Founder,Hansen Digital & Co,kevin.lau@hansendigital.sg,+63 963 121 9665,Philippines,,Contacted ,Opportunity,,,Hana Kobayashi,2025-09-20,2026-02-10,Saw our post about replacing hubspot and commented.,,,,
100235651,Zara,Park,,Operations Lead,Malik Ltd,zara.p@malik.sg,+91 98094 39220,India,,Closed Lost,Lead,,,Fatima Rahman,2025-12-11,2026-01-09,Scanned the QR code at our Mobile World Congress booth.,,,,
100235652,Bjorn,Larsen,,Founder,Li Consulting Trading,bjornl@liconsulting.com.au,+233 26 870 1518,Ghana,,Qualified,,,,Fatima Rahman,2026-01-07T00:00:00Z,2026-02-22,"Referred by Wei Gupta, warm intro.",,,,
100235653,Meera,Sim,,Operations Lead,Nimbus Co,m.sim@nimbus.co,+971 54 373 5379,UAE,,New,,Social Media,,Hana Kobayashi ,2025-11-26,2026-02-22,"Linkedin dm inbound asking about pricing. Great fit, prioritizing.",,,,
100235654,Elena,Hoffmann,,Founder,Kim Trading Pte. Ltd.,elena.h@kimtrading.co,+92 330 9652307,Pakistan,,QUALIFIED,Other,,,Diego Alvarez,2025-10-03,10/4/2025,"Referred by Chloe Rasmussen, warm intro. No response yet.",,,,
100235655,Mia,Andersen,,Operations Lead,Chua Textiles and Co,mia.a@chuatextiles.biz,+84 94 600 7726,Vietnam,,Closed Lost,Lead,Organic Search,,Diego Alvarez,2025-12-23,2026-05-05T00:00:00Z,"Googled us and ended up on the blog post on lead scoring before booking a demo. Very interested, wants pricing call.",,,,
100235656,Ama,Seo,,,Sayed Trading Ltd,amas@sayedtrading.co,+66 8 9479 1549,Thailand,,New,Marketing Qualified Lead,,,Hana Kobayashi,2026-05-02,,"Referred by Yuki Rahman, warm intro. No response yet.",,,,
100235657,Grace,Agyemang,,,Weber Analytics & Co,g.agyemang@weberanalytics.biz,+971 54 535 9342,UAE,,Contacted,Marketing Qualified Lead,,,Priya Nair,2026-03-22T00:00:00Z,5/17/2026,Manually added by sales after a phone call from a cold outreach list. Not interested for now.,,,,
100235658,Aisha,Costa,,Marketing Director,Cruz & Partners Retail Group,aisha.c@cruzpartners.com.au,+39 353 614 6398,Italy,,Closed Lost,Customer,Referrals,,Priya Nair,3/18/2026,2026-04-13T00:00:00Z,"Referred by Olivia Mehta, warm intro. Great fit, prioritizing.",,,,
100235659,Ravi,Williams,,,Reyes Inc,ravi.w@reyes.biz,+84 94 763 7923,Vietnam,,CLOSED WON,Other,,,Marcus Wong,6/7/2026,2026-06-17T00:00:00Z,"Manually added by sales after a phone call from a cold outreach list. Very interested, wants pricing call.",,,,
100235660,,,Ravi Williams,,Reyes Studio,r.williams@reyes.biz,+84 94 763 7923,Vietnam,,Closed Won,Other,,,Marcus Wong,2026-06-07,,"Manually added by sales after a phone call from a cold outreach list. Very interested, wants pricing call.",,,,
100235661,Ravi,Williams,,,Reyes & Co,r.williams@reyes.biz,84947637923,Vietnam,,CLOSED WON,Other,,,Marcus Wong,6/7/2026,2026-06-17,"Manually added by sales after a phone call from a cold outreach list. Very interested, wants pricing call. possible duplicate — verify before contacting.",,,,
100235662,Olivia,Martins,,,Yang Freight Freight,olivia.martins@yangfreight.io,+44 7867 417180,United Kingdom,,CLOSED LOST,Other,,,Elena Popescu,2025-09-10,,Booked a demo via the book-a-demo page after clicking a google ad. Not interested for now.,,,,
100235663,Catarina,Goh,,Operations Lead,Santos Ltda and Co,catarinag@santosltda.io,+44 7727 831250,United Kingdom,,contacted,,Social Media,,Marcus Wong,2026-04-27T00:00:00Z,2026-05-04T00:00:00Z,"Saw our post about replacing hubspot and commented. Very interested, wants pricing call.",,,,
100235664,Charlotte,Sy,,,Li Consulting and Co,c.sy@liconsulting.net,+55 11 92526-6383,Brazil,,NEW,Marketing Qualified Lead,,,Hana Kobayashi,2025-09-24,2025-09-24T00:00:00Z,"Met her at the Mobile World Congress booth, scanned our QR code. Connected, sending proposal.",,,,
100235665,Femi,Nair,,,Chua Textiles Studio,f.nair@chuatextiles.sg,+31 6 5901 9627,Netherlands,,connected,,,,Priya Nair,2025-09-10,6/1/2026,Saw our post about replacing hubspot and commented. Qualifying now.,,,,
100235666,Femi,Nair,,,Chua Textiles Trading,femi.nair@chuatextiles.sg,31659019627,Netherlands,,CONNECTED,,,,Priya Nair,2025-09-10,,Saw our post about replacing hubspot and commented. Qualifying now. possible duplicate — verify before contacting.,,,,
100235667,Zara,Hoffmann,,,Ivanova and Co,zarah@ivanova.co,+61 451 922 709,Australia,,Qualified,Other,Other Campaigns,,Wei Chen,2026-01-08,2026-05-21,Manual - added after inbound phone call.,,,,57
100235668,Priya,Han,,,Cruz & Partners & Co,p.han@cruzpartners.com,+49 168 8572382,Germany,, Qualified,,,,Priya Nair,2026-01-06,2026-04-30,"Met her at the TechCrunch Disrupt booth, scanned our QR code. No response yet.",,,,
100235669,Lars,Ndiaye,,,Reddy Holdings and Co,lars.ndiaye@reddyholdings.biz,+44 7904 967244,United Kingdom,,Closed Lost,Sales Qualified Lead,,,Rohan Mehta,2026-06-07T00:00:00Z,2026-06-07,Booked a demo via the book-a-demo page after clicking a google ad. Not interested for now.,,,,
100235670,Lars,Ndiaye,,,Reddy Holdings and Solutions,larsndiaye@reddyholdings.biz,447904967244,United Kingdom,, Closed Lost,Sales Qualified Lead,,,Rohan Mehta,2026-06-07T00:00:00Z,6/7/2026,Booked a demo via the book-a-demo page after clicking a google ad. Not interested for now. possible duplicate — verify before contacting.,,,,
100235671,Hana,Ong,,Marketing Director,Kang Holdings Trading,h.ong@kangholdings.io,+30 693 111 7288,Greece,,Qualified,Opportunity,,,Marcus Wong,2026-04-21,5/27/2026,"Referred by Amir Chua, warm intro. Very interested, wants pricing call.",,,,
100235672,Lucas,Boateng,,,Verma Consulting Analytics,lucas.b@vermaconsulting.sg,+55 11 98602-9117,Brazil,,Qualified,Customer,,,Wei Chen,2026-03-10,2026-05-04,"Met her at the Money20/20 Asia booth, scanned our QR code. Great fit, prioritizing.",,,,52
100235673,Tom,Weber,,,Acme Pte Ltd,tomw@acme.com,+46 70 150 93 94,Sweden,,Closed Lost,Opportunity,,,Noah Bennett,2025-11-15,,"Filled out the form on the book-a-demo page. Left voicemail, will retry.",,,,
100235674,Ibrahim,Alves,,,Ng Freight Pte. Ltd.,ibrahim.a@ngfreight.com.au,+45 26 48 30 95,Denmark,,Closed Lost ,Marketing Qualified Lead,,,Diego Alvarez,9/6/2025,2025-11-22,"Met her at the Web Summit 2026 booth, scanned our QR code. Left voicemail, will retry.",,,,
100235675,Sara,Lim,,Founder,Li Consulting Consulting,s.lim@liconsulting.sg,+65 8585 6971,Singapore,,Contacted,Other,,,Priya Nair,4/18/2026,2026-05-14,Scanned the QR code at our London Tech Week booth. No response yet.,,,,
100235676,Francesca,Huang,,,Sato Co,f.huang@sato.co,+62 894-4181-8899,Indonesia,,CLOSED LOST,Customer,Offline Sources,,Grace Osei,3/27/2026,2026-03-27,Scanned the QR code at our Dubai FinTech Week booth.,,,,
100235677,Francesca,Huang,,,Sato Retail Group,francesca.huang@sato.co,6289441818899,Indonesia,,Closed Lost,Customer,Offline Sources,,Grace Osei,3/27/2026,2026-03-27T00:00:00Z,Scanned the QR code at our Dubai FinTech Week booth.,,,,
100235678,Vikram,Lee,,,Reddy Holdings Solutions,vikram.lee@reddyholdings.sg,+971 58 525 3108,UAE,,Closed Won,Marketing Qualified Lead,,,Grace Osei,2025-10-04T00:00:00Z,2025-10-06T00:00:00Z,Manual - added after inbound phone call. No response yet.,,,,
100235679,Rania,Teo,,,Muller GmbH Labs,rania.teo@mullergmbh.co,+49 161 7434509,Germany,, Contacted,Sales Qualified Lead,,,Priya Nair,2025-10-08,1/6/2026,"Linkedin dm inbound asking about pricing. Great fit, prioritizing.",,,,
100235680,Laura,Schmidt,,VP Sales,Nimbus Solutions,laura.s@nimbus.net,+65 8391 1185,Singapore,,Opportunity,Marketing Qualified Lead,Offline Sources,,Priya Nair,2/7/2026,2026-04-27,"Met her at the TechCrunch Disrupt booth, scanned our QR code. Qualifying now.",,,,
100235681,Rania,Costa,,Finance Manager,Popescu Partners,rania.c@popescu.com.au,+49 170 1353022,Germany,,closed lost,Opportunity,Paid Search,,Rohan Mehta,6/4/2026,6/4/2026,Booked a demo via the book-a-demo page after clicking a google ad. Qualifying now.,,,,
100235682,Liam,Patel,,,Larsen AS Studio,liamp@larsenas.sg,+33 6 12 74 74 16,France,,Closed Won,,Other Campaigns,,Noah Bennett,5/8/2026,2026-05-08T00:00:00Z,Manual - added after inbound phone call. Qualifying now.,,,,35
100235683,Kevin,Park,,,Chen Digital Inc.,kevin.p@chendigital.net,+48 525 198 443,Poland,,opportunity,Sales Qualified Lead,Offline Sources,,Rohan Mehta,2/21/2026,2026-04-05,"Met at the booth during APAC Logistics Summit, said they'd follow up over email.",,,,
100235684,Marco,Tan,,Marketing Director,Goh Digital and Co,marcot@gohdigital.co,+31 6 8868 1929,Netherlands,,Closed Won,Customer,,,Wei Chen,12/10/2025,2025-12-10T00:00:00Z,Filled out the form on the comparison-vs-hubspot page.,,,,
100235685,Karim,Asante,,,Huang Analytics Labs,karim.asante@huanganalytics.sg,+351 92 113 3258,Portugal,,CLOSED LOST,Opportunity,,,Marcus Wong,2026-06-01,,Booked a demo via the book-a-demo page after clicking a google ad.,,,,
100235686,Siti,Ndiaye,,,Nimbus Analytics,siti.ndiaye@nimbus.com.au,+7 944 957 11 89,Russia,,opportunity,Customer,Referrals,,Marcus Wong,2025-09-06,9/28/2025,"Referred by Jia Hui Reyes, warm intro.",,,,
100235687,Leila,Seo,,Head of Growth,Muller GmbH Labs,l.seo@mullergmbh.biz,+40 725 150 738,Romania,,closed lost,Customer,Other Campaigns,,Noah Bennett,2025-09-23T00:00:00Z,,Other - reached out via our general info@ inbox. Not interested for now.,,,,
100235688,Divya,Verma,,Operations Lead,Ferrari Consulting & Co,divya.verma@ferrariconsulting.com.au,+81 87-1266-2978,Japan,,closed lost,Customer,,,Elena Popescu,2026-03-19,,Linkedin dm inbound asking about pricing. No response yet.,,,,
100235689,Tunde,Sy,,,Acme Trading Co,tunde.s@acme.com,+82 10-6072-9876,South Korea,, Qualified,Lead,Direct Traffic,,Hana Kobayashi,2025-09-06,11/23/2025,Filled out the form on the contact page.,,,,
100235690,,,Tunde Sy,,Acme Trading Robotics,tunde.sy@acme.com,821060729876,South Korea,,Qualified,Lead,Direct Traffic,,Hana Kobayashi,2025-09-06,,Filled out the form on the contact page. possible duplicate — verify before contacting.,,,,
100235691,Ha-eun,Joshi,,VP Sales,BluePeak and Co,ha-eun.j@bluepeak.com,+33 6 56 37 22 97,France,,Closed Won,Sales Qualified Lead,,,Hana Kobayashi,2025-09-28,,He scanned our QR code at the Money20/20 Asia booth. Qualifying now.,,,,
100235692,Nadia,Yap,,,Fischer Trading Freight Solutions,nadia.y@fischertrading.com.au,+33 6 90 95 81 68,France,,QUALIFIED,Customer,,,Priya Nair,3/11/2026,,Filled out the form on the blog post on lead scoring. Not interested for now.,,,,
100235693,Rania,Yoon,,,Ivanova Inc.,rania.y@ivanova.biz,+61 497 236 315,Australia,,Opportunity,,,,Noah Bennett,1/27/2026,2026-03-15,"Filled out the form on the homepage. Left voicemail, will retry.",,,,
100235694,Nadia,Ng,,Marketing Director,Lau Partners,nadian@lau.net,+91 71531 27912,India,,contacted,Other,Other Campaigns,,Wei Chen,2025-09-12,2026-01-18,"Manually added by sales after a phone call from a cold outreach list. Very interested, wants pricing call.",,,,
100235695,Nadia,Ng,,Marketing Director,Lau Inc.,nadia.ng@lau.net,+91 71531 27912,India,,Contacted,Other,Other Campaigns,,Wei Chen,2025-09-12,2026-01-18T00:00:00Z,"Manually added by sales after a phone call from a cold outreach list. Very interested, wants pricing call. possible duplicate — verify before contacting.",,,,
100235696,Min-jun,Ferrari,,,Park Biotech Studio,min-jun.ferrari@parkbiotech.com.au,+852 9326 3036,Hong Kong,,new,Lead,,,Noah Bennett,2026-01-24,3/19/2026,Manually added by sales after a phone call from a cold outreach list.,,,,
100235697,,,Min-jun Ferrari,,Park Biotech Group,min-junferrari@parkbiotech.com.au,85293263036,Hong Kong,,NEW,Lead,,,Noah Bennett,2026-01-24,2026-03-19,Manually added by sales after a phone call from a cold outreach list. possible duplicate — verify before contacting.,,,,
100235698,Vikram,Osei,,,Gupta Textiles Pte. Ltd.,vikram.o@guptatextiles.biz,+46 70 845 16 26,Sweden,,Qualified,Sales Qualified Lead,,,Priya Nair,2026-04-11,2026-05-27,"Linkedin dm inbound asking about pricing. Very interested, wants pricing call.",,,,
100235699,Yasmin,Weber,,VP Sales,Fischer Trading and Co,yasmin.weber@fischertrading.sg,+31 6 8337 5378,Netherlands,,Connected,Customer,Other Campaigns,,Hana Kobayashi,12/16/2025,2025-12-16,Other - reached out via our general info@ inbox. Qualifying now.,,,,
100235700,Ji-woo,Mensah,,,Orchid Group,j.mensah@orchid.com.au,+91 96985 64649,India,,Closed Won,,,,Noah Bennett,2026-01-30,3/4/2026,Filled out the form on the comparison-vs-hubspot page.,,,,
100235701,Vikram,Agyemang,,,Lau Pte Ltd,vikram.agyemang@lau.com,+92 370 8330592,Pakistan,,closed lost,Other,,,Wei Chen,2025-11-10,2026-06-07,"Referred by Catarina Mehta, warm intro. Connected, sending proposal.",,,,
100235702,Tiago,Johnson,,Head of Growth,Rossi SRL Inc.,tiago.j@rossisrl.io,+52 55 9946 8914,Mexico,, New,Sales Qualified Lead,Social Media,,Rohan Mehta,1/27/2026,2026-01-27T00:00:00Z,"Linkedin dm inbound asking about pricing. Left voicemail, will retry.",,,,
100235703,Ha-eun,Costa,,,Kilat Retail Digital,ha-eunc@kilatretail.com.au,+48 549 794 654,Poland,,CONTACTED,Lead,Direct Traffic,,Elena Popescu,2026-04-16,6/5/2026,Filled out the form on the pricing page. Qualifying now.,,,,
100235704,Rohan,Appiah,,Operations Lead,Teo Consulting Ventures,rohana@teoconsulting.sg,+45 25 73 55 22,Denmark,,contacted,Sales Qualified Lead,,,Hana Kobayashi,2026-04-09,2026-04-09,"Scanned the QR code at our London Tech Week booth. Great fit, prioritizing.",,,,
100235705,,,Rohan Appiah,Operations Lead,Teo Consulting and Co,rohana@teoconsulting.sg,4525735522,Denmark,,contacted,Sales Qualified Lead,,,Hana Kobayashi,4/9/2026,,"Scanned the QR code at our London Tech Week booth. Great fit, prioritizing.",,,,
100235706,Musa,Bakar,,Operations Lead,Ang Analytics & Co,musab@anganalytics.net,+233 20 847 2040,Ghana,, Qualified,Lead,Organic Search,,Fatima Rahman,3/29/2026,2026-06-16,"Found us through organic google search then landed on the comparison-vs-hubspot page. Great fit, prioritizing.",,,,25
100235707,Michael,Kang,,Finance Manager,Malik Labs,michael.k@malik.com,+62 887-8792-8942,Indonesia,,CLOSED WON,,Organic Search,,Elena Popescu,2026-05-08,,"Googled us and ended up on the homepage before booking a demo. Left voicemail, will retry.",,,,
100235708,Francesca,Iyer,,Head of Growth,Adeyemi Logistics Pte Ltd,francescai@adeyemilogistics.com.au,+234 804 686 5115,Nigeria,,Closed Lost,Lead,Referrals,,Grace Osei,2026-06-08,,"Referred by Erik Lee, warm intro. Qualifying now.",,,,
100235709,Elena,Danso,,Finance Manager,Ang Analytics Studio,elena.danso@anganalytics.net,+212 6 34 49 29 15,Morocco,, Contacted,Lead,,,Elena Popescu,2026-04-14,2026-06-13T00:00:00Z,Googled us and ended up on the contact page before booking a demo. Qualifying now.,,,,
100235710,Jonathan,Rasmussen,,VP Sales,Ang Analytics Analytics,jonathanr@anganalytics.io,+52 55 7495 9426,Mexico,,closed won,Sales Qualified Lead,,,Marcus Wong,4/4/2026,2026-05-02,"Met at the booth during APAC Logistics Summit, said they'd follow up over email. No response yet.",,,,
100235711,Jonathan,Rasmussen,,VP Sales,Ang Analytics Co.,jonathan.rasmussen@anganalytics.io,525574959426,Mexico,,Closed Won,Sales Qualified Lead,,,Marcus Wong,4/4/2026,2026-05-02T00:00:00Z,"Met at the booth during APAC Logistics Summit, said they'd follow up over email. No response yet. possible duplicate — verify before contacting.",,,,
100235712,Kevin,Bruno,,,Yap Ventures Inc.,k.bruno@yapventures.co,+48 592 941 448,Poland,,Opportunity,Sales Qualified Lead,Other Campaigns,,Noah Bennett,6/8/2026,2026-06-08,"Other - walked into our office without an appointment. Left voicemail, will retry.",,,,
100235713,Marco,Patel,,Founder,GreenLeaf Robotics,marcop@greenleaf.sg,+49 177 8516545,Germany,,New,Other,,,Rohan Mehta,2026-01-22T00:00:00Z,5/16/2026,"Referred by Kenji Koh, warm intro. Very interested, wants pricing call.",,,,
100235714,Marco,Patel,,Founder,GreenLeaf Co.,marcopatel@greenleaf.sg,491778516545,Germany,,New,Other,,,Rohan Mehta,1/22/2026,2026-05-16T00:00:00Z,"Referred by Kenji Koh, warm intro. Very interested, wants pricing call. possible duplicate — verify before contacting.",,,,
100235715,Jia Hui,Weber,,Marketing Director,Asante Retail Co.,jiahuiw@asanteretail.com.au,+55 11 98262-7734,Brazil,,CONTACTED,Customer,Social Media,,Priya Nair,11/19/2025,,"Connected on LinkedIn after commenting on our post. Left voicemail, will retry.",,,,
100235716,Sara,Bennett,,Founder,Ho Bros Labs,sara.b@hobros.biz,+86 138 3192 1435,China,,Closed Lost,,Other Campaigns,,Hana Kobayashi,2025-09-04,2026-03-21T00:00:00Z,Manually added by sales after a phone call from a cold outreach list.,,,,
100235717,Pedro,Ferrari,,Finance Manager,Liu Trading Studio,pedro.ferrari@liutrading.sg,+44 7861 146387,united kingdom,,Qualified,Opportunity,Direct Traffic,,Grace Osei,2026-04-24,,Filled out the form on the blog post on lead scoring. No response yet.,,,,
100235718,Lucas,Bennett,,Head of Growth,Zahra Holdings,lucas.bennett@zahra.biz,+45 27 96 14 55,Denmark,,Contacted,Other,,,Marcus Wong,2026-05-27,,"Manually added by sales after a phone call from a cold outreach list. Connected, sending proposal.",,,,67
100235719,Charlotte,Chen,,Founder,Larsen AS Retail Group,charlottec@larsenas.net,+84 93 510 9777,Vietnam,,QUALIFIED,Lead,,,Grace Osei,2026-03-21,2026-05-28,"Referred by Farid Russo, warm intro. Qualifying now.",,,,
100235720,Oluwaseun,Hansen,,Marketing Director,Choi Logistics Group,o.hansen@choilogistics.com,+7 964 405 12 18,Russia,,Qualified,Marketing Qualified Lead,Social Media,,Wei Chen,2026-02-11T00:00:00Z,6/18/2026,Connected on LinkedIn after commenting on our post. No response yet.,,,,
100235721,Ethan,Hossain,,VP Sales,Reyes Ltd,ethanh@reyes.co,+46 70 757 30 39,Sweden,,Contacted ,Marketing Qualified Lead,,,Diego Alvarez,2025-10-17T00:00:00Z,4/23/2026,"Booked a demo via the book-a-demo page after clicking a google ad. Connected, sending proposal.",,,,
100235722,Ama,Ang,,VP Sales,Gupta Textiles Consulting,amaa@guptatextiles.biz,+54 9 11 5643-2348,Argentina,,Closed Lost,Opportunity,Offline Sources,,Diego Alvarez,2025-10-29T00:00:00Z,2026-02-19,"Met her at the Singapore FinTech Festival 2026 booth, scanned our QR code.",,,,
100235723,Anjali,Andersen,,,Williams Pte. Ltd.,anjalia@williams.biz,+61 498 598 930,Australia,,qualified,Sales Qualified Lead,,,Priya Nair,11/5/2025,5/8/2026,"Filled out the form on the contact page. Left voicemail, will retry.",,,,
100235724,Kwame,Ong,,Head of Growth,Sato Co.,kwame.o@sato.sg,+971 57 226 7185,UAE,,QUALIFIED,Opportunity,Other Campaigns,,Noah Bennett,10/10/2025,,"Other - reached out via our general info@ inbox. Left voicemail, will retry.",,,,
100235725,Sara,Cruz,,Operations Lead,Mekong Co.,sara.c@mekong.biz,+7 980 326 63 72,Russia,,Connected,Customer,,,Priya Nair,10/19/2025,2026-02-11,"Referred by Ha-eun Nair, warm intro. Connected, sending proposal.",,,,
100235726,Freya,Joshi,,Marketing Director,Reyes Trading,freya.joshi@reyes.net,+81 87-7287-5035,Japan,,Qualified,,,,Wei Chen,2026-03-14T00:00:00Z,2026-05-25,"Referred by Yasmin Sy, warm intro. No response yet.",,,,
100235727,Min-jun,Lee,,,Costa Trading Analytics,min-junl@costatrading.net,+39 344 846 4412,Italy,,Closed Won,,,,Diego Alvarez,1/26/2026,2026-04-01,Filled out the form on the contact page.,,,,
100235728,Daniel,Ba,,,Yang Freight Group,d.ba@yangfreight.com.au,+91 81717 22162,India,,new,Sales Qualified Lead,Referrals,,Elena Popescu,4/23/2026,2026-05-22,"Referred by Seo-yeon Kang, warm intro.",,,,
100235729,Daniel,Ba,,,Yang Freight Trading,daniel.ba@yangfreight.com.au,918171722162,India,,New,Sales Qualified Lead,Referrals,,Elena Popescu,2026-04-23,,"Referred by Seo-yeon Kang, warm intro.",,,,
100235730,Chloe,Rossi,,,Goh Digital Trading Co,chloe.rossi@gohdigital.io,+65 9917 9986,Singapore,,NEW,Customer,,,Hana Kobayashi,10/20/2025,,"Manual - added after inbound phone call. Connected, sending proposal.",,,,
100235731,Sophia,Liu,,Finance Manager,Ferrari Consulting Analytics,sophial@ferrariconsulting.com,+33 6 32 35 11 61,france,, New,Lead,Other Campaigns,,Wei Chen,2025-12-09,2025-12-09,Other - reached out via our general info@ inbox. No response yet.,,,,
100235732,Tunde,Andersen,,,Nimbus Holdings,tundea@nimbus.com,+45 29 82 28 12,Denmark,, New,,Direct Traffic,,Noah Bennett,4/6/2026,,Filled out the form on the homepage.,,,,
100235733,Elena,Nguyen,,Operations Lead,Delta Freight,elena.nguyen@delta.biz,+62 824-4403-5194,Indonesia,,opportunity,Sales Qualified Lead,Organic Search,,Fatima Rahman,12/24/2025,2026-02-11T00:00:00Z,"Googled us and ended up on the homepage before booking a demo. Great fit, prioritizing.",,,,
100235734,Lucas,Mehta,,Founder,Ivanova Trading,lucasm@ivanova.co,+971 56 912 1081,UAE,,Contacted,Sales Qualified Lead,Organic Search,,Elena Popescu,2026-05-21,5/27/2026,"Googled us and ended up on the pricing page before booking a demo. Very interested, wants pricing call.",,,,
100235735,Adam,Toure,,,Sayed Trading Robotics,adamt@sayedtrading.com,+92 360 7782763,Pakistan,,Connected,,Social Media,,Grace Osei,2026-06-16,6/18/2026,Linkedin dm inbound asking about pricing. No response yet.,,,,
100235736,Bashir,Ng,,VP Sales,Tanaka Digital,bashirn@tanaka.net,+40 775 836 425,Romania,,closed lost,Marketing Qualified Lead,Other Campaigns,,Grace Osei,2025-12-16T00:00:00Z,2026-06-12,Manual - added after inbound phone call. Qualifying now.,,,,
100235737,Charlotte,Agyemang,,Marketing Director,Ng Freight Co,charlotte.a@ngfreight.biz,+30 694 862 9962,Greece,,Contacted,Sales Qualified Lead,,,Diego Alvarez,2025-12-18,3/1/2026,"Linkedin dm inbound asking about pricing. Left voicemail, will retry.",,,,32
100235738,Benjamin,Becker,,,Delta & Co,benjamin.becker@delta.biz,+86 136 9442 4223,China,,Closed Lost,Opportunity,Direct Traffic,,Marcus Wong ,2025-09-15,2026-05-27,"Filled out the form on the product tour page. Very interested, wants pricing call.",,,,
100235739,Aisha,Williams,,,Williams and Co,a.williams@williams.com.au,+81 74-3006-5677,Japan,,Qualified,,,,Fatima Rahman,1/31/2026,2026-05-24,"Booked a demo via the book-a-demo page after clicking a google ad. Connected, sending proposal.",,,,
100235740,Hassan,Marino,,Founder,Reyes Labs,hassanm@reyes.net,+65 8504 5296,Singapore,,Opportunity,,,,Marcus Wong ,10/27/2025,2026-02-09,Manual - added after inbound phone call. Qualifying now.,,,,
100235741,Charlotte,Kone,,Founder,Nord Consulting,charlotte.kone@nord.net,+81 82-5045-5458,Japan,,Closed Lost,Customer,,,Priya Nair,2025-10-12,,"Found us through organic google search then landed on the comparison-vs-hubspot page. Very interested, wants pricing call.",,,,
100235742,Aiko,Lau,,,Gupta Textiles Ltd,aiko.l@guptatextiles.net,+234 804 138 2210,Nigeria,,Connected,Customer,Referrals,,Marcus Wong,2025-10-24,2026-01-04,"Referred by Daniel Aina, warm intro. Connected, sending proposal.",,,,
100235743,Linh,Cruz,,,Al-Farsi Inc.,l.cruz@al-farsi.com,+33 6 74 52 48 80,France,,Connected,Marketing Qualified Lead,,,Priya Nair,2025-12-17,,Saw our post about replacing hubspot and commented. Qualifying now.,,,,
100235744,Rachel,Christensen,,,Sato Inc.,rachel.christensen@sato.net,+46 70 967 12 27,Sweden,,Connected,Opportunity,Referrals,,Priya Nair,2025-11-22T00:00:00Z,2026-04-04,"Referred by Rachel Rao, warm intro.",,,,
100235745,Freya,Hansen,,Operations Lead,Toure Consulting Consulting,freya.h@toureconsulting.sg,+31 6 8023 4072,Netherlands,,opportunity,Lead,,,Fatima Rahman,2026-06-11,2026-06-12T00:00:00Z,Scanned the QR code at our Dubai FinTech Week booth.,,,,
100235746,,,F. Hansen,Operations Lead,Toure Consulting Holdings,f.hansen@toureconsulting.sg,31680234072,Netherlands,,opportunity,Lead,,,Fatima Rahman,2026-06-11,2026-06-12,Scanned the QR code at our Dubai FinTech Week booth.,,,,
100235747,Camille,Kapoor,,Head of Growth,Weber Analytics Pte Ltd,camillek@weberanalytics.io,+31 6 8971 2065,Netherlands,,Closed Lost,Opportunity,,,Elena Popescu,2026-06-05,,Googled us and ended up on the case study page before booking a demo. Qualifying now.,,,,
100235748,Xiu Ying,Rossi,,Finance Manager,Cruz & Partners Freight,x.rossi@cruzpartners.sg,+351 93 896 9271,Portugal,,Connected ,Marketing Qualified Lead,,,Wei Chen ,2026-04-18,,Linkedin dm inbound asking about pricing.,,,,
100235749,Anjali,Martinez,,VP Sales,Diallo Imports Pte Ltd,anjali.m@dialloimports.net,+55 11 97897-3949,Brazil,,Connected,Lead,,,Rohan Mehta,2026-04-16,,"Filled out the form on the pricing page. Very interested, wants pricing call.",,,,
100235750,Kai,Yap,,VP Sales,Sim Robotics Inc,kaiy@simrobotics.com,+880 1443-340510,Bangladesh,,Contacted,Customer,,,Wei Chen,2025-12-02,,Googled us and ended up on the comparison-vs-hubspot page before booking a demo.,,,,
100235751,Ingrid,Papadopoulos,,Marketing Director,Lau Inc,ingrid.papadopoulos@lau.biz,+44 7877 799414,United Kingdom,,New,,Other Campaigns,,Grace Osei,2025-12-09,4/1/2026,"Other - walked into our office without an appointment. Great fit, prioritizing.",,,,
100235752,Isabelle,Greco,,Founder,Ang Analytics Pte Ltd,isabelle.greco@anganalytics.io,+62 813-5916-2676,Indonesia,,opportunity,Sales Qualified Lead,,,Grace Osei,2026-01-03,,"Found us through organic google search then landed on the homepage. Connected, sending proposal.",,,,
100235753,Isabelle,Greco,,Founder,Ang Analytics Labs,i.greco@anganalytics.io,6281359162676,Indonesia,,Opportunity,Sales Qualified Lead,,,Grace Osei,1/3/2026,,"Found us through organic google search then landed on the homepage. Connected, sending proposal. possible duplicate — verify before contacting.",,,,
100235754,Laura,Al-Sayed,,VP Sales,Delta Freight,laura.a@delta.com.au,+33 6 40 61 86 83,France,,New,Sales Qualified Lead,,,Grace Osei ,2026-06-10,6/15/2026,Filled out the form on the case study page.,,,,
100235755,,,L. Al-Sayed,VP Sales,Delta Inc.,lauraal-sayed@delta.com.au,33640618683,France,,New,Sales Qualified Lead,,,Grace Osei,6/10/2026,2026-06-15T00:00:00Z,Filled out the form on the case study page. possible duplicate — verify before contacting.,,,,
100235756,Astrid,Becker,,Operations Lead,Delta & Co,astrid.becker@delta.sg,+46 70 701 80 17,Sweden,,Contacted,Sales Qualified Lead,Social Media,,Fatima Rahman,2025-09-11T00:00:00Z,2025-12-19T00:00:00Z,Linkedin dm inbound asking about pricing. Qualifying now.,,,,
100235757,,,Astrid Becker,Operations Lead,Delta & Co.,a.becker@delta.sg,+46 70 701 80 17,Sweden,,CONTACTED,Sales Qualified Lead,Social Media,,Fatima Rahman,2025-09-11,2025-12-19,Linkedin dm inbound asking about pricing. Qualifying now. possible duplicate — verify before contacting.,,,,
100235758,,,A. Becker,Operations Lead,Delta & Trading Co,astrid.becker@delta.sg,46707018017,Sweden,,Contacted,Sales Qualified Lead,Social Media,,Fatima Rahman ,2025-09-11,12/19/2025,Linkedin dm inbound asking about pricing. Qualifying now. possible duplicate — verify before contacting.,,,,
100235759,Bashir,Colombo,,Operations Lead,Mekong Robotics,b.colombo@mekong.io,+91 90335 54294,India,,Closed Lost,Customer,Direct Traffic,,Diego Alvarez,2026-03-03,,"Filled out the form on the case study page. Great fit, prioritizing.",,,,
100235760,Kevin,Bianchi,,Marketing Director,Ho Bros Solutions,k.bianchi@hobros.co,+82 10-3146-1433,South Korea,,Connected,Lead,,,Noah Bennett,2026-04-26T00:00:00Z,,"Spoke with them at our Money20/20 Asia booth, no QR scan logged. Left voicemail, will retry.",,,,
100235761,Ahmed,Lim,,Marketing Director,Costa Trading Inc,a.lim@costatrading.net,+880 1812-147351,Bangladesh,, Connected,Customer,Social Media,,Grace Osei,9/4/2025,,Saw our post about replacing hubspot and commented.,,,,
100235762,,,Ahmed Lim,Marketing Director,Costa Trading Pte Ltd,a.lim@costatrading.net,+880 1812-147351,Bangladesh,,connected,Customer,Social Media,,Grace Osei,9/4/2025,9/27/2025,Saw our post about replacing hubspot and commented. possible duplicate — verify before contacting.,,,,
100235763,Ahmed,Kapoor,,,Acme Digital,a.kapoor@acme.com.au,+1 200 555 0136,United States,,Closed Won,,,,Grace Osei,2025-12-21,,"Googled us and ended up on the contact page before booking a demo. Great fit, prioritizing.",,,,
100235764,Ahmed,Kim,,Marketing Director,Chen Digital Freight Solutions,ahmed.kim@chendigital.com,+971 57 538 7893,UAE,,Closed Lost,Opportunity,Referrals,,Grace Osei,2025-09-30,2026-05-29,"Referred by Farah Pham, warm intro.",,,,
100235765,Anna,Liu,,Marketing Director,Mekong Inc,anna.l@mekong.sg,+971 50 495 8828,UAE,, Closed Lost,Opportunity,,,Fatima Rahman,2/19/2026,2026-03-10,"Met at the booth during Dubai FinTech Week, said they'd follow up over email. No response yet.",,,,
100235766,Daniel,Verma,,,Toure Consulting Studio,d.verma@toureconsulting.co,+60 11-129 5011,Malaysia,,Qualified,,Referrals,,Grace Osei,2026-01-04,2026-05-21,"Referred by Ibrahim Liu, warm intro. Left voicemail, will retry.",,,,
100235767,Kenji,Malik,,Finance Manager,Teo Consulting Partners,kenji.m@teoconsulting.io,+30 696 683 2172,Greece,,connected,Marketing Qualified Lead,Offline Sources,,Rohan Mehta,2025-11-11T00:00:00Z,2025-11-11T00:00:00Z,"He scanned our QR code at the TechCrunch Disrupt booth. Very interested, wants pricing call.",,,,
100235768,Matteo,Sim,,Head of Growth,Adeyemi Logistics Holdings,m.sim@adeyemilogistics.co,+44 7950 974955,United Kingdom,,connected,Other,,,Noah Bennett,2026-02-08,2026-05-17,"Referred by Oluwaseun Zhao, warm intro. Great fit, prioritizing.",,,,
100235769,Ji-woo,Tan,,,Santos Ltda Labs,ji-woo.t@santosltda.io,+45 26 78 52 24,Denmark,,Contacted,,Direct Traffic,,Priya Nair,2026-04-04,2026-05-31,Filled out the form on the product tour page. Qualifying now.,,,,
100235770,Yuki,Mehta,,Founder,Kilat Retail Freight,yuki.mehta@kilatretail.co,+92 320 4286381,Pakistan,,Connected,Opportunity,,,Hana Kobayashi,2026-06-09T00:00:00Z,6/19/2026,Manually added by sales after a phone call from a cold outreach list. No response yet.,,,,
100235771,Catarina,Popescu,,,Delta Digital,c.popescu@delta.com.au,+44 7798 566309,United Kingdom,,closed lost,Other,,,Wei Chen,2025-09-29T00:00:00Z,2026-02-14,Googled us and ended up on the contact page before booking a demo. Not interested for now.,,,,
100235772,Elena,Nair,,,GreenLeaf Pte. Ltd.,elenan@greenleaf.biz,+55 11 95397-3072,Brazil,,Qualified,,Organic Search,,Diego Alvarez,6/6/2026,,"Googled us and ended up on the product tour page before booking a demo. Great fit, prioritizing.",,,,
100235773,So-young,Nair,,,GreenLeaf Pte. Ltd.,so-young.nair@greenleaf.biz,+351 94 386 1851,Portugal,,New,,Direct Traffic,,Fatima Rahman,2025-11-14,2026-02-16T00:00:00Z,Filled out the form on the book-a-demo page. No response yet.,,,,
100235774,Arjun,Ferreira,,,Schmidt AG Co.,arjun.ferreira@schmidtag.com.au,+31 6 5182 2116,Netherlands,,New,Sales Qualified Lead,,,Priya Nair,2026-01-18,,Saw our post about replacing hubspot and commented.,,,,
100235775,Manon,Dubois,,Marketing Director,Foster Studio,manon.dubois@foster.biz,+86 136 9459 6206,China,,Qualified,Sales Qualified Lead,Social Media,,Hana Kobayashi,10/27/2025,5/23/2026,Linkedin dm inbound asking about pricing.,,,,79
100235776,Freya,Wong,,,Nord Ventures,freya.w@nord.sg,+52 55 7920 2848,Mexico,,NEW,Customer,Social Media,,Elena Popescu,2026-04-29,2026-05-23,"Saw our post about replacing hubspot and commented. Left voicemail, will retry.",,,,
100235777,Bruno,Pham,,Operations Lead,Jung Studio Trading Co,bruno.p@jungstudio.co,+91 87872 58446,India,,Contacted,Sales Qualified Lead,,,Fatima Rahman,2026-01-05,2026-06-05,Filled out the form on the homepage.,,,,
100235778,Zainab,Koch,,,Yap Ventures Studio,z.koch@yapventures.net,+65 8106 3484,Singapore,, Closed Won,Customer,,,Grace Osei,2025-12-14,2026-04-11T00:00:00Z,"Spoke with them at our APAC Logistics Summit booth, no QR scan logged. Great fit, prioritizing.",,,,
100235779,Hassan,Li,,Founder,Acme Partners,h.li@acme.sg,+65 9228 1130,Singapore,,CLOSED LOST,Opportunity,Other Campaigns,,Fatima Rahman,2026-06-12,,Other - reached out via our general info@ inbox. Not interested for now.,,,,
100235780,Hassan,Li,,Founder,Acme Freight,hassanli@acme.sg,6592281130,Singapore,,Closed Lost,Opportunity,Other Campaigns,,Fatima Rahman,2026-06-12,6/14/2026,Other - reached out via our general info@ inbox. Not interested for now.,,,,
100235781,Ananya,Jensen,,Operations Lead,Osei Freight,ananyaj@osei.com,+233 27 580 2539,Ghana,,Closed Won,Customer,,,Noah Bennett,2025-11-01,3/30/2026,"Referred by Hassan Fall, warm intro. Qualifying now.",,,,
100235782,Vikram,Xu,,,Orchid Studio,vikramx@orchid.biz,+91 75291 46903,India,,Contacted,Other,Referrals,,Noah Bennett ,2026-03-06,2026-05-03,"Referred by Layla Kowalski, warm intro. Qualifying now.",,,,
100235783,Laura,Danso,,VP Sales,Teo Consulting Retail Group,laura.danso@teoconsulting.com.au,+66 8 1608 2575,Thailand,,new,Lead,,,Noah Bennett,2025-11-17,11/24/2025,Connected on LinkedIn after commenting on our post. No response yet.,,,,
100235784,Vikram,Petersen,,,Sim Robotics Co.,vikram.p@simrobotics.co,+66 7 2766 5647,Thailand,,opportunity,Opportunity,,,Hana Kobayashi,2026-06-19T00:00:00Z,6/19/2026,"Googled us and ended up on the blog post on lead scoring before booking a demo. Connected, sending proposal.",,,,
100235785,Rui,Johnson,,Head of Growth,Athens Retail Partners,ruij@athensretail.co,+880 1810-802347,Bangladesh,,CONTACTED,Sales Qualified Lead,Offline Sources,,Priya Nair,2025-09-21,2025-12-02,He scanned our QR code at the APAC Logistics Summit booth.,,,,
100235786,Laura,Fischer,,,Santos Ltda Co.,laura.fischer@santosltda.biz,+852 6427 7894,Hong Kong,,Closed Won,Other,Direct Traffic,,Fatima Rahman,3/15/2026,4/9/2026,Filled out the form on the book-a-demo page.,,,,
100235787,Miguel,Zhang,,Operations Lead,Koh & Sons Retail Group,miguelz@kohsons.io,+49 152 6622093,Germany,,Opportunity ,Customer,Offline Sources,,Wei Chen,2025-09-26T00:00:00Z,,He scanned our QR code at the TechCrunch Disrupt booth. Not interested for now.,,,,
100235788,Elena,Koch,,VP Sales,Ang Analytics Consulting,elenak@anganalytics.net,+212 6 99 42 68 10,Morocco,,Closed Won,Sales Qualified Lead,Other Campaigns,,Fatima Rahman ,10/8/2025,2026-05-16,Other - walked into our office without an appointment. No response yet.,,,,
100235789,Elena,Al-Farsi,,,Kim Trading Inc,elenaa@kimtrading.biz,+82 10-7917-4813,South Korea,,Qualified,Opportunity,,,Grace Osei,2025-09-15,2025-11-07,Linkedin dm inbound asking about pricing. Not interested for now.,,,,
100235790,Tiago,Toure,,,GreenLeaf Analytics,tiago.t@greenleaf.biz,+880 1770-521022,Bangladesh,,Contacted,Customer,Social Media,,Wei Chen,2025-12-04,,Saw our post about replacing hubspot and commented. Qualifying now.,,,,
100235791,Ines,Lee,,Head of Growth,Ng Freight Labs,i.lee@ngfreight.com.au,+45 29 78 23 27,Denmark,, Connected,Sales Qualified Lead,,,Elena Popescu,2026-05-03,,"Saw our post about replacing hubspot and commented. Very interested, wants pricing call.",,,,44
100235792,Ines,Lee,,Head of Growth,Ng Freight Group,ines.lee@ngfreight.com.au,+45 29 78 23 27,Denmark,,Connected ,Sales Qualified Lead,,,Elena Popescu,5/3/2026,2026-05-12T00:00:00Z,"Saw our post about replacing hubspot and commented. Very interested, wants pricing call. possible duplicate — verify before contacting.",,,,44
100235793,Ahmed,Schmidt,,Marketing Director,Kowalski Ltd,ahmed.s@kowalski.com.au,+66 6 6052 9611,Thailand,,Qualified,Lead,,,Priya Nair,2026-03-04T00:00:00Z,2026-03-04,"Manually added by sales after a phone call from a cold outreach list. Connected, sending proposal.",,,,
100235794,,,A. Schmidt,Marketing Director,Kowalski Pte Ltd,a.schmidt@kowalski.com.au,66660529611,Thailand,, Qualified,Lead,,,Priya Nair ,3/4/2026,3/4/2026,"Manually added by sales after a phone call from a cold outreach list. Connected, sending proposal. possible duplicate — verify before contacting.",,,,
100235795,Ryan,Fischer,,Founder,Liu Trading Studio,r.fischer@liutrading.co,+92 320 4809467,pakistan,,CLOSED WON,Marketing Qualified Lead,Referrals,,Noah Bennett,2025-12-17,5/28/2026,"Referred by Kwame Lim, warm intro.",,,,
100235796,Ingrid,Sow,,Operations Lead,Wong Legal Analytics,ingrids@wonglegal.biz,+60 16-606 2507,Malaysia,,closed won,Other,,,Diego Alvarez,2026-02-04,2026-05-09,Filled out the form on the product tour page.,,,,
100235797,Musa,Martins,,,Liu Trading Trading Co,m.martins@liutrading.co,+49 166 4326907,Germany,,closed won,Sales Qualified Lead,,,Rohan Mehta,2025-12-27,3/27/2026,"Referred by Musa Ng, warm intro. Not interested for now.",,,,
100235798,Mei Ling,Santos,,,Weber Analytics Group,m.santos@weberanalytics.io,+30 699 323 5125,Greece,,Connected,Marketing Qualified Lead,,,Noah Bennett,2026-02-20,,Booked a demo via the book-a-demo page after clicking a google ad. No response yet.,,,,
100235799,Sophia,Gupta,,,Koh & Sons Robotics,s.gupta@kohsons.com.au,+63 999 578 8320,Philippines,,Contacted,Other,Organic Search,,Hana Kobayashi,2025-11-12,,"Found us through organic google search then landed on the case study page. Great fit, prioritizing.",,,,37
100235800,Xiu Ying,Gupta,,,Koh & Sons Robotics,xiuyingg@kohsons.com.au,+39 354 166 3281,Italy,,qualified,Customer,Referrals,,Diego Alvarez,2025-12-29,,"Referred by Joon Chua, warm intro.",,,,
100235801,Elin,Wu,,,Ho Bros Trading Co,elin.w@hobros.net,+92 350 2862430,Pakistan,,Closed Lost,Lead,Other Campaigns,,Rohan Mehta,3/6/2026,5/12/2026,"Spoke with them at our Retail Asia Expo booth, no QR scan logged. No response yet.",,,,
100235802,Ravi,Nkrumah,,,Asante Retail Holdings,r.nkrumah@asanteretail.net,+212 6 99 14 63 27,Morocco,, Qualified,Marketing Qualified Lead,Organic Search,,Rohan Mehta,10/26/2025,2025-12-16,Googled us and ended up on the comparison-vs-hubspot page before booking a demo.,,,,
100235803,Zara,Schulz,,Marketing Director,GreenLeaf and Co,zara.schulz@greenleaf.com.au,+55 11 98242-7426,Brazil,,Contacted ,Lead,Offline Sources,,Elena Popescu,2025-10-01,1/28/2026,"Met her at the APAC Logistics Summit booth, scanned our QR code. Left voicemail, will retry.",,,,
100235804,Bruno,Johnson,,Finance Manager,Ferrari Consulting Inc.,bruno.j@ferrariconsulting.biz,+971 53 792 2637,UAE,,contacted,,,,Fatima Rahman,2026-01-22,2026-06-06,"Filled out the form on the pricing page. Great fit, prioritizing.",,,,
100235805,Sarah,Yeo,,Head of Growth,Mensah Trading & Co,s.yeo@mensahtrading.com,+33 6 26 70 56 57,France,,QUALIFIED,Opportunity,,,Hana Kobayashi,2025-12-04,2025-12-20,Scanned the QR code at our Retail Asia Expo booth.,,,,
100235806,Daniel,Hossain,,,Yang Freight Co,daniel.h@yangfreight.biz,+233 21 794 2756,Ghana,, Connected,Lead,Other Campaigns,,Noah Bennett,2025-11-15,2025-12-14,Other - reached out via our general info@ inbox. Qualifying now.,,,,
100235807,Daniel,Sato,,Founder,Gupta Textiles Solutions,d.sato@guptatextiles.io,+880 1400-722543,Bangladesh,,OPPORTUNITY,Marketing Qualified Lead,,,Noah Bennett,2026-06-18,,"Saw our post about replacing hubspot and commented. Very interested, wants pricing call.",,,,
100235808,Natasha,Ba,,,Muller GmbH Pte. Ltd.,natashab@mullergmbh.co,+45 20 11 32 10,Denmark,,Contacted ,,,,Noah Bennett,2026-05-25,2026-06-09,"Referred by Grace Kang, warm intro. No response yet.",,,,
100235809,Natasha,Ba,,,Muller GmbH & Co,natashab@mullergmbh.co,4520113210,Denmark,,contacted,,,,Noah Bennett,5/25/2026,,"Referred by Grace Kang, warm intro. No response yet.",,,,
100235810,Natasha,Ba,,,Muller GmbH Inc.,natasha.ba@mullergmbh.co,4520113210,Denmark,,CONTACTED,,,,Noah Bennett,2026-05-25,2026-06-09,"Referred by Grace Kang, warm intro. No response yet. possible duplicate — verify before contacting.",,,,
100235811,Omar,Alves,,,Athens Retail Inc.,omar.alves@athensretail.com,+44 7974 789474,United Kingdom,,opportunity,Marketing Qualified Lead,,,Grace Osei,2025-12-30,5/19/2026,"Filled out the form on the book-a-demo page. Great fit, prioritizing.",,,,
100235812,Omar,Alves,,,Athens Retail Ventures,o.alves@athensretail.com,+44 7974 789474,United Kingdom,,Opportunity,Marketing Qualified Lead,,,Grace Osei,12/30/2025,2026-05-19,"Filled out the form on the book-a-demo page. Great fit, prioritizing.",,,,
100235813,Natasha,Huang,,,Huang Analytics Inc,natasha.huang@huanganalytics.net,+233 20 567 2870,Ghana,,QUALIFIED,Marketing Qualified Lead,Direct Traffic,,Diego Alvarez,6/15/2026,6/15/2026,Filled out the form on the case study page.,,,,
100235814,Kenji,Sow,,Operations Lead,Lotus Finance Solutions,kenji.s@lotusfinance.io,+34 653 498 942,Spain,,NEW,Customer,,,Wei Chen,4/21/2026,4/26/2026,Found us through organic google search then landed on the product tour page.,,,,
100235815,Amina,Sow,,Head of Growth,Teo Consulting Digital,a.sow@teoconsulting.com,+54 9 11 9597-8828,Argentina,,Closed Lost ,Sales Qualified Lead,,,Priya Nair,2025-11-24,,Manual - added after inbound phone call.,,,,
100235816,Linh,Marino,,Operations Lead,Lotus Finance Inc,linhm@lotusfinance.biz,+92 310 7284632,Pakistan,,contacted,Sales Qualified Lead,,,Rohan Mehta,2025-12-26,12/26/2025,"Booked a demo via the book-a-demo page after clicking a google ad. Left voicemail, will retry.",,,,
100235817,Lucas,Fall,,,Kim Trading Robotics,lucas.fall@kimtrading.io,+60 15-654 4602,Malaysia,,Qualified,Other,,,Elena Popescu,12/26/2025,2026-02-22,Manually added by sales after a phone call from a cold outreach list. Qualifying now.,,,,
100235818,Elijah,Gupta,,,Mekong and Co,elijah.g@mekong.com,+91 88972 22345,India,,New,Customer,,,Hana Kobayashi,2025-11-27T00:00:00Z,11/27/2025,"Met at the booth during Dubai FinTech Week, said they'd follow up over email. Left voicemail, will retry.",,,,
100235819,Tiago,Almeida,,VP Sales,Li Consulting Labs,tiagoa@liconsulting.sg,+971 59 714 1931,UAE,,Connected,Marketing Qualified Lead,,,Wei Chen,2025-10-25T00:00:00Z,2025-11-22,Googled us and ended up on the contact page before booking a demo. No response yet.,,,,
100235820,Ji-woo,Meyer,,Operations Lead,Muller GmbH Inc,j.meyer@mullergmbh.sg,+86 132 8552 7005,China,,Closed Won,Sales Qualified Lead,,,Hana Kobayashi,12/1/2025,,Linkedin dm inbound asking about pricing. Qualifying now.,,,,
100235821,Haruto,Muller,,,Chua Textiles Co,haruto.muller@chuatextiles.biz,+81 76-1212-9185,Japan,,New,Opportunity,,,Hana Kobayashi,2/26/2026,2026-05-24,"Manually added by sales after a phone call from a cold outreach list. Left voicemail, will retry.",,,,
100235822,Haruto,Muller,,,Chua Textiles Holdings,haruto.muller@chuatextiles.biz,817612129185,Japan,,New,Opportunity,,,Hana Kobayashi,2/26/2026,2026-05-24,"Manually added by sales after a phone call from a cold outreach list. Left voicemail, will retry.",,,,
100235823,Nadia,Bakker,,,Ho Bros and Co,n.bakker@hobros.biz,+91 74767 52225,India,,Closed Won,Sales Qualified Lead,,,Marcus Wong,4/13/2026,2026-04-21T00:00:00Z,"Filled out the form on the homepage. Great fit, prioritizing.",,,,
100235824,Layla,Chua,,,Sayed Trading Pte. Ltd.,layla.c@sayedtrading.com,+1 785 555 0176,United States,,CONNECTED,Sales Qualified Lead,,,Diego Alvarez,2025-10-21T00:00:00Z,4/24/2026,"Filled out the form on the comparison-vs-hubspot page. Left voicemail, will retry.",,,,
100235825,Wei,Koch,,Operations Lead,Huang Analytics Group,wei.k@huanganalytics.co,+82 10-5547-1526,South Korea,,Opportunity,Other,,,Elena Popescu,11/30/2025,,Connected on LinkedIn after commenting on our post.,,,,
100235826,Carlos,Zahra,,,Goh Digital & Co,carlosz@gohdigital.biz,+65 8412 3172,Singapore,, Closed Lost,Marketing Qualified Lead,,,Wei Chen ,2026-01-17T00:00:00Z,,"Referred by Chloe Reyes, warm intro. Left voicemail, will retry.",,,,
100235827,Kai,Reddy,,Finance Manager,Rao Ventures Partners,kair@raoventures.net,+91 91934 97576,India,,NEW,Marketing Qualified Lead,,,Diego Alvarez,2026-01-04,,"Scanned the QR code at our Mobile World Congress booth. Very interested, wants pricing call.",,,,
100235828,Siti,Singh,,,Nord Solutions,s.singh@nord.co,+54 9 11 2064-4154,Argentina,,Qualified,Lead,Organic Search,,Grace Osei,2026-02-07,,"Found us through organic google search then landed on the case study page. Great fit, prioritizing.",,,,
100235829,Layla,Yeo,,Operations Lead,GreenLeaf Co,layla.y@greenleaf.io,+48 682 490 543,Poland,,Opportunity,Other,Paid Search,,Noah Bennett,2025-11-28,4/22/2026,"Booked a demo via the book-a-demo page after clicking a google ad. Great fit, prioritizing.",,,,
100235830,Layla,Yeo,,Operations Lead,GreenLeaf and Co,laylay@greenleaf.io,48682490543,Poland,,opportunity,Other,Paid Search,,Noah Bennett,11/28/2025,2026-04-22,"Booked a demo via the book-a-demo page after clicking a google ad. Great fit, prioritizing.",,,,
100235831,Meera,Pereira,,,Yap Ventures & Co,meerap@yapventures.io,+61 470 479 204,Australia,,closed lost,Customer,,,Noah Bennett,2026-04-12T00:00:00Z,2026-05-14,"Manual - added after inbound phone call. Connected, sending proposal.",,,,
100235832,Ryan,Nkrumah,,,Saigon Robotics,ryann@saigon.net,+49 178 9046423,Germany,,Closed Won,Other,,,Priya Nair,2026-01-06,6/9/2026,Filled out the form on the contact page. No response yet.,,,,
100235833,Xiu Ying,Nkrumah,,Founder,Saigon Robotics,xiuying.nkrumah@saigon.net,+31 6 7585 7181,Netherlands,,Opportunity,Opportunity,,,Noah Bennett,2026-04-19,5/28/2026,"Referred by Sven Bakar, warm intro.",,,,
100235834,Daniel,Foster,,Operations Lead,GreenLeaf Robotics,danielf@greenleaf.io,+971 51 444 7425,UAE,,Qualified ,,,,Grace Osei,2026-04-03,5/14/2026,"Met her at the Retail Asia Expo booth, scanned our QR code. Great fit, prioritizing.",,,,
100235835,Bashir,Ferrari,,,Choi Logistics Holdings,bashirf@choilogistics.com,+45 20 92 52 62,Denmark,,Qualified,,,,Elena Popescu,12/27/2025,,"Met her at the TechCrunch Disrupt booth, scanned our QR code. Very interested, wants pricing call.",,,,
100235836,Joon,Patel,,VP Sales,Lindqvist AB Freight,j.patel@lindqvistab.net,+54 9 11 6303-9036,Argentina,,Qualified,Other,,,Wei Chen,3/12/2026,,"Connected on LinkedIn after commenting on our post. Left voicemail, will retry.",,,,
100235837,Jun Wei,Lim,,VP Sales,Orchid Ltd,junwei.lim@orchid.com,+91 84394 81994,India,,Opportunity,Opportunity,Direct Traffic,,Elena Popescu,2026-02-18,2/18/2026,"Filled out the form on the blog post on lead scoring. Connected, sending proposal.",,,,
100235838,,,Jun Wei Lim,VP Sales,Orchid Consulting,junweilim@orchid.com,918439481994,India,, Opportunity,Opportunity,Direct Traffic,,Elena Popescu,2/18/2026,2026-02-18,"Filled out the form on the blog post on lead scoring. Connected, sending proposal.",,,,
100235839,Youssef,Seo,,Founder,Nord Ltd,y.seo@nord.biz,+852 6479 8204,Hong Kong,,Closed Lost,Opportunity,Direct Traffic,,Marcus Wong,2026-05-03,2026-06-19,Filled out the form on the product tour page.,,,,
100235840,Ines,Mensah,,Marketing Director,Huang Analytics Ventures,ines.m@huanganalytics.com.au,+234 805 902 9123,Nigeria,,Closed Won,,Other Campaigns,,Grace Osei,2026-01-18T00:00:00Z,2026-03-20T00:00:00Z,Other - reached out via our general info@ inbox.,,,,
100235841,Sigrid,Hoffmann,,,Kim Trading Group,sigridh@kimtrading.com,+91 70738 72916,India,,qualified,Opportunity,,,Grace Osei,2025-10-12,2/2/2026,Booked a demo via the book-a-demo page after clicking a google ad.,,,,
100235842,Rohan,Lim,,,Owusu Freight Consulting,rohanl@owusufreight.sg,+55 11 93457-4967,Brazil,,CLOSED LOST,Sales Qualified Lead,Organic Search,,Diego Alvarez,2026-02-23T00:00:00Z,2026-06-05T00:00:00Z,Googled us and ended up on the contact page before booking a demo. No response yet.,,,,
100235843,Farid,Lim,,,Owusu Freight Consulting,faridl@owusufreight.sg,+62 817-5022-6040,Indonesia,,Opportunity,,,,Grace Osei,2026-04-04T00:00:00Z,2026-04-04,"Referred by Julien Fischer, warm intro.",,,,
100235844,Pooja,Larsen,,Finance Manager,BluePeak Ltd,pooja.l@bluepeak.com.au,+55 11 98976-1000,Brazil,,Connected,Other,,,Hana Kobayashi ,3/30/2026,,"Referred by Sarah Bakar, warm intro.",,,,
100235845,Adam,Lee,,Finance Manager,Gupta Textiles Labs,a.lee@guptatextiles.biz,+234 807 392 1284,Nigeria,, Connected,Sales Qualified Lead,Other Campaigns,,Hana Kobayashi,2026-01-02,2026-04-20,"Met at the booth during Web Summit 2026, said they'd follow up over email.",,,,31
100235846,Sven,Rasmussen,,VP Sales,Bakker and Co,svenr@bakker.sg,+46 70 947 26 10,Sweden,, Contacted,Sales Qualified Lead,Other Campaigns,,Elena Popescu,2026-01-13T00:00:00Z,1/17/2026,"Other - walked into our office without an appointment. Left voicemail, will retry.",,,,
100235847,Camille,Andersen,,,Martinez Co.,c.andersen@martinez.com,+351 91 617 4078,Portugal,,New,Marketing Qualified Lead,,,Grace Osei,2026-05-22,,"Filled out the form on the contact page. Great fit, prioritizing.",,,,
100235848,Camille,Andersen,,,Martinez Consulting,camillea@martinez.com,+351 91 617 4078,Portugal,,New,Marketing Qualified Lead,,,Grace Osei,2026-05-22T00:00:00Z,2026-05-30,"Filled out the form on the contact page. Great fit, prioritizing.",,,,
100235849,Kofi,Appiah,,,Silva Ventures,kofi.appiah@silva.net,+48 617 453 876,Poland,,Opportunity,Marketing Qualified Lead,Referrals,,Fatima Rahman,2026-06-03,2026-06-06,"Referred by Sanjay Rodrigues, warm intro. Great fit, prioritizing.",,,,
100235850,Zara,Kapoor,,,Ferrari Consulting Inc,zarak@ferrariconsulting.biz,+212 6 40 16 85 23,Morocco,,Contacted,Lead,,,Rohan Mehta,2/8/2026,2026-03-29,Googled us and ended up on the book-a-demo page before booking a demo.,,,,
100235851,,,Z. Kapoor,,Ferrari Consulting Holdings,zarak@ferrariconsulting.biz,212640168523,Morocco,,Contacted,Lead,,,Rohan Mehta,2026-02-08T00:00:00Z,3/29/2026,Googled us and ended up on the book-a-demo page before booking a demo. possible duplicate — verify before contacting.,,,,
100235852,Seo-yeon,Ricci,,,Sayed Trading Freight Solutions,s.ricci@sayedtrading.sg,+46 70 433 48 25,Sweden,,Closed Won,Customer,Other Campaigns,,Wei Chen,10/21/2025,,Other - reached out via our general info@ inbox. No response yet.,,,,59
100235853,Abena,Sy,,,Yang Freight Ltd,abena.sy@yangfreight.com,+52 55 3169 3622,Mexico,,Closed Lost,Sales Qualified Lead,Social Media,,Wei Chen,11/3/2025,12/9/2025,Saw our post about replacing hubspot and commented.,,,,
100235854,Thanh,Gomes,,,Ivanova and Co,thanh.gomes@ivanova.sg,+65 8453 4774,Singapore,,Contacted,Other,,,Grace Osei,5/11/2026,5/11/2026,"Met her at the Dubai FinTech Week booth, scanned our QR code. Left voicemail, will retry.",,,,
100235855,Valentina,Greco,,Operations Lead,Hansen Digital Inc.,valentinag@hansendigital.com.au,+66 8 6483 4051,Thailand,,Closed Lost,,Direct Traffic,,Priya Nair,2026-02-17T00:00:00Z,,"Filled out the form on the pricing page. Great fit, prioritizing.",,,,68
100235856,Valentina,Greco,,Operations Lead,Hansen Digital Holdings,valentinagreco@hansendigital.com.au,66864834051,Thailand,,Closed Lost,,Direct Traffic,,Priya Nair,2026-02-17,2026-04-23,"Filled out the form on the pricing page. Great fit, prioritizing.",,,,68
100235857,Valentina,Greco,,Operations Lead,Hansen Digital Robotics,valentinag@hansendigital.com.au,66864834051,Thailand,,CLOSED LOST,,Direct Traffic,,Priya Nair,2026-02-17,2026-04-23,"Filled out the form on the pricing page. Great fit, prioritizing.",,,,68
100235858,Francesca,Gomes,,,Sim Robotics Ventures,francesca.g@simrobotics.sg,+34 664 813 728,Spain,,OPPORTUNITY,,Other Campaigns,,Fatima Rahman,10/8/2025,,Other - reached out via our general info@ inbox.,,,,
100235859,Chiara,Sharma,,,Liu Trading Digital,chiara.sharma@liutrading.com,+61 475 117 312,Australia,,connected,Lead,,,Diego Alvarez,5/25/2026,2026-06-18,"Found us through organic google search then landed on the blog post on lead scoring. Connected, sending proposal.",,,,
100235860,Yasmin,Wong,,Operations Lead,Santos Ltda Trading Co,y.wong@santosltda.sg,+84 99 439 4621,Vietnam,,Contacted,Other,,,Noah Bennett,2026-05-11T00:00:00Z,5/11/2026,"Referred by Pedro Pereira, warm intro. Great fit, prioritizing.",,,,
100235861,Marcus,Carvalho,,Founder,Rossi SRL Freight Solutions,marcus.carvalho@rossisrl.com.au,+81 86-4577-3527,Japan,,Contacted,Sales Qualified Lead,,,Fatima Rahman,2025-09-22,6/10/2026,"Linkedin dm inbound asking about pricing. Very interested, wants pricing call.",,,,
100235862,Rohan,Asante,,Founder,Diallo Imports Solutions,r.asante@dialloimports.co,+66 7 6855 4287,Thailand,,New,Opportunity,,,Grace Osei,2026-02-24,5/25/2026,"Googled us and ended up on the homepage before booking a demo. Great fit, prioritizing.",,,,
100235863,Astrid,Boateng,,,Rao Ventures Analytics,astrid.boateng@raoventures.biz,+234 807 363 6482,Nigeria,,Contacted,Sales Qualified Lead,,,Elena Popescu,3/28/2026,2026-05-07,"He scanned our QR code at the Retail Asia Expo booth. Connected, sending proposal.",,,,
100235864,Manon,Ong,,Head of Growth,Mekong Inc,m.ong@mekong.sg,+63 920 876 6362,Philippines,,Opportunity,Opportunity,,,Wei Chen,2025-11-28,1/4/2026,"He scanned our QR code at the TechCrunch Disrupt booth. Left voicemail, will retry.",,,,
100235865,Daniel,Petersen,,Founder,Costa Trading and Co,d.petersen@costatrading.com,+852 7666 1082,Hong Kong,,new,,,,Grace Osei,2025-12-22,,"Booked a demo via the book-a-demo page after clicking a google ad. Very interested, wants pricing call.",,,,
100235866,Freya,Nielsen,,Marketing Director,Muller GmbH Analytics,freya.n@mullergmbh.net,+82 10-9122-3228,South Korea,,New,Other,Direct Traffic,,Grace Osei,2025-12-15,6/11/2026,Filled out the form on the comparison-vs-hubspot page.,,,,
100235867,Isabelle,Lim,,Head of Growth,Lindqvist AB Consulting,i.lim@lindqvistab.co,+44 7710 806297,United Kingdom,,Qualified ,Opportunity,Direct Traffic,,Grace Osei,2026-02-11,2026-03-05,"Filled out the form on the contact page. Very interested, wants pricing call.",,,,
100235868,Ryan,Pedersen,,,Diallo Imports Ltd,ryan.pedersen@dialloimports.biz,+55 11 92059-8472,Brazil,,Qualified,Sales Qualified Lead,,,Grace Osei,10/6/2025,,"Found us through organic google search then landed on the comparison-vs-hubspot page. Left voicemail, will retry.",,,,
100235869,Giulia,Sun,,Founder,BluePeak Trading Co,giulia.s@bluepeak.co,+45 29 14 71 12,Denmark,,Connected,Sales Qualified Lead,,,Diego Alvarez,2026-01-13,,"Referred by Pooja Lim, warm intro. Great fit, prioritizing.",,,,
100235870,Giulia,Sun,,Founder,BluePeak Trading Retail Group,giulia.sun@bluepeak.co,4529147112,Denmark,,connected,Sales Qualified Lead,,,Diego Alvarez,2026-01-13,2026-03-07,"Referred by Pooja Lim, warm intro. Great fit, prioritizing.",,,,
100235871,Giulia,Sun,,Founder,BluePeak Trading Inc,giulia.sun@bluepeak.co,+45 29 14 71 12,Denmark,,Connected,Sales Qualified Lead,,,Diego Alvarez,1/13/2026,3/7/2026,"Referred by Pooja Lim, warm intro. Great fit, prioritizing.",,,,
100235872,Ines,Pedersen,,Finance Manager,Patel Fintech Consulting,ines.p@patelfintech.co,+55 11 96517-7574,Brazil,,connected,Lead,,,Fatima Rahman,2026-02-23,2026-05-27,"Referred by Sanjay Al-Farsi, warm intro. Great fit, prioritizing.",,,,
100235873,Aisha,Nkrumah,,,Goh Digital Studio,aisha.n@gohdigital.co,+351 95 200 7697,Portugal,,Qualified,Lead,,,Wei Chen,2026-05-30,2026-06-07,"Referred by George Yap, warm intro.",,,,
100235874,Astrid,Al-Farsi,,Operations Lead,Al-Farsi Solutions,astrid.a@al-farsi.biz,+44 7848 230532,United Kingdom,,Opportunity,Sales Qualified Lead,,,Grace Osei,2026-02-22,4/29/2026,Manual - added after inbound phone call. No response yet.,,,,79
100235875,Astrid,Al-Farsi,,Operations Lead,Al-Farsi Inc,astridal-farsi@al-farsi.biz,+44 7848 230532,United Kingdom,,Opportunity,Sales Qualified Lead,,,Grace Osei,2026-02-22,4/29/2026,Manual - added after inbound phone call. No response yet.,,,,79
100235876,Ji-woo,Bennett,,Founder,Johnson Freight Solutions,ji-woo.bennett@johnson.io,+351 95 929 4872,Portugal,,Closed Lost,Customer,Paid Search,,Elena Popescu,2026-04-06,2026-05-07,"Booked a demo via the book-a-demo page after clicking a google ad. Very interested, wants pricing call.",,,,
100235877,Ines,Kang,,Head of Growth,Malik Ltd,i.kang@malik.io,+34 623 871 298,Spain,,Opportunity ,Lead,Direct Traffic,,Marcus Wong,2026-01-18,5/17/2026,Filled out the form on the comparison-vs-hubspot page. Not interested for now.,,,,
100235878,Sofia,Xu,,,Ang Analytics Pte Ltd,sofia.xu@anganalytics.io,+84 97 789 4740,Vietnam,,Closed Won,Sales Qualified Lead,Paid Search,,Noah Bennett,2026-03-06,3/25/2026,"Booked a demo via the book-a-demo page after clicking a google ad. Great fit, prioritizing.",,,,
100235879,Michael,Johnson,,,Fischer Trading Robotics,michael.j@fischertrading.com.au,+7 984 206 21 26,Russia,,Closed Lost,Marketing Qualified Lead,Referrals,,Fatima Rahman,11/25/2025,,"Referred by Jia Hui Boateng, warm intro. Very interested, wants pricing call.",,,,
100235880,Pooja,Muller,,Finance Manager,Lindqvist AB Robotics,pooja.m@lindqvistab.co,+33 6 90 90 44 58,France,,Connected,Other,Organic Search,,Fatima Rahman,2025-12-02,2026-02-21,"Found us through organic google search then landed on the book-a-demo page. Great fit, prioritizing.",,,,
100235881,Bruno,Bennett,,,Yang Freight Co.,bruno.b@yangfreight.sg,+55 11 95930-2633,Brazil,,Opportunity,,Paid Search,,Diego Alvarez,2026-05-13,2026-05-29T00:00:00Z,Booked a demo via the book-a-demo page after clicking a google ad.,,,,
100235882,Bruno,Bennett,,,Yang Freight Labs,b.bennett@yangfreight.sg,+55 11 95930-2633,brazil,,Opportunity,,Paid Search,,Diego Alvarez,2026-05-13T00:00:00Z,2026-05-29,Booked a demo via the book-a-demo page after clicking a google ad. possible duplicate — verify before contacting.,,,,
100235883,Farah,Bennett,,,Yang Freight Co.,farah.b@yangfreight.sg,+48 536 858 718,Poland,,Connected,Lead,,,Hana Kobayashi,2026-04-04,2026-04-12,"Referred by Diego Al-Farsi, warm intro.",,,,
100235884,Wei Chen,Kone,,Head of Growth,Toure Consulting Retail Group,weichen.k@toureconsulting.co,+33 6 88 64 69 48,France,,New,Customer,Other Campaigns,,Elena Popescu,10/13/2025,2026-01-03,"Manually added by sales after a phone call from a cold outreach list. Very interested, wants pricing call.",,,,
100235885,Laura,Colombo,,,Chen Digital Inc,laura.colombo@chendigital.com.au,+351 95 687 2635,Portugal,,contacted,Opportunity,Other Campaigns,,Rohan Mehta,11/12/2025,2026-03-10,"Other - reached out via our general info@ inbox. Connected, sending proposal.",,,,
100235886,Femi,Lee,,VP Sales,Reyes Inc,femi.lee@reyes.sg,+55 11 98462-7010,Brazil,,closed won,Sales Qualified Lead,Direct Traffic,,Rohan Mehta,9/6/2025,,Filled out the form on the blog post on lead scoring. No response yet.,,,,
100235887,Ha-eun,Osei,,,Goh Digital Holdings,ha-eun.o@gohdigital.co,+61 498 822 453,Australia,, New,Lead,Direct Traffic,,Wei Chen,10/12/2025,6/1/2026,"Filled out the form on the book-a-demo page. Great fit, prioritizing.",,,,
100235888,Sven,Bennett,,Finance Manager,Teo Consulting Solutions,sven.b@teoconsulting.com,+60 14-133 6659,Malaysia,,Qualified,Customer,,,Hana Kobayashi,9/30/2025,2026-03-04,He scanned our QR code at the TechCrunch Disrupt booth.,,,,
100235889,Kenji,Papadopoulos,,Founder,Verma Consulting Digital,kenji.p@vermaconsulting.net,+212 6 69 95 65 17,Morocco,,new,Opportunity,Direct Traffic,,Diego Alvarez,12/24/2025,6/9/2026,Filled out the form on the product tour page.,,,,
100235890,Camille,Wu,,,Adeyemi Logistics Holdings,camille.wu@adeyemilogistics.com,+46 70 655 45 78,Sweden,,Closed Won,Lead,Other Campaigns,,Elena Popescu,2026-02-03,,"Manually added by sales after a phone call from a cold outreach list. Great fit, prioritizing.",,,,
100235891,Tariq,Iyer,,,Owusu Freight Trading Co,tariq.iyer@owusufreight.net,+86 131 1839 8931,China,,opportunity,Opportunity,,,Noah Bennett,2/5/2026,2026-05-08,Googled us and ended up on the case study page before booking a demo. Not interested for now.,,,,
100235892,Olivia,Rahman,,,Kang Holdings and Co,olivia.r@kangholdings.biz,+52 55 6715 7829,Mexico,,New,,Referrals,,Noah Bennett,2026-03-14T00:00:00Z,2026-06-15T00:00:00Z,"Referred by Tunde Pham, warm intro. Great fit, prioritizing.",,,,
100235893,Isabelle,Choi,,,Park Biotech Trading Co,isabelle.c@parkbiotech.io,+1 708 555 0159,United States,,opportunity,Marketing Qualified Lead,,,Hana Kobayashi,2025-10-06,11/18/2025,"Met her at the Dubai FinTech Week booth, scanned our QR code.",,,,
100235894,Adam,Yap,,Head of Growth,Yang Freight Robotics,adam.yap@yangfreight.io,+91 77067 90842,India,,OPPORTUNITY,Marketing Qualified Lead,,,Diego Alvarez,1/22/2026,,Filled out the form on the pricing page. Qualifying now.,,,,
100235895,Min-jun,Williams,,,Kang Holdings Ltd,min-junw@kangholdings.io,+44 7946 850153,United Kingdom,,Closed Won,Lead,,,Priya Nair,2026-03-15,,Googled us and ended up on the case study page before booking a demo. No response yet.,,,,
100235896,Sanjay,Johnson,,,Chua Textiles Pte Ltd,s.johnson@chuatextiles.co,+971 56 878 5959,UAE,,contacted,Sales Qualified Lead,,,Grace Osei,2025-09-16,2026-04-21T00:00:00Z,"Referred by Nils Alves, warm intro.",,,,95
100235897,Sanjay,Johnson,,,Chua Textiles Consulting,sanjayjohnson@chuatextiles.co,+971 56 878 5959,UAE,,Contacted,Sales Qualified Lead,,,Grace Osei,2025-09-16,2026-04-21,"Referred by Nils Alves, warm intro.",,,,95
100235898,Rui,Sorensen,,Head of Growth,Foster Freight Solutions,ruis@foster.com,+880 1617-694945,bangladesh,,connected,,,,Noah Bennett,11/28/2025,,"Saw our post about replacing hubspot and commented. Connected, sending proposal.",,,,
100235899,,,R. Sorensen,Head of Growth,Foster Freight Analytics,rui.sorensen@foster.com,8801617694945,Bangladesh,,Connected,,,,Noah Bennett,2025-11-28,12/26/2025,"Saw our post about replacing hubspot and commented. Connected, sending proposal. possible duplicate — verify before contacting.",,,,
100235900,Rui,Sorensen,,Head of Growth,Foster Freight Consulting,ruis@foster.com,8801617694945,Bangladesh,,Connected,,,,Noah Bennett,11/28/2025,2025-12-26,"Saw our post about replacing hubspot and commented. Connected, sending proposal. possible duplicate — verify before contacting.",,,,
100235901,Anna,Bruno,,Finance Manager,Zahra Analytics,anna.bruno@zahra.com,+34 631 515 797,Spain,,Closed Lost,Customer,,,Hana Kobayashi,2026-01-08,2026-01-21,"Found us through organic google search then landed on the contact page. Great fit, prioritizing.",,,,
100235902,Lucas,Schmidt,,,Chua Textiles Retail Group,lucas.s@chuatextiles.com,+84 91 985 5253,Vietnam,,CONNECTED,Opportunity,,,Elena Popescu,2025-11-18,2/28/2026,"Linkedin dm inbound asking about pricing. Great fit, prioritizing.",,,,
100235903,Anna,Nguyen,,Marketing Director,Yoon Retail Consulting,a.nguyen@yoonretail.com,+63 925 968 3535,Philippines,,Opportunity,Other,Offline Sources,,Grace Osei,2025-11-04,2026-05-03,"Spoke with them at our Mobile World Congress booth, no QR scan logged. Connected, sending proposal.",,,,
100235904,Amina,Boateng,,VP Sales,Boateng Digital Ltd,a.boateng@boatengdigital.sg,+971 51 389 3701,UAE,,New,,Organic Search,,Hana Kobayashi,2026-02-19,2026-04-18,"Googled us and ended up on the book-a-demo page before booking a demo. Connected, sending proposal.",,,,
100235905,Amir,Iyer,,Marketing Director,Li Consulting Solutions,amir.i@liconsulting.biz,+44 7922 842685,United Kingdom,,closed won,Opportunity,,,Hana Kobayashi,2025-11-27,2026-02-01,"Found us through organic google search then landed on the comparison-vs-hubspot page. Connected, sending proposal.",,,,
100235906,Pooja,Han,,Operations Lead,Weber Analytics Freight,pooja.han@weberanalytics.biz,+880 1928-699108,Bangladesh,,New,,,,Fatima Rahman,2026-01-17,,"Referred by Tom Reddy, warm intro. Qualifying now.",,,,
100235907,Luca,Becker,,,Patel Fintech Co,luca.b@patelfintech.sg,+82 10-3062-6996,South Korea,,connected,Customer,,,Wei Chen,2025-09-17,1/13/2026,He scanned our QR code at the Money20/20 Asia booth.,,,,
100235908,Kenji,Jensen,,Head of Growth,Santos Ltda Holdings,kenji.jensen@santosltda.sg,+65 8634 5356,Singapore,,Contacted,Customer,,,Fatima Rahman,2025-12-21T00:00:00Z,2026-05-26,Saw our post about replacing hubspot and commented. Not interested for now.,,,,
100235909,Chiara,Andersen,,,Owusu Freight Ltd,c.andersen@owusufreight.co,+60 13-270 8066,malaysia,,CLOSED WON,Marketing Qualified Lead,Social Media,,Diego Alvarez,2026-04-27,2026-05-12,"Connected on LinkedIn after commenting on our post. Left voicemail, will retry.",,,,
100235910,Chiara,Andersen,,,Owusu Freight Holdings,chiaraa@owusufreight.co,60132708066,Malaysia,,Closed Won,Marketing Qualified Lead,Social Media,,Diego Alvarez,2026-04-27,5/12/2026,"Connected on LinkedIn after commenting on our post. Left voicemail, will retry.",,,,
100235911,Fatima,Fischer,,,Yoon Retail Studio,fatima.fischer@yoonretail.io,+7 966 472 44 83,Russia,,contacted,Customer,Referrals,,Fatima Rahman,2/4/2026,2026-05-17,"Referred by Anjali Owusu, warm intro. Qualifying now.",,,,
100235912,Omar,Lim,,VP Sales,Al-Farsi Solutions,omarl@al-farsi.io,+39 355 744 4411,Italy,,New,Marketing Qualified Lead,Offline Sources,,Fatima Rahman,2026-04-05,,"Spoke with them at our Dubai FinTech Week booth, no QR scan logged. Qualifying now.",,,,
100235913,Tom,Chen,,Head of Growth,Asante Retail Holdings,tom.chen@asanteretail.com,+234 802 474 6840,Nigeria,,CONNECTED,Customer,Referrals,,Hana Kobayashi,2025-09-28,2026-02-11T00:00:00Z,"Referred by Haruto Sun, warm intro.",,,,
100235914,Farid,Nielsen,,Founder,Reddy Holdings Ltd,farid.nielsen@reddyholdings.com.au,+44 7876 122357,United Kingdom,,Connected,Other,Other Campaigns,,Fatima Rahman,2026-02-06,,Other - walked into our office without an appointment. Qualifying now.,,,,
100235915,Adam,Yeo,,,Santos Ltda Retail Group,a.yeo@santosltda.biz,+49 163 5127721,germany,,New,,,,Noah Bennett,2025-11-01T00:00:00Z,2025-12-05,"Filled out the form on the book-a-demo page. Very interested, wants pricing call.",,,,
100235916,Adam,Yeo,,,Santos Ltda Retail Freight Solutions,adamyeo@santosltda.biz,491635127721,Germany,,New,,,,Noah Bennett,2025-11-01,,"Filled out the form on the book-a-demo page. Very interested, wants pricing call. possible duplicate — verify before contacting.",,,,
100235917,Nur,Petersen,,Marketing Director,Nimbus Robotics,nur.petersen@nimbus.com.au,+86 130 2288 5661,China,,Closed Won,,Organic Search,,Noah Bennett,2025-10-20,4/25/2026,"Googled us and ended up on the homepage before booking a demo. Great fit, prioritizing.",,,,
100235918,Nur,Petersen,,Marketing Director,Nimbus Solutions,nurp@nimbus.com.au,8613022885661,China,,Closed Won ,,Organic Search,,Noah Bennett,2025-10-20T00:00:00Z,4/25/2026,"Googled us and ended up on the homepage before booking a demo. Great fit, prioritizing.",,,,
100235919,Ines,Goh,,,Williams Co,ines.goh@williams.com.au,+65 9259 8999,Singapore,,contacted,,,,Priya Nair,2026-06-11,6/11/2026,Manual - added after inbound phone call.,,,,
100235920,Femi,Bianchi,,Operations Lead,Santos Ltda Ventures,femib@santosltda.net,+86 134 6679 5653,China,,Opportunity,Customer,Organic Search,,Fatima Rahman,3/30/2026,2026-04-09T00:00:00Z,"Googled us and ended up on the product tour page before booking a demo. Very interested, wants pricing call.",,,,
100235921,,,Femi Bianchi,Operations Lead,Santos Ltda Trading Co,femi.bianchi@santosltda.net,8613466795653,China,,Opportunity,Customer,Organic Search,,Fatima Rahman,3/30/2026,2026-04-09T00:00:00Z,"Googled us and ended up on the product tour page before booking a demo. Very interested, wants pricing call. possible duplicate — verify before contacting.",,,,
100235922,Sarah,Bakar,,VP Sales,Gupta Textiles Inc.,sarahb@guptatextiles.co,+7 952 876 37 40,Russia,,closed won,Opportunity,,,Hana Kobayashi,2026-05-05,5/6/2026,Manually added by sales after a phone call from a cold outreach list. Not interested for now.,,,,
100235923,,,S. Bakar,VP Sales,Gupta Textiles Group,sarah.bakar@guptatextiles.co,79528763740,Russia,,CLOSED WON,Opportunity,,,Hana Kobayashi,2026-05-05,2026-05-06,Manually added by sales after a phone call from a cold outreach list. Not interested for now.,,,,
100235924,Sarah,Bakar,,VP Sales,Gupta Textiles Freight Solutions,s.bakar@guptatextiles.co,79528763740,Russia,,closed won,Opportunity,,,Hana Kobayashi,2026-05-05,2026-05-06,Manually added by sales after a phone call from a cold outreach list. Not interested for now. possible duplicate — verify before contacting.,,,,
100235925,Divya,Chen,,Head of Growth,Chua Textiles Robotics,divya.chen@chuatextiles.biz,+60 11-694 2302,Malaysia,,Connected,Marketing Qualified Lead,Other Campaigns,,Grace Osei,2025-11-20,4/27/2026,Other - walked into our office without an appointment. Not interested for now.,,,,
100235926,Mateo,Toure,,Head of Growth,Nord Studio,mateo.t@nord.net,+880 1448-453185,Bangladesh,,Contacted,Opportunity,Offline Sources,,Grace Osei,2026-03-26T00:00:00Z,,"Met at the booth during SaaStr Annual, said they'd follow up over email. Left voicemail, will retry.",,,,68
100235927,,,M. Toure,Head of Growth,Nord Labs,mateo.toure@nord.net,+880 1448-453185,Bangladesh,,Contacted,Opportunity,Offline Sources,,Grace Osei,2026-03-26T00:00:00Z,2026-03-26,"Met at the booth during SaaStr Annual, said they'd follow up over email. Left voicemail, will retry.",,,,68
100235928,Laura,Sim,,Head of Growth,Osei Inc.,lauras@osei.sg,+49 165 1564477,germany,,opportunity,Customer,,,Noah Bennett,12/9/2025,,"Spoke with them at our APAC Logistics Summit booth, no QR scan logged. Connected, sending proposal.",,,,
100235929,Valentina,Koh,,Marketing Director,Al-Farsi Digital,valentina.k@al-farsi.io,+62 848-7012-1680,Indonesia,,Contacted ,Lead,Other Campaigns,,Marcus Wong,2026-05-31,5/31/2026,"Met at the booth during APAC Logistics Summit, said they'd follow up over email.",,,,
100235930,Valentina,Koh,,Marketing Director,Al-Farsi Robotics,valentina.koh@al-farsi.io,+62 848-7012-1680,Indonesia,,Contacted,Lead,Other Campaigns,,Marcus Wong,5/31/2026,5/31/2026,"Met at the booth during APAC Logistics Summit, said they'd follow up over email.",,,,
100235931,Matteo,Meyer,,,Kim Trading Freight,m.meyer@kimtrading.net,+31 6 2038 1741,Netherlands,, Contacted,Sales Qualified Lead,Direct Traffic,,Marcus Wong,1/22/2026,,"Filled out the form on the book-a-demo page. Great fit, prioritizing.",,,,
100235932,Jonathan,Kapoor,,,Athens Retail Pte. Ltd.,jonathank@athensretail.com.au,+30 691 686 5503,Greece,,Closed Won,Lead,Other Campaigns,,Noah Bennett,2026-04-21,2026-04-21,Manual - added after inbound phone call.,,,,
100235933,Marco,Xu,,,Mensah Trading Digital,marcox@mensahtrading.biz,+60 14-319 8368,Malaysia,,Connected,Sales Qualified Lead,Other Campaigns,,Elena Popescu,2026-05-27,2026-06-15,Other - walked into our office without an appointment. Qualifying now.,,,,
100235934,Kwame,Xu,,Marketing Director,Mensah Trading Digital,kwamex@mensahtrading.biz,+34 639 166 819,Spain,,Closed Lost,Customer,Organic Search,,Priya Nair,2026-02-26,,"Found us through organic google search then landed on the pricing page. Great fit, prioritizing.",,,,
100235935,Vikram,Ocampo,,Operations Lead,Mekong Digital,vikram.o@mekong.co,+212 6 86 48 81 58,Morocco,,CLOSED WON,Other,Organic Search,,Elena Popescu,5/24/2026,,"Googled us and ended up on the book-a-demo page before booking a demo. Left voicemail, will retry.",,,,
100235936,Vikram,Ocampo,,Operations Lead,Mekong & Co,vikramocampo@mekong.co,212686488158,Morocco,,Closed Won,Other,Organic Search,,Elena Popescu,2026-05-24T00:00:00Z,2026-06-09,"Googled us and ended up on the book-a-demo page before booking a demo. Left voicemail, will retry.",,,,
100235937,Hassan,Schulz,,,Diallo Imports Pte. Ltd.,hassan.schulz@dialloimports.co,+880 1395-381070,Bangladesh,,Connected,Sales Qualified Lead,Social Media,,Marcus Wong,2026-03-02T00:00:00Z,2026-05-16,"Linkedin dm inbound asking about pricing. Left voicemail, will retry.",,,,
100235938,Hassan,Andersen,,,Reddy Holdings Pte Ltd,h.andersen@reddyholdings.net,+1 568 555 0131,United States,,New,,,,Priya Nair,2/7/2026,2026-03-25,Booked a demo via the book-a-demo page after clicking a google ad. No response yet.,,,,
100235939,Ravi,Koch,,Founder,Yang Freight Inc.,ravi.k@yangfreight.co,+91 76425 83420,India,,CLOSED WON,Sales Qualified Lead,,,Rohan Mehta,2026-03-12,6/4/2026,"Googled us and ended up on the homepage before booking a demo. Great fit, prioritizing.",,,,
100235940,Ama,Russo,,,Larsen AS Trading Co,amar@larsenas.com,+351 95 756 2659,Portugal,,Qualified,,Offline Sources,,Fatima Rahman,2026-02-11T00:00:00Z,2026-03-15,Scanned the QR code at our Money20/20 Asia booth. No response yet.,,,,
100235941,Miguel,Romano,,Marketing Director,Orchid Group,miguelr@orchid.biz,+351 94 105 4781,Portugal,,OPPORTUNITY,Other,,,Fatima Rahman,1/7/2026,5/8/2026,"Manually added by sales after a phone call from a cold outreach list. Very interested, wants pricing call.",,,,
100235942,Mei Ling,Dubois,,,Liu Trading Inc,meiling.dubois@liutrading.biz,+66 8 7948 2209,Thailand,,Qualified,Lead,Direct Traffic,,Elena Popescu,2026-04-24T00:00:00Z,2026-05-10,Filled out the form on the book-a-demo page.,,,,91
100235943,Adaeze,Andersen,,,Patel Fintech Freight,adaeze.andersen@patelfintech.io,+84 94 781 5299,Vietnam,,OPPORTUNITY,Lead,,,Hana Kobayashi,2026-04-27,2026-05-12,"Referred by Oluwaseun Camara, warm intro. Very interested, wants pricing call.",,,,
100235944,Chidi,Verma,,Founder,Sato Trading,c.verma@sato.com,+60 13-294 7774,malaysia,,connected,,Social Media,,Marcus Wong,4/12/2026,,"Linkedin dm inbound asking about pricing. Very interested, wants pricing call.",,,,
100235945,Amir,Frimpong,,Marketing Director,Reyes Partners,amir.f@reyes.io,+212 6 23 32 58 87,Morocco,, Contacted,Opportunity,,,Elena Popescu,1/12/2026,,Found us through organic google search then landed on the homepage.,,,,
100235946,Bruno,Ferrari,,Finance Manager,Sim Robotics Inc,brunof@simrobotics.com,+1 426 555 0105,United States,,Qualified,Sales Qualified Lead,,,Priya Nair,2026-05-25T00:00:00Z,2026-05-25,"Referred by Luca Osei, warm intro. No response yet.",,,,
100235947,Haruto,Lim,,,Ferrari Consulting Labs,h.lim@ferrariconsulting.com,+60 15-499 4856,Malaysia,,QUALIFIED,Marketing Qualified Lead,Paid Search,,Marcus Wong,2026-03-31,5/20/2026,"Booked a demo via the book-a-demo page after clicking a google ad. Left voicemail, will retry.",,,,
100235948,Sigrid,Oh,,,Gupta Textiles Labs,sigrido@guptatextiles.io,+234 806 881 6673,Nigeria,,New,Customer,Other Campaigns,,Wei Chen,2026-01-09,,Manually added by sales after a phone call from a cold outreach list. Not interested for now.,,,,
100235949,Bjorn,Rossi,,VP Sales,Nord Co,bjornr@nord.co,+880 1510-318097,Bangladesh,,new,,Paid Search,,Priya Nair,6/6/2026,,Booked a demo via the book-a-demo page after clicking a google ad.,,,,
100235950,Kai,Martinez,,Marketing Director,Nimbus Solutions,k.martinez@nimbus.biz,+66 7 8231 4760,Thailand,,closed lost,Opportunity,Offline Sources,,Grace Osei,2026-01-27,2026-03-06,"Met at the booth during Dubai FinTech Week, said they'd follow up over email.",,,,
100235951,Erik,Jung,,Head of Growth,Han Imports Holdings,e.jung@hanimports.com,+45 25 52 21 97,Denmark,,Closed Lost,Lead,,,Priya Nair,2026-03-06,,"Saw our post about replacing hubspot and commented. Great fit, prioritizing.",,,,
100235952,Erik,Jung,,Head of Growth,Han Imports Inc.,e.jung@hanimports.com,4525522197,Denmark,,closed lost,Lead,,,Priya Nair,2026-03-06,2026-03-10,"Saw our post about replacing hubspot and commented. Great fit, prioritizing. possible duplicate — verify before contacting.",,,,
100235953,,,Erik Jung,Head of Growth,Han Imports Solutions,erikj@hanimports.com,+45 25 52 21 97,Denmark,,CLOSED LOST,Lead,,,Priya Nair,2026-03-06,2026-03-10T00:00:00Z,"Saw our post about replacing hubspot and commented. Great fit, prioritizing.",,,,
100235954,Zainab,Koch,,Marketing Director,Yoon Retail Partners,zainabk@yoonretail.sg,+65 8311 1023,Singapore,,Connected,Sales Qualified Lead,,,Diego Alvarez,1/8/2026,2026-01-08,"Scanned the QR code at our Money20/20 Asia booth. Connected, sending proposal.",,,,
100235955,Tunde,Iyer,,,Reyes Trading Co,t.iyer@reyes.net,+52 55 1058 3123,Mexico,,Connected,Lead,,,Marcus Wong,3/3/2026,2026-03-03,Filled out the form on the contact page.,,,,
100235956,Camille,Asante,,,Sim Robotics Partners,camille.a@simrobotics.io,+971 54 340 6731,UAE,,Connected,Other,,,Priya Nair,2/4/2026,5/18/2026,"Met at the booth during Retail Asia Expo, said they'd follow up over email. No response yet.",,,,
100235957,Sara,Martins,,VP Sales,Koh & Sons Pte. Ltd.,sara.martins@kohsons.io,+971 54 644 1306,UAE,,Contacted,Lead,,,Diego Alvarez,2026-03-03T00:00:00Z,,Filled out the form on the pricing page.,,,,
100235958,Joon,Reddy,,,Liu Trading Consulting,j.reddy@liutrading.com.au,+63 951 854 6777,Philippines,,Opportunity,Opportunity,,,Hana Kobayashi,2026-02-12,3/6/2026,"Scanned the QR code at our SaaStr Annual booth. Great fit, prioritizing.",,,,59
100235959,Ama,Lee,,,Kim Trading Consulting,ama.l@kimtrading.com.au,+63 923 999 6711,Philippines,,Closed Lost,Marketing Qualified Lead,,,Wei Chen,2025-10-30,12/20/2025,Booked a demo via the book-a-demo page after clicking a google ad.,,,,
100235960,Chloe,Tan,,,Yang Freight Solutions,chloe.t@yangfreight.co,+86 131 5037 8850,China,,Opportunity,,,,Elena Popescu,11/4/2025,2026-04-15,Filled out the form on the case study page.,,,,
100235961,Ana,Schmidt,,Head of Growth,Ang Analytics Inc,anas@anganalytics.com.au,+44 7994 590116,United Kingdom,,Qualified,Other,,,Fatima Rahman,9/27/2025,2025-10-01,"Referred by Marco Wang, warm intro. Qualifying now.",,,,
100235962,Salma,Kapoor,,,Malik Pte. Ltd.,salma.k@malik.sg,+880 1736-242016,Bangladesh,,qualified,Other,Direct Traffic,,Grace Osei,2026-01-24T00:00:00Z,,"Filled out the form on the case study page. Very interested, wants pricing call.",,,,
100235963,Haruto,Greco,,Head of Growth,Boateng Digital Freight Solutions,haruto.g@boatengdigital.net,+351 95 975 6148,Portugal,,Qualified,Customer,,,Fatima Rahman,2026-05-13T00:00:00Z,2026-06-17,"He scanned our QR code at the Dubai FinTech Week booth. Left voicemail, will retry.",,,,
100235964,Ama,Al-Farsi,,,Fischer Trading Freight,a.al-farsi@fischertrading.biz,+45 20 92 90 10,Denmark,,Qualified,Customer,Other Campaigns,,Rohan Mehta,2025-12-21T00:00:00Z,1/30/2026,"Spoke with them at our SaaStr Annual booth, no QR scan logged.",,,,
100235965,Elena,Muller,,Operations Lead,Athens Retail Co,e.muller@athensretail.sg,+45 25 25 46 89,Denmark,,QUALIFIED,Marketing Qualified Lead,Organic Search,,Diego Alvarez,2025-09-28,12/2/2025,"Googled us and ended up on the product tour page before booking a demo. Connected, sending proposal.",,,,
100235966,Ibrahim,Hossain,,VP Sales,Nimbus Inc,ibrahimh@nimbus.sg,+62 834-7850-6065,Indonesia,,Connected,,Direct Traffic,,Grace Osei,2026-06-16,6/19/2026,Filled out the form on the book-a-demo page.,,,,
100235967,Ibrahim,Hossain,,VP Sales,Nimbus Pte Ltd,ibrahimhossain@nimbus.sg,+62 834-7850-6065,Indonesia,,Connected,,Direct Traffic,,Grace Osei,2026-06-16,,Filled out the form on the book-a-demo page. possible duplicate — verify before contacting.,,,,
100235968,,,Ibrahim Hossain,VP Sales,Nimbus Trading Co,ibrahimh@nimbus.sg,6283478506065,Indonesia,,Connected,,Direct Traffic,,Grace Osei,2026-06-16,6/19/2026,Filled out the form on the book-a-demo page. possible duplicate — verify before contacting.,,,,
100235969,Ava,Danso,,,Kilat Retail Solutions,ava.d@kilatretail.sg,+54 9 11 6105-4545,Argentina,,Contacted,Other,,,Wei Chen,2026-05-08,5/20/2026,"Referred by Arjun Wu, warm intro.",,,,
100235970,Aisha,Ong,,,Hansen Digital Co,aisha.ong@hansendigital.io,+971 55 445 1382,UAE,,qualified,Lead,,,Hana Kobayashi,2025-09-20,2026-05-14,Scanned the QR code at our Money20/20 Asia booth.,,,,46
100235971,Layla,Koh,,Finance Manager,Kim Trading Co.,l.koh@kimtrading.biz,+1 802 555 0194,United States,,closed lost,,Direct Traffic,,Marcus Wong,2025-11-20,,Filled out the form on the homepage.,,,,
100235972,Pedro,Seo,,Operations Lead,Li Consulting Digital,pedros@liconsulting.biz,+92 370 1908336,Pakistan,,Connected,Sales Qualified Lead,Referrals,,Elena Popescu,6/14/2026,,"Referred by Astrid Teo, warm intro.",,,,
100235973,Pedro,Seo,,Operations Lead,Li Consulting Trading Co,pedro.seo@liconsulting.biz,+92 370 1908336,Pakistan,, Connected,Sales Qualified Lead,Referrals,,Elena Popescu,2026-06-14,2026-06-19,"Referred by Astrid Teo, warm intro. possible duplicate — verify before contacting.",,,,
100235974,Aisha,Koch,,Founder,Fischer Trading and Co,a.koch@fischertrading.sg,+33 6 53 32 56 69,France,,Contacted,Opportunity,,,Rohan Mehta,2026-04-27T00:00:00Z,2026-05-27,Saw our post about replacing hubspot and commented.,,,,54
100235975,Sven,Chen,,VP Sales,Yap Ventures Inc.,sven.chen@yapventures.sg,+82 10-9399-3402,South Korea,,Qualified ,Other,,,Marcus Wong,2026-03-13,,"Met her at the Retail Asia Expo booth, scanned our QR code.",,,,
100235976,Femi,Fall,,,Athens Retail Solutions,femif@athensretail.net,+62 828-8638-9580,Indonesia,,CONTACTED,Lead,,,Wei Chen,2026-01-13T00:00:00Z,2026-01-13,"Manually added by sales after a phone call from a cold outreach list. Connected, sending proposal.",,,,
100235977,Femi,Fall,,,Athens Retail Analytics,femi.fall@athensretail.net,6282886389580,Indonesia,,Contacted,Lead,,,Wei Chen,2026-01-13T00:00:00Z,2026-01-13,"Manually added by sales after a phone call from a cold outreach list. Connected, sending proposal.",,,,
100235978,Emily,Larsen,,Finance Manager,Asante Retail Pte. Ltd.,e.larsen@asanteretail.co,+1 634 555 0170,United States,,Opportunity,Sales Qualified Lead,Referrals,,Hana Kobayashi,2026-03-14,2026-04-02,"Referred by Suresh Wagner, warm intro.",,,,
100235979,Emily,Larsen,,Finance Manager,Asante Retail Trading,emily.larsen@asanteretail.co,+1 634 555 0170,United States,, Opportunity,Sales Qualified Lead,Referrals,,Hana Kobayashi,2026-03-14,2026-04-02T00:00:00Z,"Referred by Suresh Wagner, warm intro. possible duplicate — verify before contacting.",,,,
100235980,Zara,Lim,,,Lumen Freight,zara.l@lumen.io,+351 95 909 8755,Portugal,,Connected,Other,,,Hana Kobayashi,2/18/2026,2026-06-09,"Referred by Min-jun Colombo, warm intro. Connected, sending proposal.",,,,
100235981,Yuki,Adjei,,Marketing Director,Reddy Holdings Co.,yukia@reddyholdings.sg,+63 997 971 7002,Philippines,,New,Marketing Qualified Lead,,,Fatima Rahman,4/23/2026,6/1/2026,"Filled out the form on the product tour page. Very interested, wants pricing call.",,,,
100235982,Yuki,Adjei,,Marketing Director,Reddy Holdings Consulting,yukiadjei@reddyholdings.sg,+63 997 971 7002,Philippines,,New,Marketing Qualified Lead,,,Fatima Rahman,2026-04-23,6/1/2026,"Filled out the form on the product tour page. Very interested, wants pricing call.",,,,
100235983,,,Y. Adjei,Marketing Director,Reddy Holdings Group,yuki.adjei@reddyholdings.sg,639979717002,Philippines,,New ,Marketing Qualified Lead,,,Fatima Rahman,2026-04-23,2026-06-01,"Filled out the form on the product tour page. Very interested, wants pricing call.",,,,
100235984,Freya,Jung,,Operations Lead,Koh & Sons Consulting,f.jung@kohsons.net,+45 22 66 85 23,Denmark,,New,Lead,,,Marcus Wong,9/30/2025,2026-04-08,"Filled out the form on the book-a-demo page. Very interested, wants pricing call.",,,,
100235985,George,Rasmussen,,Marketing Director,Liu Trading Pte. Ltd.,george.r@liutrading.net,+852 7809 9714,Hong Kong,,New,,Direct Traffic,,Priya Nair ,2025-11-19T00:00:00Z,11/19/2025,Filled out the form on the comparison-vs-hubspot page. No response yet.,,,,
100235986,Chiara,Malik,,VP Sales,Sharma Enterprises Inc.,chiaram@sharmaenterprises.com,+233 24 723 9844,Ghana,,Connected,Opportunity,Offline Sources,,Diego Alvarez,2026-03-17,2026-03-17,"Spoke with them at our SaaStr Annual booth, no QR scan logged. Not interested for now.",,,,
100235987,Rin,Nkrumah,,Head of Growth,Owusu Freight Studio,r.nkrumah@owusufreight.net,+7 967 985 64 89,Russia,,Opportunity,Customer,,,Elena Popescu,2026-04-21,2026-05-25,"Linkedin dm inbound asking about pricing. Connected, sending proposal.",,,,
100235988,Ava,Becker,,Head of Growth,Adeyemi Logistics Pte Ltd,avab@adeyemilogistics.biz,+7 933 812 68 52,Russia,,Closed Lost,Lead,Social Media,,Elena Popescu,2025-12-16,2/17/2026,Connected on LinkedIn after commenting on our post.,,,,
100235989,Michael,Camara,,,Sayed Trading Trading,m.camara@sayedtrading.io,+44 7731 950804,United Kingdom,,Qualified,Lead,Offline Sources,,Noah Bennett,2026-02-19,,"Met her at the Retail Asia Expo booth, scanned our QR code. Very interested, wants pricing call.",,,,
100235990,Francesca,Pham,,,Yap Ventures Retail Group,f.pham@yapventures.biz,+31 6 5886 8480,netherlands,,Closed Won,,Direct Traffic,,Grace Osei,2026-04-03T00:00:00Z,4/11/2026,Filled out the form on the book-a-demo page.,,,,
100235991,Seo-yeon,Iyer,,,Kowalski Ventures,seo-yeon.i@kowalski.co,+48 559 462 543,Poland,,Connected,Other,Other Campaigns,,Diego Alvarez,2025-10-11,,"Met at the booth during London Tech Week, said they'd follow up over email.",,,,
100235992,Rin,Kone,,,Jung Studio Freight Solutions,rink@jungstudio.com.au,+92 380 9413799,Pakistan,,Contacted,Other,Organic Search,,Rohan Mehta,1/25/2026,2026-02-03,"Found us through organic google search then landed on the pricing page. Left voicemail, will retry.",,,,
100235993,Ethan,Rossi,,,Hansen Digital Ventures,ethanr@hansendigital.sg,+82 10-8250-8873,South Korea,,Opportunity,Opportunity,,,Wei Chen,2026-04-07,,"Spoke with them at our Web Summit 2026 booth, no QR scan logged. Very interested, wants pricing call.",,,,
100235994,Mei Ling,Meyer,,,Koh & Sons Partners,m.meyer@kohsons.io,+49 170 6821001,Germany,,Closed Won,,Other Campaigns,,Grace Osei,2026-05-04,,"Spoke with them at our Web Summit 2026 booth, no QR scan logged.",,,,
100235995,Mei Ling,Meyer,,,Koh & Sons Robotics,m.meyer@kohsons.io,491706821001,Germany,,Closed Won,,Other Campaigns,,Grace Osei,2026-05-04,,"Spoke with them at our Web Summit 2026 booth, no QR scan logged. possible duplicate — verify before contacting.",,,,
100235996,Priya,Appiah,,Operations Lead,Kowalski Group,p.appiah@kowalski.sg,+971 57 764 1633,UAE,,Connected ,Lead,,,Marcus Wong,2026-04-01,6/11/2026,Connected on LinkedIn after commenting on our post. Qualifying now.,,,,
100235997,Siti,Iyer,,,Costa Trading and Co,sitii@costatrading.com.au,+7 973 864 39 36,Russia,,contacted,Other,,,Wei Chen,2025-10-07T00:00:00Z,12/29/2025,Googled us and ended up on the case study page before booking a demo. Not interested for now.,,,,74
100235998,Farah,Sharma,,Operations Lead,GreenLeaf Trading Co,farahs@greenleaf.com,+61 417 187 231,Australia,, Closed Lost,Lead,,,Fatima Rahman,2026-01-04,2026-01-11,Manually added by sales after a phone call from a cold outreach list.,,,,
100235999,Aisha,Papadopoulos,,Finance Manager,Popescu Co.,aisha.p@popescu.io,+49 176 4317311,Germany,,Connected ,Opportunity,,,Hana Kobayashi,2025-09-11,9/11/2025,"Referred by Francesca Teo, warm intro.",,,,
100236000,Xiu Ying,Frimpong,,Head of Growth,Yoon Retail Consulting,xiuying.frimpong@yoonretail.co,+39 360 764 4932,Italy,,Closed Lost,Other,,,Noah Bennett,11/8/2025,,Scanned the QR code at our Money20/20 Asia booth. No response yet.,,,,
100236001,Noah,Reyes,,Head of Growth,Hansen Digital Freight,n.reyes@hansendigital.net,+62 860-6133-2577,Indonesia,,closed won,Lead,,,Elena Popescu,12/4/2025,2025-12-04,"Filled out the form on the case study page. Connected, sending proposal.",,,,
100236002,Liam,Aina,,,Ang Analytics Robotics,l.aina@anganalytics.com.au,+46 70 158 34 56,Sweden,,Closed Lost ,,,,Fatima Rahman,11/28/2025,12/21/2025,Filled out the form on the comparison-vs-hubspot page.,,,,
100236003,Liam,Aina,,,Ang Analytics Ltd,liam.aina@anganalytics.com.au,46701583456,Sweden,,Closed Lost,,,,Fatima Rahman,11/28/2025,2025-12-21,Filled out the form on the comparison-vs-hubspot page.,,,,
100236004,Salma,Lau,,Finance Manager,Reyes Retail Group,s.lau@reyes.io,+45 24 62 11 21,Denmark,,Opportunity,Customer,,,Marcus Wong,2025-10-29,,"Filled out the form on the blog post on lead scoring. Great fit, prioritizing.",,,,
100236005,Rachel,Ong,,Head of Growth,Teo Consulting Group,r.ong@teoconsulting.net,+81 73-3469-1424,Japan,,CLOSED WON,Marketing Qualified Lead,Organic Search,,Elena Popescu,2025-10-15T00:00:00Z,,Found us through organic google search then landed on the book-a-demo page.,,,,
100236006,Michael,Sy,,VP Sales,Chen Digital Group,michaels@chendigital.net,+880 1492-222701,Bangladesh,,CLOSED WON,Customer,,,Marcus Wong,2025-09-19,2025-10-24T00:00:00Z,"Manually added by sales after a phone call from a cold outreach list. Very interested, wants pricing call.",,,,
100236007,Meera,Pham,,Head of Growth,Rossi SRL Ltd,m.pham@rossisrl.com,+66 6 9293 8850,Thailand,, Connected,Lead,Other Campaigns,,Grace Osei ,2025-09-16,2025-09-16,"Manually added by sales after a phone call from a cold outreach list. Left voicemail, will retry.",,,,
100236008,Antoine,Ricci,,Finance Manager,Kowalski Freight Solutions,antoiner@kowalski.io,+212 6 29 38 19 58,Morocco,,Closed Won ,Other,Offline Sources,,Fatima Rahman,2025-10-31,,"Met at the booth during Dubai FinTech Week, said they'd follow up over email.",,,,
100236009,Olivia,Reyes,,Founder,Lotus Finance Digital,olivia.reyes@lotusfinance.com,+34 686 722 387,Spain,,Qualified,Customer,Direct Traffic,,Noah Bennett,2026-03-23,,"Filled out the form on the homepage. Left voicemail, will retry.",,,,83
100236010,Anjali,Dubois,,,Kim Trading Co.,a.dubois@kimtrading.io,+61 448 320 964,Australia,,New,,Social Media,,Noah Bennett,2026-02-20,,Linkedin dm inbound asking about pricing. Qualifying now.,,,,
100236011,Bruno,Johnson,,Founder,Yang Freight Partners,brunoj@yangfreight.co,+34 650 991 215,Spain,,Contacted,Customer,Direct Traffic,,Marcus Wong,2026-04-04,5/1/2026,"Filled out the form on the homepage. Very interested, wants pricing call.",,,,
100236012,Aisha,Lim,,Operations Lead,Bennett & Co,aishal@bennett.sg,+971 55 631 6098,UAE,,QUALIFIED,Opportunity,Other Campaigns,,Diego Alvarez,2026-05-23,2026-06-07T00:00:00Z,Other - reached out via our general info@ inbox.,,,,
100236013,Farid,Bakker,,,Bennett Ventures,farid.bakker@bennett.co,+55 11 92694-2817,Brazil,,CLOSED LOST,,Social Media,,Diego Alvarez,2026-01-08,2026-04-12T00:00:00Z,"Saw our post about replacing hubspot and commented. Connected, sending proposal.",,,,
100236014,Benjamin,Lau,,Head of Growth,Ang Analytics Co,benjamin.lau@anganalytics.sg,+39 361 447 5417,Italy,,Qualified,Sales Qualified Lead,Other Campaigns,,Diego Alvarez,2025-11-29,,"Other - reached out via our general info@ inbox. Great fit, prioritizing.",,,,
100236015,Ananya,Sun,,Founder,Han Imports Holdings,ananyas@hanimports.co,+34 696 520 906,Spain,,Qualified,Lead,Offline Sources,,Priya Nair,12/28/2025,1/19/2026,He scanned our QR code at the APAC Logistics Summit booth.,,,,
100236016,Astrid,Jung,,VP Sales,Johnson Ventures,astridj@johnson.io,+84 99 432 8388,Vietnam,,New,,,,Elena Popescu,2025-12-09T00:00:00Z,2026-06-10T00:00:00Z,"Referred by Daniel Meyer, warm intro.",,,,
100236017,Salma,Sun,,Finance Manager,Ivanova Analytics,salma.s@ivanova.sg,+63 911 807 7880,Philippines,,Contacted ,,Organic Search,,Hana Kobayashi,2026-02-17,2026-05-01T00:00:00Z,Googled us and ended up on the book-a-demo page before booking a demo. Qualifying now.,,,,
100236018,Ahmed,Ferrari,,,Patel Fintech Holdings,ahmed.ferrari@patelfintech.io,+65 8524 2095,Singapore,,Closed Lost,Opportunity,,,Fatima Rahman,1/17/2026,2026-06-14,Manual - added after inbound phone call. Qualifying now.,,,,
100236019,Matteo,Wong,,,Yang Freight Freight,matteo.wong@yangfreight.net,+84 91 555 1209,Vietnam,,Qualified,Customer,,,Marcus Wong,2025-11-04,4/12/2026,Googled us and ended up on the case study page before booking a demo.,,,,54
100236020,Youssef,Mensah,,,Sharma Enterprises Robotics,y.mensah@sharmaenterprises.io,+61 471 273 790,Australia,, Opportunity,,Social Media,,Hana Kobayashi,2026-03-03,2026-05-26,"Saw our post about replacing hubspot and commented. Left voicemail, will retry.",,,,
100236021,Youssef,Mensah,,,Sharma Enterprises Inc.,youssef.mensah@sharmaenterprises.io,+61 471 273 790,Australia,,Opportunity,,Social Media,,Hana Kobayashi,2026-03-03,2026-05-26,"Saw our post about replacing hubspot and commented. Left voicemail, will retry.",,,,
100236022,George,Mensah,,Founder,Sharma Enterprises Robotics,georgem@sharmaenterprises.io,+33 6 58 93 20 23,France,,opportunity,,Referrals,,Rohan Mehta,1/2/2026,2026-01-02,"Referred by Tariq Mehta, warm intro. Connected, sending proposal.",,,,
100236023,Antoine,Marino,,Founder,Acme Solutions,antoine.marino@acme.com.au,+91 81161 41752,India,,Contacted,Sales Qualified Lead,Referrals,,Marcus Wong,2025-11-20,,"Referred by Thanh Goh, warm intro. Very interested, wants pricing call.",,,,
100236024,Olivia,Yoon,,,Asante Retail Retail Group,olivia.y@asanteretail.co,+62 862-6037-7594,Indonesia,,Closed Won,,Other Campaigns,,Rohan Mehta ,2025-11-08,,Manually added by sales after a phone call from a cold outreach list. Not interested for now.,,,,
100236025,Ana,Becker,,VP Sales,Ferrari Consulting Freight Solutions,ana.b@ferrariconsulting.net,+1 368 555 0104,United States,,Qualified,,,,Priya Nair,2026-05-22,6/7/2026,"Googled us and ended up on the homepage before booking a demo. Connected, sending proposal.",,,,
100236026,Xiu Ying,Schmidt,,Founder,Athens Retail Inc.,xiuying.s@athensretail.sg,+40 766 793 382,romania,,New,,,,Elena Popescu,2026-05-20,5/23/2026,Saw our post about replacing hubspot and commented. Not interested for now.,,,,
100236027,Xiu Ying,Schmidt,,Founder,Athens Retail Co.,xiuyingschmidt@athensretail.sg,+40 766 793 382,Romania,,NEW,,,,Elena Popescu,5/20/2026,2026-05-23,Saw our post about replacing hubspot and commented. Not interested for now.,,,,
100236028,Astrid,Han,,Finance Manager,Wong Legal Studio,astrid.han@wonglegal.biz,+212 6 43 15 58 39,Morocco,,Connected,Lead,,,Noah Bennett,5/22/2026,2026-06-11,"Spoke with them at our Dubai FinTech Week booth, no QR scan logged. Not interested for now.",,,,
100236029,Ethan,Fischer,,VP Sales,Gupta Textiles Robotics,e.fischer@guptatextiles.sg,+852 6604 8118,Hong Kong,,Contacted,Marketing Qualified Lead,Other Campaigns,,Diego Alvarez,2025-11-06,2025-11-06,Other - reached out via our general info@ inbox.,,,,
100236030,Farid,Seo,,VP Sales,Boateng Digital Freight Solutions,farid.seo@boatengdigital.sg,+65 9245 4401,Singapore,,Connected,Lead,,,Fatima Rahman,4/17/2026,2026-04-17,"Met at the booth during SaaStr Annual, said they'd follow up over email.",,,,
100236031,David,Xu,,VP Sales,Ng Freight Digital,davidx@ngfreight.com,+81 85-7897-7318,Japan,,Opportunity,Lead,,,Noah Bennett,2026-01-30,,Found us through organic google search then landed on the homepage. Not interested for now.,,,,
100236032,Sophia,Koch,,,Ang Analytics Consulting,s.koch@anganalytics.com.au,+33 6 26 77 81 37,France,,closed lost,,Referrals,,Elena Popescu,2025-09-20,5/11/2026,"Referred by Sigrid Pereira, warm intro. Left voicemail, will retry.",,,,
100236033,Natasha,Nguyen,,Founder,Patel Fintech Pte Ltd,natasha.n@patelfintech.sg,+7 993 636 61 91,Russia,,Closed Lost,,Other Campaigns,,Priya Nair,2026-03-26,,"Other - reached out via our general info@ inbox. Very interested, wants pricing call.",,,,
100236034,Rachel,Lee,,,Lau Holdings,rachell@lau.io,+91 98066 71564,India,,qualified,Marketing Qualified Lead,,,Wei Chen,10/23/2025,2026-03-16,"Filled out the form on the blog post on lead scoring. Connected, sending proposal.",,,,
100236035,Min-jun,Verma,,Founder,Lotus Finance Trading Co,min-junv@lotusfinance.net,+852 5581 1953,Hong Kong,, Opportunity,Opportunity,Other Campaigns,,Fatima Rahman,2025-09-17T00:00:00Z,2025-09-17,Manually added by sales after a phone call from a cold outreach list.,,,,
100236036,Diego,Lim,,Head of Growth,Hansen Digital Co.,diego.l@hansendigital.co,+49 168 4587423,Germany,,Opportunity,Lead,,,Noah Bennett,3/20/2026,,"Met her at the Money20/20 Asia booth, scanned our QR code.",,,,
100236037,Sanjay,Mehta,,,Ferrari Consulting Digital,s.mehta@ferrariconsulting.net,+233 28 465 6948,Ghana,,Closed Lost,Sales Qualified Lead,Direct Traffic,,Marcus Wong,5/6/2026,5/9/2026,Filled out the form on the pricing page. Not interested for now.,,,,
100236038,,,S. Mehta,,Ferrari Consulting Ventures,s.mehta@ferrariconsulting.net,+233 28 465 6948,Ghana,,closed lost,Sales Qualified Lead,Direct Traffic,,Marcus Wong,2026-05-06,2026-05-09,Filled out the form on the pricing page. Not interested for now.,,,,
100236039,Sanjay,Mehta,,,Ferrari Consulting Pte. Ltd.,sanjaym@ferrariconsulting.net,233284656948,Ghana,, Closed Lost,Sales Qualified Lead,Direct Traffic,,Marcus Wong,2026-05-06T00:00:00Z,,Filled out the form on the pricing page. Not interested for now.,,,,
100236040,Ravi,Colombo,,,BluePeak Labs,r.colombo@bluepeak.com.au,+971 54 351 5325,UAE,,Connected,Lead,Organic Search,,Elena Popescu,3/26/2026,2026-06-13,Googled us and ended up on the pricing page before booking a demo. No response yet.,,,,
100236041,Aiko,Lim,,,Martinez & Co,aikol@martinez.co,+52 55 7646 6406,Mexico,, Contacted,Lead,,,Wei Chen,10/23/2025,2026-01-30,He scanned our QR code at the SaaStr Annual booth.,,,,
100236042,Ava,Andersen,,VP Sales,Johnson Digital,ava.a@johnson.co,+7 984 225 94 20,Russia,,Qualified,Lead,,,Wei Chen,11/30/2025,2025-11-30,Googled us and ended up on the blog post on lead scoring before booking a demo. No response yet.,,,,
100236043,Ji-woo,Almeida,,,Kang Holdings Co.,ji-wooa@kangholdings.io,+82 10-9909-7815,South Korea,,Closed Lost,Other,Organic Search,,Noah Bennett,2025-09-01,2025-09-01T00:00:00Z,Googled us and ended up on the case study page before booking a demo.,,,,
100236044,Ji-woo,Almeida,,,Kang Holdings Trading,ji-wooalmeida@kangholdings.io,821099097815,South Korea,,Closed Lost,Other,Organic Search,,Noah Bennett,2025-09-01T00:00:00Z,9/1/2025,Googled us and ended up on the case study page before booking a demo.,,,,
100236045,Laura,Chua,,Operations Lead,Rossi SRL Retail Group,laurac@rossisrl.net,+63 955 444 2979,Philippines,,Opportunity,Lead,Social Media,,Elena Popescu,12/23/2025,2026-05-19,"Linkedin dm inbound asking about pricing. Great fit, prioritizing.",,,,
100236046,Leila,Bakar,,,Teo Consulting Freight Solutions,leila.b@teoconsulting.com,+66 7 4604 4400,Thailand,,Closed Won,Marketing Qualified Lead,,,Marcus Wong,12/9/2025,2026-03-09,"Met at the booth during Web Summit 2026, said they'd follow up over email. Connected, sending proposal.",,,,
100236047,Kwame,Chen,,Operations Lead,Sharma Enterprises and Co,kwame.chen@sharmaenterprises.com.au,+48 602 208 169,Poland,,closed lost,Marketing Qualified Lead,,,Noah Bennett,2025-11-07,2026-04-22,Googled us and ended up on the pricing page before booking a demo.,,,,
100236048,,,Kwame Chen,Operations Lead,Sharma Enterprises and Robotics,k.chen@sharmaenterprises.com.au,+48 602 208 169,Poland,,Closed Lost,Marketing Qualified Lead,,,Noah Bennett,2025-11-07,,Googled us and ended up on the pricing page before booking a demo.,,,,
100236049,Pedro,Christensen,,Operations Lead,Choi Logistics Inc.,pedro.c@choilogistics.com,+91 77247 25076,India,,Closed Won ,Sales Qualified Lead,Other Campaigns,,Grace Osei,2026-04-09T00:00:00Z,2026-06-12,Manually added by sales after a phone call from a cold outreach list. Qualifying now.,,,,
100236050,,,P. Christensen,Operations Lead,Choi Logistics Pte. Ltd.,p.christensen@choilogistics.com,+91 77247 25076,India,,Closed Won,Sales Qualified Lead,Other Campaigns,,Grace Osei,2026-04-09T00:00:00Z,2026-06-12,Manually added by sales after a phone call from a cold outreach list. Qualifying now. possible duplicate — verify before contacting.,,,,
100236051,Isabelle,Ferreira,,Marketing Director,Huang Analytics Freight Solutions,isabelle.f@huanganalytics.com.au,+86 134 1624 4868,China,, Connected,Opportunity,,,Elena Popescu,2026-02-14,2026-04-27,Filled out the form on the pricing page.,,,,
100236052,Chidi,Rossi,,Founder,Jung Studio & Co,chidir@jungstudio.biz,+63 972 364 3320,Philippines,,Opportunity,Sales Qualified Lead,,,Marcus Wong,2/4/2026,2026-02-04,"Referred by Aisha Rao, warm intro. Not interested for now.",,,,
100236053,Hui Fang,Yap,,Marketing Director,Nimbus Trading,huifangy@nimbus.net,+234 803 637 7567,Nigeria,,NEW,Opportunity,,,Diego Alvarez,2026-03-12,2026-04-21,"Referred by David Popescu, warm intro.",,,,
100236054,Pooja,Almeida,,,Patel Fintech Trading,pooja.a@patelfintech.com.au,+233 20 227 7485,Ghana,, Connected,Opportunity,,,Wei Chen,2026-05-13T00:00:00Z,2026-05-31,Scanned the QR code at our Money20/20 Asia booth.,,,,
100236055,Jonathan,Almeida,,,Zahra Ventures,jonathana@zahra.net,+48 516 563 284,Poland,, New,Sales Qualified Lead,Referrals,,Priya Nair,2026-02-21,2/22/2026,"Referred by Chloe Appiah, warm intro.",,,,
100236056,Ibrahim,Kowalski,,,Gupta Textiles Freight Solutions,ibrahim.kowalski@guptatextiles.com,+66 7 5437 5229,Thailand,,Closed Lost,Marketing Qualified Lead,Organic Search,,Marcus Wong,1/20/2026,,"Googled us and ended up on the pricing page before booking a demo. Connected, sending proposal.",,,,
100236057,Ibrahim,Al-Farsi,,Operations Lead,Larsen AS Trading Co,i.al-farsi@larsenas.com.au,+1 294 555 0127,United States,,Qualified,Customer,,,Elena Popescu,2026-05-23,5/23/2026,"Met her at the Singapore FinTech Festival 2026 booth, scanned our QR code. Qualifying now.",,,,
100236058,So-young,Camara,,Head of Growth,Sim Robotics Digital,so-youngc@simrobotics.co,+82 10-7832-4493,South Korea,, Closed Won,Other,Other Campaigns,,Diego Alvarez,2026-05-16,2026-06-19,"Met at the booth during Dubai FinTech Week, said they'd follow up over email. Connected, sending proposal.",,,,
100236059,Nur,Appiah,,Operations Lead,Nimbus & Co,nura@nimbus.co,+351 92 667 9638,Portugal,,Contacted,Customer,,,Hana Kobayashi,2025-11-21,11/21/2025,"Googled us and ended up on the contact page before booking a demo. Very interested, wants pricing call.",,,,
100236060,Anna,Patel,,Founder,Han Imports Holdings,anna.patel@hanimports.io,+61 459 668 468,Australia,,Opportunity,Marketing Qualified Lead,,,Marcus Wong,2026-03-10T00:00:00Z,,"Met her at the Web Summit 2026 booth, scanned our QR code.",,,,
100236061,Ama,Foster,,Finance Manager,Malik Group,a.foster@malik.co,+48 578 460 824,Poland,,Qualified,Sales Qualified Lead,Direct Traffic,,Diego Alvarez,2025-12-14T00:00:00Z,,Filled out the form on the product tour page.,,,,
100236062,Thanh,Wong,,VP Sales,GreenLeaf Pte. Ltd.,t.wong@greenleaf.biz,+46 70 331 47 48,Sweden,,Opportunity,Customer,Other Campaigns,,Hana Kobayashi,2026-03-06T00:00:00Z,5/14/2026,"Manual - added after inbound phone call. Great fit, prioritizing.",,,,
100236063,Priya,Sorensen,,Marketing Director,Kang Holdings Co.,priya.s@kangholdings.sg,+1 727 555 0116,United States,,Qualified,Sales Qualified Lead,Organic Search,,Elena Popescu,2025-09-24,,"Found us through organic google search then landed on the homepage. Left voicemail, will retry.",,,,
100236064,,,Priya Sorensen,Marketing Director,Kang Holdings Robotics,p.sorensen@kangholdings.sg,+1 727 555 0116,United States,,Qualified,Sales Qualified Lead,Organic Search,,Elena Popescu,2025-09-24,,"Found us through organic google search then landed on the homepage. Left voicemail, will retry. possible duplicate — verify before contacting.",,,,
100236065,Ahmed,Fischer,,,Orchid Freight,ahmed.f@orchid.sg,+82 10-3655-3533,South Korea,,New,,,,Wei Chen,2026-06-03,6/3/2026,"Referred by Ava Rasmussen, warm intro. Great fit, prioritizing.",,,,
100236066,Meera,Fischer,,VP Sales,Orchid Freight,meeraf@orchid.sg,+40 771 775 506,Romania,,New,Sales Qualified Lead,Offline Sources,,Rohan Mehta,2026-02-28T00:00:00Z,2026-03-12T00:00:00Z,"Spoke with them at our TechCrunch Disrupt booth, no QR scan logged. No response yet.",,,,
100236067,Erik,Adjei,,,Nord and Co,erik.adjei@nord.io,+60 17-867 4850,Malaysia,, Qualified,Customer,,,Marcus Wong,2026-05-01,5/2/2026,"Googled us and ended up on the blog post on lead scoring before booking a demo. Great fit, prioritizing.",,,,
100236068,Kenji,Teo,,Founder,Lumen & Co,k.teo@lumen.sg,+86 133 7719 4169,China,,Closed Lost,Opportunity,,,Grace Osei,2026-05-13,2026-06-07,Saw our post about replacing hubspot and commented. Not interested for now.,,,,
100236069,Hui Fang,Lim,,Finance Manager,Reddy Holdings Partners,huifangl@reddyholdings.com,+92 360 9244136,Pakistan,,CLOSED WON,Marketing Qualified Lead,,,Fatima Rahman,2025-12-12,2025-12-15T00:00:00Z,Manual - added after inbound phone call.,,,,
100236070,Sophia,Wagner,,Marketing Director,Costa Trading Solutions,s.wagner@costatrading.com.au,+62 843-1209-2425,Indonesia,, New,,Other Campaigns,,Rohan Mehta,2026-03-21,2026-03-21,Other - reached out via our general info@ inbox. Not interested for now.,,,,93
100236071,Abena,Greco,,Operations Lead,Liu Trading Trading,a.greco@liutrading.sg,+63 984 791 7461,Philippines,,new,Lead,,,Wei Chen,2025-12-09,2026-03-29,"Found us through organic google search then landed on the homepage. Great fit, prioritizing.",,,,
100236072,Tariq,Bianchi,,,Yoon Retail Co,tariq.b@yoonretail.net,+212 6 10 25 24 97,Morocco,,Connected,Sales Qualified Lead,Other Campaigns,,Elena Popescu,10/20/2025,2/16/2026,"Manually added by sales after a phone call from a cold outreach list. Very interested, wants pricing call.",,,,
100236073,Grace,Carvalho,,Head of Growth,Kowalski Studio,g.carvalho@kowalski.sg,+34 674 487 590,Spain,,Closed Won ,,Other Campaigns,,Elena Popescu,2026-01-29,2026-03-19,"Other - reached out via our general info@ inbox. Connected, sending proposal.",,,,
100236074,Ngozi,Wu,,Founder,Singh Logistics Ventures,ngozi.w@singhlogistics.sg,+48 658 365 938,Poland,,Opportunity,Other,Paid Search,,Diego Alvarez,2026-04-15,,"Booked a demo via the book-a-demo page after clicking a google ad. Connected, sending proposal.",,,,
100236075,Kai,Tan,,,Kim Trading and Co,kai.t@kimtrading.biz,+45 23 92 89 43,Denmark,,Connected,Lead,Organic Search,,Fatima Rahman,4/14/2026,,Googled us and ended up on the pricing page before booking a demo. No response yet.,,,,
100236076,Abena,Mehta,,,Lindqvist AB Ventures,abenam@lindqvistab.com,+60 18-326 8513,Malaysia,,Contacted,Lead,Direct Traffic,,Diego Alvarez,2025-10-15,,"Filled out the form on the blog post on lead scoring. Connected, sending proposal.",,,,
100236077,Erik,Choi,,Marketing Director,Foster Group,erik.c@foster.sg,+49 170 8164562,Germany,,Connected,Other,Organic Search,,Noah Bennett,4/10/2026,2026-05-11,Googled us and ended up on the homepage before booking a demo. Qualifying now.,,,,
100236078,Rachel,Ocampo,,VP Sales,Koh & Sons Solutions,rachel.ocampo@kohsons.sg,+233 28 212 6372,Ghana,,New,Opportunity,,,Diego Alvarez,2026-05-24,,"Saw our post about replacing hubspot and commented. Left voicemail, will retry.",,,,
100236079,Amina,Sun,,Founder,Huang Analytics Solutions,a.sun@huanganalytics.com.au,+39 341 927 6635,Italy,,CLOSED LOST,,,,Wei Chen,3/29/2026,3/29/2026,"Filled out the form on the pricing page. Great fit, prioritizing.",,,,
100236080,,,A. Sun,Founder,Huang Analytics Co,a.sun@huanganalytics.com.au,+39 341 927 6635,Italy,,CLOSED LOST,,,,Wei Chen,2026-03-29,3/29/2026,"Filled out the form on the pricing page. Great fit, prioritizing. possible duplicate — verify before contacting.",,,,
100236081,Charlotte,Jung,,,Rossi SRL & Co,charlotte.j@rossisrl.sg,+55 11 98305-1147,Brazil,,Connected,Other,,,Rohan Mehta,2025-09-06,10/9/2025,Filled out the form on the contact page.,,,,
100236082,Sora,Costa,,,Costa Trading Pte Ltd,sorac@costatrading.io,+52 55 6755 8576,Mexico,,contacted,Opportunity,Direct Traffic,,Grace Osei,1/24/2026,2026-01-25,Filled out the form on the comparison-vs-hubspot page. Not interested for now.,,,,
100236083,Hana,Liu,,,Singh Logistics Ltd,hana.l@singhlogistics.sg,+52 55 6334 9234,Mexico,,Closed Won,Sales Qualified Lead,Referrals,,Diego Alvarez,2026-01-15,2026-06-05,"Referred by Ji-woo Yoon, warm intro. Left voicemail, will retry.",,,,
100236084,Haruto,Bakker,,,Singh Logistics Co,haruto.bakker@singhlogistics.io,+82 10-7589-7243,South Korea,,Contacted,Marketing Qualified Lead,,,Priya Nair,11/24/2025,2/23/2026,"Filled out the form on the contact page. Connected, sending proposal.",,,,
100236085,,,H. Bakker,,Singh Logistics Solutions,h.bakker@singhlogistics.io,+82 10-7589-7243,South Korea,,Contacted,Marketing Qualified Lead,,,Priya Nair,11/24/2025,2026-02-23,"Filled out the form on the contact page. Connected, sending proposal. possible duplicate — verify before contacting.",,,,
100236086,Miguel,Williams,,Head of Growth,Huang Analytics Robotics,miguel.w@huanganalytics.biz,+52 55 3069 1908,Mexico,,Connected,Customer,,,Marcus Wong,9/17/2025,2025-10-15T00:00:00Z,"Filled out the form on the case study page. Great fit, prioritizing.",,,,
100236087,Ibrahim,Sun,,Head of Growth,Diallo Imports Holdings,ibrahims@dialloimports.biz,+44 7969 970178,United Kingdom,,New,Sales Qualified Lead,Direct Traffic,,Marcus Wong,2026-06-02,2026-06-06,"Filled out the form on the blog post on lead scoring. Very interested, wants pricing call.",,,,
100236088,Catarina,Carvalho,,Finance Manager,Liu Trading Ltd,catarinac@liutrading.co,+63 941 154 9409,Philippines,,new,Customer,,,Noah Bennett,2026-02-16T00:00:00Z,3/21/2026,Filled out the form on the product tour page.,,,,57
100236089,Hana,Verma,,VP Sales,Sayed Trading Group,h.verma@sayedtrading.com,+39 341 554 7766,Italy,,Opportunity,Sales Qualified Lead,,,Grace Osei,2/28/2026,6/10/2026,Filled out the form on the blog post on lead scoring. No response yet.,,,,
100236090,Ingrid,Sorensen,,,Larsen AS and Co,i.sorensen@larsenas.co,+351 93 825 2924,Portugal,,Contacted,Marketing Qualified Lead,,,Rohan Mehta,4/18/2026,4/18/2026,Googled us and ended up on the blog post on lead scoring before booking a demo. Qualifying now.,,,,27
100236091,Bjorn,Wu,,Operations Lead,Ferrari Consulting Inc,bjorn.w@ferrariconsulting.sg,+82 10-4235-6585,South Korea,,Closed Won,Opportunity,Referrals,,Hana Kobayashi,2025-10-31,,"Referred by Xiu Ying Nguyen, warm intro. Not interested for now.",,,,
100236092,Sarah,Pedersen,,Head of Growth,Johnson Co.,sarah.pedersen@johnson.net,+31 6 7026 2854,Netherlands,,closed lost,Other,Direct Traffic,,Fatima Rahman,2026-01-20,2026-01-20T00:00:00Z,Filled out the form on the pricing page. No response yet.,,,,
100236093,Diego,Bakker,,Marketing Director,Lotus Finance Partners,d.bakker@lotusfinance.biz,+61 457 913 773,Australia,,Qualified,Other,Direct Traffic,,Noah Bennett,2026-04-01,2026-06-11,"Filled out the form on the case study page. Connected, sending proposal.",,,,
100236094,Min-jun,Ng,,Finance Manager,Delta Freight Solutions,min-jun.n@delta.com.au,+1 428 555 0150,United States,,OPPORTUNITY,Opportunity,,,Priya Nair,1/3/2026,4/20/2026,"He scanned our QR code at the Mobile World Congress booth. Great fit, prioritizing.",,,,
100236095,,,M. Ng,Finance Manager,Delta Freight Co.,m.ng@delta.com.au,14285550150,United States,,opportunity,Opportunity,,,Priya Nair,2026-01-03,,"He scanned our QR code at the Mobile World Congress booth. Great fit, prioritizing. possible duplicate — verify before contacting.",,,,
100236096,Isabelle,Ong,,,Rossi SRL Freight,i.ong@rossisrl.biz,+54 9 11 8332-9499,Argentina,,Contacted,Other,,,Marcus Wong,6/14/2026,6/15/2026,"Linkedin dm inbound asking about pricing. Great fit, prioritizing.",,,,
100236097,Adam,Ong,,Operations Lead,Rossi SRL Freight,adam.o@rossisrl.biz,+40 775 399 592,Romania,,Connected,Marketing Qualified Lead,,,Noah Bennett,2/5/2026,2026-02-12,Found us through organic google search then landed on the blog post on lead scoring. Qualifying now.,,,,
100236098,Ravi,Sun,,Finance Manager,Kang Holdings Co,ravi.s@kangholdings.co,+52 55 8305 2446,Mexico,,Connected,Sales Qualified Lead,Referrals,,Noah Bennett,2025-12-21,5/15/2026,"Referred by So-young Chen, warm intro. No response yet.",,,,
100236099,Siti,Fall,,Founder,Bennett Labs,siti.f@bennett.sg,+30 699 165 2994,Greece,,closed lost,Customer,Other Campaigns,,Wei Chen,2025-11-11,2026-06-01,"Spoke with them at our Web Summit 2026 booth, no QR scan logged. Great fit, prioritizing.",,,,
100236100,Sofia,Choi,,Finance Manager,Ang Analytics Solutions,sofiac@anganalytics.co,+234 809 350 1843,Nigeria,,Connected ,,,,Grace Osei,2026-02-15,2026-05-13,"Filled out the form on the case study page. Very interested, wants pricing call.",,,,
100236101,Luca,Schulz,,Head of Growth,Bennett and Co,lucas@bennett.com.au,+61 463 329 269,Australia,,QUALIFIED,Lead,Other Campaigns,,Grace Osei,2026-03-30T00:00:00Z,2026-03-30,"Other - reached out via our general info@ inbox. Left voicemail, will retry.",,,,
100236102,Bashir,Williams,,,Zhang Holdings,bashir.williams@zhang.com,+52 55 6695 1355,Mexico,,Closed Won,Sales Qualified Lead,Organic Search,,Noah Bennett,2026-03-11T00:00:00Z,2026-04-10,"Found us through organic google search then landed on the case study page. Connected, sending proposal.",,,,
100236103,Francesca,Dubois,,,Reddy Holdings Inc.,f.dubois@reddyholdings.io,+86 130 7589 1664,China,,Closed Lost,,Offline Sources,,Rohan Mehta,10/10/2025,2/12/2026,"Met her at the Retail Asia Expo booth, scanned our QR code. Qualifying now.",,,,
100236104,Ryan,Danso,,Founder,Toure Consulting Solutions,r.danso@toureconsulting.com,+34 688 735 539,Spain,,New,Lead,,,Diego Alvarez,2025-12-20,,Filled out the form on the pricing page.,,,,
100236105,Elena,Tanaka,,Founder,Johnson Labs,elenat@johnson.sg,+39 391 305 8535,Italy,,new,Sales Qualified Lead,,,Hana Kobayashi,2026-01-01,2026-02-09,"Met her at the SaaStr Annual booth, scanned our QR code.",,,,
100236106,Oluwaseun,Toure,,Finance Manager,Bakker Pte Ltd,o.toure@bakker.sg,+33 6 68 51 52 53,france,,Contacted,Opportunity,Organic Search,,Hana Kobayashi,11/11/2025,2026-05-02T00:00:00Z,Found us through organic google search then landed on the product tour page. Not interested for now.,,,,
100236107,Jonathan,Owusu,,Marketing Director,Cruz & Partners Ltd,jonathan.owusu@cruzpartners.net,+92 310 9766934,Pakistan,,New,,,,Noah Bennett ,2026-04-21T00:00:00Z,2026-05-29,"Found us through organic google search then landed on the homepage. Left voicemail, will retry.",,,,
100236108,Natasha,Hoffmann,,Finance Manager,Bakker Pte. Ltd.,natashah@bakker.sg,+852 6981 2773,Hong Kong,,Closed Lost,Customer,,,Fatima Rahman,2025-09-17,,"Spoke with them at our TechCrunch Disrupt booth, no QR scan logged. Great fit, prioritizing.",,,,
100236109,Natasha,Hoffmann,,Finance Manager,Bakker Inc,natashah@bakker.sg,+852 6981 2773,Hong Kong,, Closed Lost,Customer,,,Fatima Rahman,2025-09-17,9/17/2025,"Spoke with them at our TechCrunch Disrupt booth, no QR scan logged. Great fit, prioritizing.",,,,
100236110,Ismail,Park,,,Rao Ventures Pte Ltd,ismail.p@raoventures.co,+351 96 409 4170,Portugal,,Qualified,Other,,,Priya Nair,9/2/2025,,"Filled out the form on the book-a-demo page. Connected, sending proposal.",,,,
100236111,Arjun,Martinez,,,Asante Retail Holdings,a.martinez@asanteretail.biz,+1 417 555 0180,United States,, Closed Won,Customer,,,Hana Kobayashi,2025-10-18,2026-05-21,"Filled out the form on the case study page. Great fit, prioritizing.",,,,
100236112,Thanh,Pham,,,Lindqvist AB Freight,thanhp@lindqvistab.co,+66 9 9981 4099,Thailand,,Contacted,Other,,,Marcus Wong,2026-05-08T00:00:00Z,2026-06-01,"Found us through organic google search then landed on the product tour page. Connected, sending proposal.",,,,
100236113,Bashir,Bruno,,Marketing Director,Orchid Solutions,bashir.b@orchid.net,+351 91 690 5275,Portugal,,QUALIFIED,Marketing Qualified Lead,,,Priya Nair,2026-04-29T00:00:00Z,2026-06-09,Found us through organic google search then landed on the homepage.,,,,
100236114,Fatima,Ferrari,,,Ang Analytics Pte Ltd,fatima.ferrari@anganalytics.biz,+60 14-546 1052,Malaysia,,Opportunity,Other,,,Marcus Wong,2026-01-21,,Filled out the form on the book-a-demo page.,,,,
100236115,Tiago,Greco,,Finance Manager,Ng Freight Solutions,tiago.g@ngfreight.net,+84 91 384 8604,Vietnam,,Contacted,Other,Other Campaigns,,Noah Bennett,2026-05-18,,Other - walked into our office without an appointment. Qualifying now.,,,,
100236116,Seo-yeon,Camara,,Marketing Director,Johnson Labs,seo-yeon.camara@johnson.biz,+880 1452-138712,Bangladesh,,Connected,,,,Marcus Wong,2025-12-14,2/13/2026,"Filled out the form on the product tour page. Great fit, prioritizing.",,,,
100236117,Valentina,Camara,,VP Sales,Yap Ventures Partners,valentina.camara@yapventures.io,+234 808 368 9349,Nigeria,,Qualified,Sales Qualified Lead,,,Hana Kobayashi,2026-04-19,5/12/2026,"Filled out the form on the case study page. Left voicemail, will retry.",,,,
100236118,Arjun,Sy,,,Weber Analytics Trading Co,arjun.sy@weberanalytics.biz,+91 82501 74343,India,,new,Customer,Organic Search,,Marcus Wong,2026-06-19,,Found us through organic google search then landed on the blog post on lead scoring.,,,,
100236119,Luca,Ba,,,Wong Legal Holdings,lucab@wonglegal.net,+92 360 3880053,Pakistan,,New,Marketing Qualified Lead,Organic Search,,Elena Popescu,2026-01-20,5/25/2026,"Found us through organic google search then landed on the book-a-demo page. Great fit, prioritizing.",,,,
100236120,Mia,Osei,,,BluePeak Digital,mia.o@bluepeak.com.au,+39 397 108 5002,Italy,,Opportunity,Other,,,Diego Alvarez,2026-04-13,2026-04-20,Googled us and ended up on the product tour page before booking a demo. Qualifying now.,,,,
100236121,Benjamin,Pham,,Finance Manager,Yang Freight Solutions,benjamin.pham@yangfreight.co,+91 99488 70218,India,,Contacted,Lead,,,Elena Popescu,1/18/2026,2026-03-07,Booked a demo via the book-a-demo page after clicking a google ad. Not interested for now.,,,,
100236122,Mei Ling,Almeida,,Founder,Yap Ventures Holdings,meiling.a@yapventures.com,+49 157 5573235,Germany,,connected,,,,Marcus Wong,2025-10-01,2025-11-04,Scanned the QR code at our Web Summit 2026 booth. Qualifying now.,,,,
100236123,Sara,Becker,,Finance Manager,Yoon Retail Studio,sara.becker@yoonretail.biz,+61 429 880 967,Australia,,closed won,Other,Organic Search,,Elena Popescu,2026-01-04,2026-03-27T00:00:00Z,Found us through organic google search then landed on the comparison-vs-hubspot page.,,,,
100236124,Wei Chen,Diop,,,Ivanova Holdings,weichend@ivanova.co,+30 693 103 3914,greece,,New,,Paid Search,,Fatima Rahman,2026-02-22,2026-06-03,Booked a demo via the book-a-demo page after clicking a google ad.,,,,
100236125,Xiu Ying,Zhao,,Head of Growth,Ng Freight Pte. Ltd.,xiuying.zhao@ngfreight.biz,+30 691 915 5093,Greece,,Opportunity,Customer,Offline Sources,,Marcus Wong ,2025-09-27,2026-03-29,Scanned the QR code at our SaaStr Annual booth.,,,,
100236126,Ana,Cruz,,Finance Manager,Rossi SRL Holdings,anac@rossisrl.sg,+66 8 5420 2996,Thailand,,Contacted,Marketing Qualified Lead,Other Campaigns,,Fatima Rahman,4/11/2026,4/12/2026,"Met at the booth during Retail Asia Expo, said they'd follow up over email. Very interested, wants pricing call.",,,,
100236127,Ravi,Ang,,Marketing Director,Saigon Labs,ravi.ang@saigon.net,+86 134 3621 5429,China,,opportunity,Lead,,,Diego Alvarez,2025-10-27,,"Scanned the QR code at our London Tech Week booth. Very interested, wants pricing call.",,,,
100236128,,,R. Ang,Marketing Director,Saigon Analytics,ravi.ang@saigon.net,8613436215429,China,,Opportunity,Lead,,,Diego Alvarez,10/27/2025,2026-05-07T00:00:00Z,"Scanned the QR code at our London Tech Week booth. Very interested, wants pricing call. possible duplicate — verify before contacting.",,,,
100236129,Adaeze,Sow,,,Han Imports Partners,a.sow@hanimports.com,+212 6 33 86 25 41,Morocco,,closed lost,Opportunity,,,Hana Kobayashi,2026-02-15,2026-06-16T00:00:00Z,Scanned the QR code at our APAC Logistics Summit booth. Qualifying now.,,,,
100236130,,,A. Sow,,Han Imports Holdings,a.sow@hanimports.com,212633862541,Morocco,,closed lost,Opportunity,,,Hana Kobayashi,2026-02-15,2026-06-16T00:00:00Z,Scanned the QR code at our APAC Logistics Summit booth. Qualifying now.,,,,
100236131,Sarah,Yang,,Operations Lead,Johnson Trading,sarah.yang@johnson.sg,+44 7780 110514,United Kingdom,,Contacted,Sales Qualified Lead,,,Fatima Rahman,1/8/2026,5/25/2026,Connected on LinkedIn after commenting on our post. Not interested for now.,,,,37
100236132,Musa,Schmidt,,Finance Manager,Rossi SRL Group,musa.s@rossisrl.com,+234 803 176 1650,nigeria,,Qualified,Other,,,Grace Osei,12/1/2025,2026-05-26T00:00:00Z,"Met her at the SaaStr Annual booth, scanned our QR code.",,,,
100236133,Elena,Nkrumah,,,Malik Trading Co,elenan@malik.co,+62 865-9713-4397,Indonesia,,Opportunity,Marketing Qualified Lead,Referrals,,Hana Kobayashi,2026-04-11T00:00:00Z,2026-05-10T00:00:00Z,"Referred by Seo-yeon Ong, warm intro. Great fit, prioritizing.",,,,
100236134,Elin,Koch,,,Ang Analytics Solutions,elin.koch@anganalytics.biz,+49 155 4896493,Germany,,Connected,Opportunity,Paid Search,,Fatima Rahman,10/11/2025,2026-03-14,Booked a demo via the book-a-demo page after clicking a google ad.,,,,
100236135,Mei Ling,Larsen,,,Lindqvist AB Retail Group,meiling.l@lindqvistab.com,+233 25 106 5874,Ghana,,Opportunity,Sales Qualified Lead,,,Elena Popescu,2026-03-24T00:00:00Z,5/7/2026,"Saw our post about replacing hubspot and commented. Very interested, wants pricing call.",,,,
100236136,Yasmin,Gupta,,,Verma Consulting Co,yasming@vermaconsulting.co,+39 346 300 4095,Italy,, Closed Lost,Lead,Referrals,,Grace Osei,2025-10-05T00:00:00Z,2025-11-23,"Referred by Ethan Diallo, warm intro.",,,,
100236137,Siti,Danso,,,Singh Logistics and Co,siti.d@singhlogistics.com,+44 7954 249277,United Kingdom,,contacted,Marketing Qualified Lead,,,Diego Alvarez,2025-11-08,,Saw our post about replacing hubspot and commented.,,,,
100236138,,,Siti Danso,,Singh Logistics and Partners,s.danso@singhlogistics.com,447954249277,United Kingdom,,Contacted,Marketing Qualified Lead,,,Diego Alvarez,2025-11-08,2026-05-06,Saw our post about replacing hubspot and commented.,,,,
100236139,Zainab,Liu,,Finance Manager,Rao Ventures Solutions,z.liu@raoventures.net,+62 821-6010-4372,Indonesia,,contacted,Lead,Other Campaigns,,Priya Nair,2026-06-01,2026-06-06,"Other - walked into our office without an appointment. Very interested, wants pricing call.",,,,
100236140,Ismail,Iyer,,Head of Growth,Yap Ventures Consulting,ismail.iyer@yapventures.biz,+63 915 232 2109,Philippines,,Opportunity,Marketing Qualified Lead,Referrals,,Diego Alvarez,2025-10-09,2025-10-15,"Referred by Nils Zhang, warm intro. Great fit, prioritizing.",,,,
100236141,Luca,Rahman,,Head of Growth,Osei Inc.,lucar@osei.com,+852 7780 9119,hong kong,,CONNECTED,Marketing Qualified Lead,Offline Sources,,Fatima Rahman,2026-02-05,,"Met her at the Retail Asia Expo booth, scanned our QR code.",,,,
100236142,Sven,Mehta,,Marketing Director,Patel Fintech Analytics,s.mehta@patelfintech.sg,+82 10-4801-6854,South Korea,,Qualified,,Paid Search,,Hana Kobayashi,11/6/2025,2026-03-11,"Booked a demo via the book-a-demo page after clicking a google ad. Great fit, prioritizing.",,,,
100236143,Bashir,Ho,,Founder,Osei Solutions,bashir.ho@osei.sg,+82 10-4491-9798,South Korea,,NEW,Customer,,,Elena Popescu,2025-12-24,2026-06-06T00:00:00Z,"Referred by Wei Chen Cruz, warm intro. Great fit, prioritizing.",,,,
100236144,Sven,Han,,VP Sales,Tanaka Partners,sven.han@tanaka.com.au,+234 807 897 6106,Nigeria,,Closed Lost,Other,,,Priya Nair,2026-01-05,2/1/2026,Booked a demo via the book-a-demo page after clicking a google ad. No response yet.,,,,
100236145,Rohan,Joshi,,Founder,Kang Holdings Robotics,r.joshi@kangholdings.io,+971 51 790 6180,UAE,, Connected,Lead,Direct Traffic,,Noah Bennett,12/26/2025,,Filled out the form on the pricing page.,,,,
100236146,Jun Wei,Agyemang,,,Verma Consulting Freight,junweia@vermaconsulting.co,+31 6 1590 8375,Netherlands,,CLOSED WON,Customer,Direct Traffic,,Elena Popescu,2026-03-31T00:00:00Z,,Filled out the form on the homepage.,,,,
100236147,Michael,Bakker,,Founder,Mensah Trading Group,michael.bakker@mensahtrading.sg,+971 55 784 9057,UAE,,Opportunity,Other,,,Priya Nair,2026-01-22,2026-01-22,"Filled out the form on the comparison-vs-hubspot page. Very interested, wants pricing call.",,,,
100236148,Kenji,Becker,,,Ng Freight Inc,kenji.becker@ngfreight.net,+81 86-8588-8638,Japan,,Closed Won,Lead,,,Fatima Rahman,1/3/2026,5/1/2026,"Filled out the form on the comparison-vs-hubspot page. Left voicemail, will retry.",,,,
100236149,Arjun,Kang,,Head of Growth,Wang Manufacturing Pte. Ltd.,a.kang@wangmanufacturing.co,+55 11 92656-8602,Brazil,,Qualified,Customer,,,Elena Popescu,2026-05-15,5/24/2026,Googled us and ended up on the homepage before booking a demo.,,,,
100236150,Daniel,Wu,,Head of Growth,Ferrari Consulting Freight Solutions,danielw@ferrariconsulting.sg,+86 138 3043 3720,China,, Qualified,Sales Qualified Lead,Offline Sources,,Elena Popescu,10/12/2025,2026-02-10T00:00:00Z,Scanned the QR code at our SaaStr Annual booth. Not interested for now.,,,,
100236151,Joon,Jung,,Operations Lead,Williams Holdings,j.jung@williams.com,+61 425 174 941,Australia,,Connected ,Sales Qualified Lead,Direct Traffic,,Marcus Wong,2025-10-05,,Filled out the form on the pricing page.,,,,33
100236152,Sanjay,Wu,,Marketing Director,Saigon Trading Co,sanjay.w@saigon.net,+44 7887 955954,United Kingdom,,contacted,Customer,,,Diego Alvarez,11/9/2025,,"Met her at the APAC Logistics Summit booth, scanned our QR code. No response yet.",,,,
100236153,Ji-woo,Jung,,,Kilat Retail Robotics,j.jung@kilatretail.co,+40 787 230 837,Romania,, Closed Lost,Customer,Direct Traffic,,Grace Osei,2025-10-01,,Filled out the form on the comparison-vs-hubspot page.,,,,
100236154,So-young,Lim,,Head of Growth,Sim Robotics Pte Ltd,so-young.lim@simrobotics.co,+234 806 146 9144,Nigeria,,Closed Lost,Other,Direct Traffic,,Rohan Mehta,2025-10-16,2026-05-29,Filled out the form on the product tour page. No response yet.,,,,
100236155,Anjali,Kone,,VP Sales,Bennett Labs,anjali.kone@bennett.io,+46 70 537 46 16,Sweden,,New,Opportunity,Other Campaigns,,Priya Nair,2026-03-17,,"Other - reached out via our general info@ inbox. Connected, sending proposal.",,,,
100236156,Ahmed,Rao,,,Li Consulting Trading,ahmed.rao@liconsulting.com,+82 10-2987-1362,South Korea,,Closed Won,Sales Qualified Lead,,,Priya Nair,2026-04-28T00:00:00Z,,Found us through organic google search then landed on the case study page.,,,,
100236157,Sigrid,Nguyen,,,BluePeak Inc.,s.nguyen@bluepeak.sg,+351 96 913 2706,Portugal,,closed lost,Opportunity,Paid Search,,Diego Alvarez,12/13/2025,2025-12-13,"Booked a demo via the book-a-demo page after clicking a google ad. Left voicemail, will retry.",,,,
100236158,Catarina,Zhao,,VP Sales,Hansen Digital Inc.,catarinaz@hansendigital.sg,+91 92468 41823,India,,Qualified,Lead,,,Hana Kobayashi,2026-01-14,3/22/2026,Googled us and ended up on the comparison-vs-hubspot page before booking a demo. Not interested for now.,,,,
100236159,Lars,Tanaka,,Founder,Chua Textiles Inc.,l.tanaka@chuatextiles.net,+49 178 1397090,Germany,,Contacted,Marketing Qualified Lead,,,Elena Popescu,2025-12-16,,Filled out the form on the product tour page.,,,,
100236160,Leila,Bennett,,Head of Growth,Lumen Partners,l.bennett@lumen.sg,+55 11 92301-3011,Brazil,, New,Sales Qualified Lead,Offline Sources,,Priya Nair,2025-11-09T00:00:00Z,2026-06-02T00:00:00Z,"Met her at the Mobile World Congress booth, scanned our QR code. Not interested for now.",,,,
100236161,Farah,Jensen,,Operations Lead,Goh Digital and Co,f.jensen@gohdigital.io,+61 450 815 371,Australia,,CONTACTED,,Offline Sources,,Fatima Rahman,2026-04-22,,He scanned our QR code at the Dubai FinTech Week booth. Qualifying now.,,,,
100236162,Jia Hui,Pham,,,Bennett Retail Group,jiahuip@bennett.biz,+52 55 7313 7269,Mexico,,closed won,,,,Grace Osei,12/20/2025,,Booked a demo via the book-a-demo page after clicking a google ad. Not interested for now.,,,,
100236163,Tariq,Sato,,Finance Manager,Goh Digital Co.,t.sato@gohdigital.net,+212 6 67 39 23 26,Morocco,,Opportunity,Opportunity,Social Media,,Fatima Rahman,2026-01-19,2026-04-08,Connected on LinkedIn after commenting on our post. Not interested for now.,,,,
100236164,,,T. Sato,Finance Manager,Goh Digital Pte Ltd,tariqsato@gohdigital.net,212667392326,Morocco,,Opportunity,Opportunity,Social Media,,Fatima Rahman,2026-01-19,,Connected on LinkedIn after commenting on our post. Not interested for now.,,,,
100236165,Oluwaseun,Hossain,,VP Sales,Patel Fintech Co.,oluwaseunh@patelfintech.com,+52 55 8611 6747,Mexico,,New,Opportunity,,,Grace Osei,2026-04-17,2026-04-20,"Met at the booth during SaaStr Annual, said they'd follow up over email. Great fit, prioritizing.",,,,75
100236166,Mia,Aina,,Head of Growth,Nimbus Ventures,mia.a@nimbus.biz,+234 806 628 8939,Nigeria,,connected,Sales Qualified Lead,,,Rohan Mehta,2026-02-21,2026-02-21,"Referred by Priscilla Mehta, warm intro.",,,,
100236167,Wei Ming,Malik,,,Yap Ventures Inc,w.malik@yapventures.co,+63 949 912 4702,Philippines,,closed lost,Customer,Other Campaigns,,Diego Alvarez,2026-02-13,2026-05-11T00:00:00Z,"Other - reached out via our general info@ inbox. Very interested, wants pricing call.",,,,
100236168,Kofi,Romano,,Operations Lead,Bennett Pte. Ltd.,kofi.r@bennett.sg,+55 11 96896-9731,Brazil,,Connected,Opportunity,,,Diego Alvarez,10/9/2025,2025-10-31T00:00:00Z,Scanned the QR code at our APAC Logistics Summit booth.,,,,
100236169,Linh,Ng,,,Malik Co.,linh.ng@malik.net,+7 944 464 96 95,Russia,,Opportunity ,Customer,Referrals,,Wei Chen,2026-01-11,2026-05-03,"Referred by Rin Russo, warm intro. Connected, sending proposal.",,,,
100236170,Elena,Dubois,,,Diallo Imports Robotics,e.dubois@dialloimports.net,+880 1780-318463,Bangladesh,,CONNECTED,,,,Hana Kobayashi,2025-10-31,10/31/2025,Booked a demo via the book-a-demo page after clicking a google ad.,,,,
100236171,Adam,Johnson,,,Huang Analytics Co,adam.j@huanganalytics.co,+48 505 107 694,Poland,,OPPORTUNITY,,Social Media,,Priya Nair,2026-02-18,2026-06-01,"Linkedin dm inbound asking about pricing. Left voicemail, will retry.",,,,
100236172,Min-jun,Ferrari,,,Singh Logistics Partners,min-jun.f@singhlogistics.co,+971 50 854 9164,UAE,,CLOSED WON,Lead,,,Noah Bennett,9/23/2025,9/23/2025,"Found us through organic google search then landed on the contact page. Left voicemail, will retry.",,,,
100236173,Divya,Kim,,Finance Manager,Williams Digital,divya.k@williams.com,+44 7957 836660,United Kingdom,,Qualified,Opportunity,,,Wei Chen,2025-10-11,2026-05-27,Linkedin dm inbound asking about pricing.,,,,
100236174,Kai,Jensen,,,Sim Robotics & Co,kai.jensen@simrobotics.biz,+33 6 23 87 74 74,France,,Qualified,Marketing Qualified Lead,Referrals,,Noah Bennett,12/16/2025,,"Referred by Daniel Goh, warm intro. Left voicemail, will retry.",,,,
100236175,David,Greco,,Operations Lead,Huang Analytics Inc,d.greco@huanganalytics.io,+65 9835 5474,Singapore,,Opportunity ,Sales Qualified Lead,,,Grace Osei,2026-04-03,,"Met her at the TechCrunch Disrupt booth, scanned our QR code. Not interested for now.",,,,
100236176,David,Greco,,Operations Lead,Huang Analytics Robotics,davidg@huanganalytics.io,6598355474,Singapore,,Opportunity,Sales Qualified Lead,,,Grace Osei,2026-04-03,2026-06-03T00:00:00Z,"Met her at the TechCrunch Disrupt booth, scanned our QR code. Not interested for now.",,,,
100236177,Kwame,Fischer,,Finance Manager,Muller GmbH Solutions,kwame.fischer@mullergmbh.sg,+34 626 108 612,Spain,,Closed Lost,Other,Organic Search,,Grace Osei,11/11/2025,2026-01-29T00:00:00Z,Found us through organic google search then landed on the case study page. Not interested for now.,,,,93
100236178,Anjali,Johnson,,Operations Lead,Saigon Trading Co,anjalij@saigon.com,+63 963 721 3788,Philippines,,Opportunity ,,Referrals,,Rohan Mehta,2026-04-28,,"Referred by Erik Sharma, warm intro.",,,,
100236179,Hana,Chen,,VP Sales,Zhang Ltd,h.chen@zhang.com.au,+44 7823 960668,United Kingdom,,New,Lead,,,Marcus Wong,10/28/2025,3/7/2026,"Googled us and ended up on the pricing page before booking a demo. Connected, sending proposal.",,,,
100236180,,,Hana Chen,VP Sales,Zhang & Co,hanachen@zhang.com.au,+44 7823 960668,United Kingdom,,New,Lead,,,Marcus Wong,2025-10-28T00:00:00Z,2026-03-07T00:00:00Z,"Googled us and ended up on the pricing page before booking a demo. Connected, sending proposal. possible duplicate — verify before contacting.",,,,
100236181,Rachel,Li,,Founder,Zahra Trading,rachel.l@zahra.sg,+44 7804 947129,United Kingdom,, Closed Won,Customer,,,Elena Popescu,2026-03-01T00:00:00Z,6/4/2026,Saw our post about replacing hubspot and commented.,,,,
100236182,Erik,Silva,,Marketing Director,Bennett Trading Co,eriks@bennett.com.au,+233 26 820 3754,Ghana,,Opportunity,Marketing Qualified Lead,Social Media,,Noah Bennett,2026-06-02T00:00:00Z,,Linkedin dm inbound asking about pricing. Not interested for now.,,,,
100236183,Antoine,Silva,,,Bennett Trading Co,antoines@bennett.com.au,+65 8652 8441,Singapore,,Contacted ,Lead,Paid Search,,Wei Chen,11/3/2025,2026-05-27,Booked a demo via the book-a-demo page after clicking a google ad. Qualifying now.,,,,
100236184,Layla,Nair,,,GreenLeaf Trading,layla.n@greenleaf.co,+30 694 747 4863,Greece,,opportunity,Marketing Qualified Lead,Offline Sources,,Grace Osei,9/19/2025,2026-02-13T00:00:00Z,"Spoke with them at our Web Summit 2026 booth, no QR scan logged. No response yet.",,,,
100236185,Divya,Ho,,,Chen Digital Co,d.ho@chendigital.com,+31 6 9670 5874,Netherlands,,Contacted,,,,Grace Osei,9/26/2025,2026-04-02,"Met her at the Mobile World Congress booth, scanned our QR code. Left voicemail, will retry.",,,,
100236186,Liam,Lau,,Founder,Orchid Studio,liam.l@orchid.com,+233 21 785 3849,Ghana,,Contacted,Other,,,Grace Osei,2026-01-02,2026-02-04T00:00:00Z,"Filled out the form on the product tour page. Left voicemail, will retry.",,,,
100236187,Hassan,Verma,,Founder,Ng Freight Inc,hassan.v@ngfreight.io,+30 697 208 6563,Greece,,Closed Lost,Marketing Qualified Lead,,,Elena Popescu,2025-12-21T00:00:00Z,,Filled out the form on the homepage.,,,,
100236188,Mia,Chen,,Marketing Director,Park Biotech Trading Co,mia.c@parkbiotech.io,+54 9 11 6415-9261,Argentina,,Contacted,Sales Qualified Lead,Direct Traffic,,Hana Kobayashi,2026-05-01,2026-06-15,Filled out the form on the book-a-demo page. Qualifying now.,,,,
100236189,Tariq,Mensah,,Head of Growth,Cruz & Partners Ltd,t.mensah@cruzpartners.co,+66 6 7904 4063,Thailand,,contacted,Lead,Offline Sources,,Noah Bennett,2026-02-14,2/19/2026,"Scanned the QR code at our TechCrunch Disrupt booth. Very interested, wants pricing call.",,,,
100236190,Sarah,Ng,,Finance Manager,Yang Freight Freight Solutions,sarah.ng@yangfreight.com,+212 6 90 29 31 66,Morocco,,Qualified,Other,,,Rohan Mehta,2026-01-01,2026-04-29,"Saw our post about replacing hubspot and commented. Great fit, prioritizing.",,,,
100236191,,,Sarah Ng,Finance Manager,Yang Freight Freight Pte. Ltd.,sarahng@yangfreight.com,212690293166,Morocco,,Qualified ,Other,,,Rohan Mehta,2026-01-01T00:00:00Z,2026-04-29,"Saw our post about replacing hubspot and commented. Great fit, prioritizing. possible duplicate — verify before contacting.",,,,
100236192,Luca,Teo,,Head of Growth,Kim Trading Group,luca.teo@kimtrading.sg,+44 7848 387538,United Kingdom,, Closed Won,Opportunity,,,Fatima Rahman,12/22/2025,2026-03-05,"Filled out the form on the case study page. Great fit, prioritizing.",,,,
100236193,Michael,Costa,,,Popescu Analytics,michael.c@popescu.net,+40 792 790 495,Romania,,connected,Other,Organic Search,,Elena Popescu,3/4/2026,4/25/2026,"Found us through organic google search then landed on the contact page. Left voicemail, will retry.",,,,
100236194,Michael,Costa,,,Popescu Co,m.costa@popescu.net,40792790495,Romania,,Connected,Other,Organic Search,,Elena Popescu,2026-03-04,2026-04-25,"Found us through organic google search then landed on the contact page. Left voicemail, will retry.",,,,
100236195,Oluwaseun,Zhang,,VP Sales,Malik Group,oluwaseun.z@malik.io,+46 70 319 17 33,sweden,,Opportunity,,Direct Traffic,,Hana Kobayashi,9/24/2025,2026-01-14T00:00:00Z,Filled out the form on the homepage. Qualifying now.,,,,
100236196,Bashir,Lim,,,Delta Freight,bashirl@delta.biz,+40 737 670 366,Romania,,New,Opportunity,Other Campaigns,,Noah Bennett,2/16/2026,,"Other - reached out via our general info@ inbox. Great fit, prioritizing.",,,,
100236197,Priya,Kapoor,,,Martinez Trading Co,priya.k@martinez.sg,+46 70 804 81 38,Sweden,,qualified,Other,Social Media,,Priya Nair,2026-06-17,6/17/2026,Saw our post about replacing hubspot and commented. No response yet.,,,,
100236198,Sarah,Jung,,,Boateng Digital Robotics,sarahj@boatengdigital.io,+971 52 599 5014,UAE,,closed lost,Sales Qualified Lead,,,Noah Bennett,2026-06-04T00:00:00Z,2026-06-09,Connected on LinkedIn after commenting on our post. Not interested for now.,,,,
100236199,,,S. Jung,,Boateng Digital Group,sarahjung@boatengdigital.io,971525995014,UAE,,closed lost,Sales Qualified Lead,,,Noah Bennett,2026-06-04,2026-06-09,Connected on LinkedIn after commenting on our post. Not interested for now. possible duplicate — verify before contacting.,,,,
100236200,Kai,Sun,,VP Sales,Costa Trading Studio,kai.sun@costatrading.co,+44 7884 187435,United Kingdom,,Opportunity,Opportunity,Organic Search,,Elena Popescu,2026-02-13,,"Googled us and ended up on the comparison-vs-hubspot page before booking a demo. Great fit, prioritizing.",,,,
100236201,Marco,Hoffmann,,,Jung Studio Inc.,m.hoffmann@jungstudio.biz,+234 808 716 5058,Nigeria,,Closed Lost,Customer,Other Campaigns,,Rohan Mehta,2025-09-02,,Manually added by sales after a phone call from a cold outreach list.,,,,
100236202,Lucas,Koh,,VP Sales,Larsen AS & Co,lucas.k@larsenas.net,+61 496 168 398,Australia,,closed won,Lead,Social Media,,Elena Popescu,2026-06-11,2026-06-13,Connected on LinkedIn after commenting on our post.,,,,
100236203,Sven,Nielsen,,Head of Growth,Wang Manufacturing Trading,sven.nielsen@wangmanufacturing.com.au,+65 8806 2723,Singapore,,closed lost,Customer,Direct Traffic,,Marcus Wong,2026-04-26T00:00:00Z,2026-05-17,"Filled out the form on the blog post on lead scoring. Connected, sending proposal.",,,,
100236204,,,S. Nielsen,Head of Growth,Wang Manufacturing Ventures,svenn@wangmanufacturing.com.au,6588062723,Singapore,,Closed Lost,Customer,Direct Traffic,,Marcus Wong,2026-04-26,,"Filled out the form on the blog post on lead scoring. Connected, sending proposal. possible duplicate — verify before contacting.",,,,
100236205,Grace,Huang,,Marketing Director,Zhang Studio,grace.huang@zhang.io,+54 9 11 4311-5637,Argentina,,closed lost,Other,Offline Sources,,Elena Popescu,2025-10-29,12/20/2025,"Met at the booth during APAC Logistics Summit, said they'd follow up over email. No response yet.",,,,
100236206,Wei Chen,Camara,,Operations Lead,Ho Bros Pte. Ltd.,weichen.camara@hobros.io,+1 314 555 0112,United States,,Qualified,Opportunity,Social Media,,Elena Popescu,2026-02-25,,Saw our post about replacing hubspot and commented.,,,,
100236207,Sigrid,Martins,,,Sayed Trading Inc.,sigrid.martins@sayedtrading.com.au,+92 350 2608107,Pakistan,,Connected,Marketing Qualified Lead,Social Media,,Rohan Mehta,2026-03-23T00:00:00Z,,Connected on LinkedIn after commenting on our post.,,,,93
100236208,David,Camara,,,Mensah Trading Ltd,davidc@mensahtrading.com.au,+62 817-6615-1450,Indonesia,,qualified,Sales Qualified Lead,,,Grace Osei,2025-09-02,5/16/2026,Googled us and ended up on the comparison-vs-hubspot page before booking a demo. Not interested for now.,,,,
100236209,Ingrid,Muller,,,Malik Group,ingrid.muller@malik.net,+39 399 622 4805,Italy,,CONNECTED,Sales Qualified Lead,,,Priya Nair,2025-10-14T00:00:00Z,,"Linkedin dm inbound asking about pricing. Left voicemail, will retry.",,,,
100236210,Marcus,Ho,,Founder,Asante Retail and Co,marcus.h@asanteretail.com,+852 8646 1508,Hong Kong,,New,Customer,Organic Search,,Elena Popescu,2025-09-21,,Googled us and ended up on the contact page before booking a demo.,,,,
100236211,,,Marcus Ho,Founder,Asante Retail and Labs,marcush@asanteretail.com,+852 8646 1508,Hong Kong,,New,Customer,Organic Search,,Elena Popescu,9/21/2025,,Googled us and ended up on the contact page before booking a demo.,,,,
100236212,Hana,Patel,,Finance Manager,BluePeak Freight,hana.patel@bluepeak.com.au,+46 70 749 48 79,Sweden,,Closed Lost,Lead,Offline Sources,,Fatima Rahman,2026-06-05,,"Met her at the Singapore FinTech Festival 2026 booth, scanned our QR code. Connected, sending proposal.",,,,
100236213,Femi,Nguyen,,,Delta Pte. Ltd.,f.nguyen@delta.com.au,+86 137 7916 6020,China,,Connected,Lead,Offline Sources,,Hana Kobayashi,2026-04-27,,"He scanned our QR code at the Web Summit 2026 booth. Great fit, prioritizing.",,,,
100236214,Valentina,Nair,,Marketing Director,Zhang Consulting,v.nair@zhang.biz,+54 9 11 5387-9587,Argentina,,Opportunity,Customer,Social Media,,Hana Kobayashi,2025-12-30,2026-05-07,Linkedin dm inbound asking about pricing. Qualifying now.,,,,
100236215,Youssef,Rasmussen,,Marketing Director,Johnson Trading Co,youssefr@johnson.io,+48 573 646 392,Poland,,Connected,Marketing Qualified Lead,Organic Search,,Hana Kobayashi,2026-01-06T00:00:00Z,2026-03-06,"Googled us and ended up on the contact page before booking a demo. Left voicemail, will retry.",,,,90
100236216,Nadia,Kapoor,,Operations Lead,Weber Analytics Trading,n.kapoor@weberanalytics.biz,+84 91 520 7948,Vietnam,,Contacted,Marketing Qualified Lead,Other Campaigns,,Diego Alvarez,2025-10-01T00:00:00Z,2025-10-01,Manually added by sales after a phone call from a cold outreach list. No response yet.,,,,
100236217,Farah,Sim,,,Fischer Trading Co.,farah.s@fischertrading.co,+63 946 382 5363,Philippines,,Connected,Sales Qualified Lead,Other Campaigns,,Marcus Wong,2/4/2026,2026-04-19,Other - walked into our office without an appointment.,,,,
100236218,Miguel,Iyer,,,Koh & Sons Retail Group,migueli@kohsons.net,+48 560 617 212,Poland,,connected,Lead,,,Wei Chen,2025-10-27T00:00:00Z,2025-10-27,Filled out the form on the comparison-vs-hubspot page. Qualifying now.,,,,
100236219,Ava,Gomes,,Marketing Director,Fischer Trading Consulting,ava.gomes@fischertrading.net,+351 92 974 1034,Portugal,,new,Opportunity,,,Grace Osei,2025-11-01,2026-04-16,"Met her at the London Tech Week booth, scanned our QR code. Not interested for now.",,,,
100236220,Benjamin,Aina,,,Gupta Textiles Ltd,benjamina@guptatextiles.io,+40 758 344 860,Romania,,Qualified,Customer,,,Noah Bennett,2025-11-26,6/4/2026,"Scanned the QR code at our Money20/20 Asia booth. Very interested, wants pricing call.",,,,
100236221,Sanjay,Malik,,Marketing Director,Fischer Trading Inc.,sanjay.malik@fischertrading.net,+52 55 9045 1605,Mexico,, Qualified,Sales Qualified Lead,Direct Traffic,,Priya Nair,2026-04-06T00:00:00Z,,Filled out the form on the product tour page. No response yet.,,,,33
100236222,Sanjay,Malik,,Marketing Director,Fischer Trading Pte. Ltd.,s.malik@fischertrading.net,+52 55 9045 1605,Mexico,,Qualified,Sales Qualified Lead,Direct Traffic,,Priya Nair,4/6/2026,2026-04-06,Filled out the form on the product tour page. No response yet. possible duplicate — verify before contacting.,,,,33
100236223,Zara,Reyes,,,Kim Trading Ltd,zarar@kimtrading.co,+91 82187 14808,India,,closed won,Opportunity,,,Elena Popescu,2026-03-22,2026-06-09,"Referred by Ingrid Petersen, warm intro.",,,,
100236224,Kai,Chen,,VP Sales,Huang Analytics Partners,kai.chen@huanganalytics.sg,+34 684 477 273,Spain,, Opportunity,Other,,,Grace Osei,1/18/2026,4/10/2026,"Referred by Freya Kang, warm intro. Qualifying now.",,,,
100236225,Ama,Bianchi,,Operations Lead,Kilat Retail Solutions,ama.bianchi@kilatretail.co,+63 957 700 4578,Philippines,,Opportunity,Sales Qualified Lead,Organic Search,,Rohan Mehta,10/23/2025,2026-05-08T00:00:00Z,Found us through organic google search then landed on the blog post on lead scoring. No response yet.,,,,
100236226,Farah,Bianchi,,Head of Growth,Kilat Retail Solutions,farahb@kilatretail.co,+234 806 965 2341,Nigeria,,Closed Won,Marketing Qualified Lead,Organic Search,,Marcus Wong,2025-09-30,9/30/2025,"Found us through organic google search then landed on the contact page. Very interested, wants pricing call.",,,,
100236227,Arjun,Rasmussen,,Operations Lead,Kowalski Studio,a.rasmussen@kowalski.biz,+45 26 57 40 53,Denmark,,Contacted,,Direct Traffic,,Diego Alvarez,2026-01-04T00:00:00Z,2026-04-30T00:00:00Z,Filled out the form on the case study page. Not interested for now.,,,,
100236228,Ahmed,Chen,,,Bakker Co,ahmedc@bakker.io,+31 6 7869 8503,Netherlands,,Closed Won,Customer,,,Priya Nair,2025-10-13,,Found us through organic google search then landed on the homepage. Qualifying now.,,,,
100236229,Hana,Sato,,Operations Lead,Reyes & Co,hanas@reyes.biz,+49 151 8342660,Germany,,New,Lead,,,Rohan Mehta,1/13/2026,4/10/2026,"Referred by Daniel Kowalski, warm intro.",,,,
100236230,Chiara,Fall,,,Huang Analytics Holdings,chiaraf@huanganalytics.io,+30 692 419 3143,Greece,,CLOSED LOST,Opportunity,Paid Search,,Wei Chen,2025-09-12,2026-05-31,"Booked a demo via the book-a-demo page after clicking a google ad. Very interested, wants pricing call.",,,,
100236231,Jun Wei,Chua,,VP Sales,Liu Trading Freight Solutions,junwei.chua@liutrading.com.au,+31 6 2677 2080,Netherlands,,QUALIFIED,Lead,Other Campaigns,,Noah Bennett,2025-09-25,2026-01-06T00:00:00Z,Other - walked into our office without an appointment.,,,,
100236232,,,J. Chua,VP Sales,Liu Trading Freight Pte Ltd,j.chua@liutrading.com.au,31626772080,Netherlands,,qualified,Lead,Other Campaigns,,Noah Bennett,2025-09-25,,Other - walked into our office without an appointment.,,,,
100236233,Oluwaseun,Sorensen,,,Hansen Digital Digital,o.sorensen@hansendigital.sg,+30 696 883 8473,Greece,,Qualified,Sales Qualified Lead,,,Grace Osei,2/26/2026,2026-05-16,"Filled out the form on the blog post on lead scoring. Great fit, prioritizing.",,,,
100236234,,,O. Sorensen,,Hansen Digital Co.,oluwaseuns@hansendigital.sg,306968838473,Greece,,Qualified,Sales Qualified Lead,,,Grace Osei,2026-02-26,2026-05-16T00:00:00Z,"Filled out the form on the blog post on lead scoring. Great fit, prioritizing. possible duplicate — verify before contacting.",,,,
100236235,Michael,Kapoor,,Head of Growth,Costa Trading Ventures,michaelk@costatrading.co,+60 18-123 3347,Malaysia,,Qualified,Sales Qualified Lead,,,Priya Nair,2026-04-10,2026-04-10,Filled out the form on the pricing page. Not interested for now.,,,,
100236236,Farah,Verma,,,Park Biotech & Co,farahv@parkbiotech.biz,+82 10-8424-8431,South Korea,,Contacted,Lead,,,Wei Chen,1/23/2026,1/23/2026,"Referred by Luca Lim, warm intro.",,,,
100236237,Ines,Wu,,Head of Growth,Chua Textiles Robotics,ines.wu@chuatextiles.com.au,+46 70 950 87 55,Sweden,,New,Opportunity,,,Grace Osei ,2025-10-05,2026-02-23,"Googled us and ended up on the contact page before booking a demo. Very interested, wants pricing call.",,,,
100236238,Tiago,Fall,,Founder,Teo Consulting Consulting,tiagof@teoconsulting.co,+234 801 906 2132,Nigeria,,Opportunity,Customer,,,Hana Kobayashi,2026-05-08,,"Filled out the form on the book-a-demo page. Very interested, wants pricing call.",,,,
100236239,Wei,Kowalski,,,Rossi SRL Freight Solutions,wei.kowalski@rossisrl.com,+46 70 782 19 69,sweden,,Qualified,Other,,,Priya Nair,5/12/2026,2026-06-08,"Met her at the SaaStr Annual booth, scanned our QR code.",,,,
100236240,Amir,Nielsen,,Finance Manager,Kowalski Retail Group,a.nielsen@kowalski.io,+82 10-7547-9026,South Korea,,Closed Lost,Customer,,,Grace Osei,2025-10-17,2026-04-09T00:00:00Z,He scanned our QR code at the APAC Logistics Summit booth.,,,,
100236241,Ravi,Zhang,,Marketing Director,Park Biotech Trading Co,r.zhang@parkbiotech.biz,+48 564 517 754,Poland,,new,Sales Qualified Lead,Social Media,,Elena Popescu,2026-03-09,,"Connected on LinkedIn after commenting on our post. Left voicemail, will retry.",,,,
100236242,Adaeze,Pham,,Operations Lead,Jung Studio Ltd,adaeze.p@jungstudio.io,+971 54 671 7354,UAE,,opportunity,Opportunity,Referrals,,Rohan Mehta,2026-02-03,,"Referred by Tunde Kim, warm intro. Qualifying now.",,,,
100236243,Layla,Sim,,,Rao Ventures Labs,layla.sim@raoventures.biz,+7 942 236 40 10,Russia,,New ,Marketing Qualified Lead,Offline Sources,,Hana Kobayashi,1/23/2026,,"Met her at the APAC Logistics Summit booth, scanned our QR code. Qualifying now.",,,,
100236244,Elijah,Kone,,Marketing Director,Acme Inc.,e.kone@acme.io,+65 9293 6706,Singapore,,QUALIFIED,Opportunity,,,Fatima Rahman,2026-02-28,2026-04-16,Booked a demo via the book-a-demo page after clicking a google ad.,,,,
100236245,Olivia,Bakar,,VP Sales,Osei Inc.,o.bakar@osei.co,+971 54 985 7241,UAE,,CONTACTED,Other,Direct Traffic,,Grace Osei,2025-11-05T00:00:00Z,,Filled out the form on the contact page.,,,,
100236246,Joon,Petersen,,Operations Lead,Liu Trading Trading Co,joon.petersen@liutrading.io,+39 352 765 2049,Italy,,Closed Lost ,Lead,Social Media,,Marcus Wong,11/23/2025,2025-12-13,"Saw our post about replacing hubspot and commented. Left voicemail, will retry.",,,,
100236247,Ha-eun,Costa,,Finance Manager,Malik Pte Ltd,h.costa@malik.io,+234 801 834 3834,Nigeria,,Closed Lost,Other,,,Elena Popescu,2026-01-21,2026-01-28,"Filled out the form on the product tour page. Left voicemail, will retry.",,,,
100236248,Joon,Becker,,,Cruz & Partners Inc,joonb@cruzpartners.com.au,+84 93 155 7048,Vietnam,,qualified,Customer,,,Hana Kobayashi,2026-06-12,6/12/2026,Filled out the form on the homepage. No response yet.,,,,
100236249,Manon,Rasmussen,,Finance Manager,Weber Analytics Pte Ltd,manon.rasmussen@weberanalytics.biz,+45 21 45 85 69,Denmark,,QUALIFIED,Opportunity,Paid Search,,Noah Bennett,2026-01-16,,"Booked a demo via the book-a-demo page after clicking a google ad. Very interested, wants pricing call.",,,,
100236250,Hassan,Asante,,Operations Lead,Li Consulting Freight Solutions,hassan.asante@liconsulting.com.au,+82 10-5995-5317,South Korea,,Opportunity,,,,Diego Alvarez,2025-12-07,6/15/2026,Filled out the form on the case study page. Not interested for now.,,,,
100236251,Hassan,Asante,,Operations Lead,Li Consulting Freight Pte. Ltd.,hassan.asante@liconsulting.com.au,+82 10-5995-5317,South Korea,,Opportunity,,,,Diego Alvarez,2025-12-07,,Filled out the form on the case study page. Not interested for now.,,,,
100236252,Leila,Chua,,,Williams Pte Ltd,leilac@williams.com,+66 7 8531 1502,Thailand,,QUALIFIED,Opportunity,,,Marcus Wong,2026-06-15T00:00:00Z,2026-06-16T00:00:00Z,"Saw our post about replacing hubspot and commented. Great fit, prioritizing.",,,,
100236253,Omar,Pham,,Operations Lead,Ho Bros Robotics,omar.p@hobros.com.au,+40 781 538 325,Romania,,QUALIFIED,Marketing Qualified Lead,,,Priya Nair,2025-12-12,2026-02-07T00:00:00Z,Found us through organic google search then landed on the comparison-vs-hubspot page. No response yet.,,,,
100236254,Mateo,Meyer,,VP Sales,Teo Consulting Pte. Ltd.,mateom@teoconsulting.co,+40 777 306 715,Romania,,Contacted,Lead,,,Noah Bennett,2026-01-07,2026-01-08,"Referred by Xiu Ying Sun, warm intro. Great fit, prioritizing.",,,,
100236255,Mateo,Meyer,,VP Sales,Teo Consulting Consulting,m.meyer@teoconsulting.co,+40 777 306 715,Romania,,contacted,Lead,,,Noah Bennett,2026-01-07,2026-01-08T00:00:00Z,"Referred by Xiu Ying Sun, warm intro. Great fit, prioritizing. possible duplicate — verify before contacting.",,,,
100236256,Grace,Asante,,,Ang Analytics Group,grace.asante@anganalytics.com,+31 6 7325 3001,Netherlands,,Closed Won,Sales Qualified Lead,,,Elena Popescu,2026-04-28,2026-04-28,He scanned our QR code at the Money20/20 Asia booth.,,,,
100236257,Youssef,Fischer,,,Verma Consulting & Co,youssef.fischer@vermaconsulting.net,+49 153 4534420,germany,,new,Customer,Social Media,,Rohan Mehta,2026-02-10,5/17/2026,Saw our post about replacing hubspot and commented.,,,,
100236258,Charlotte,Lau,,Marketing Director,Costa Trading Labs,charlotte.lau@costatrading.biz,+852 7715 5918,Hong Kong,,CLOSED WON,Other,,,Priya Nair,1/29/2026,,Scanned the QR code at our Web Summit 2026 booth. Not interested for now.,,,,
100236259,Farah,Bruno,,VP Sales,Williams Trading Co,farah.b@williams.com,+880 1836-705278,Bangladesh,,connected,,,,Marcus Wong,2025-12-13,2026-03-02,He scanned our QR code at the SaaStr Annual booth. Not interested for now.,,,,
100236260,Olivia,Romano,,,Huang Analytics Co,olivia.r@huanganalytics.sg,+44 7961 274948,United Kingdom,,NEW,Opportunity,Offline Sources,,Marcus Wong,2026-02-26,2026-05-08,"Met her at the Retail Asia Expo booth, scanned our QR code. Left voicemail, will retry.",,,,80
100236261,Carlos,Lim,,VP Sales,Schmidt AG Pte. Ltd.,carlos.l@schmidtag.io,+45 27 44 14 55,Denmark,,Opportunity,Customer,,,Wei Chen,12/31/2025,2026-01-03,Googled us and ended up on the pricing page before booking a demo. Not interested for now.,,,,
100236262,Sigrid,Ho,,Head of Growth,Ivanova Trading,sigrid.h@ivanova.co,+233 24 814 6955,Ghana,,New,Other,,,Diego Alvarez,2026-02-09T00:00:00Z,,"Filled out the form on the case study page. Connected, sending proposal.",,,,
100236263,Camille,Martinez,,,Boateng Digital Consulting,camille.martinez@boatengdigital.com,+81 80-8090-8804,Japan,,Contacted ,,,,Fatima Rahman,2026-06-06T00:00:00Z,,Googled us and ended up on the contact page before booking a demo. Not interested for now.,,,,
100236264,Ethan,Pham,,,Muller GmbH & Co,ethan.p@mullergmbh.co,+45 20 32 72 50,Denmark,,Opportunity,Opportunity,,,Priya Nair,1/6/2026,2026-03-23,"Filled out the form on the case study page. Left voicemail, will retry.",,,,
100236265,Wei Ming,Ivanova,,,Athens Retail Holdings,weiming.i@athensretail.biz,+52 55 3186 7593,Mexico,,Contacted,Customer,Direct Traffic,,Rohan Mehta,2025-09-04,2025-12-16,Filled out the form on the comparison-vs-hubspot page. Not interested for now.,,,,
100236266,Bjorn,Yang,,VP Sales,Goh Digital Analytics,b.yang@gohdigital.net,+61 490 580 125,Australia,,contacted,Other,Social Media,,Rohan Mehta,2/24/2026,,"Linkedin dm inbound asking about pricing. Very interested, wants pricing call.",,,,
100236267,Zara,Han,,Marketing Director,Reyes Robotics,zara.han@reyes.biz,+40 743 456 346,Romania,,Closed Lost,Customer,Organic Search,,Diego Alvarez,2025-10-19,2026-01-19,"Googled us and ended up on the case study page before booking a demo. Great fit, prioritizing.",,,,
100236268,Elijah,Nguyen,,,Foster Co,e.nguyen@foster.com.au,+7 970 295 51 95,Russia,,Connected,,,,Elena Popescu,2025-09-05,,"Referred by Sara Sy, warm intro. Not interested for now.",,,,
100236269,Arjun,Carvalho,,VP Sales,Lotus Finance Partners,arjunc@lotusfinance.sg,+48 574 740 315,Poland,,connected,Opportunity,,,Noah Bennett,2025-09-26T00:00:00Z,,Googled us and ended up on the homepage before booking a demo.,,,,
100236270,Youssef,Bakar,,Marketing Director,Toure Consulting Group,youssef.bakar@toureconsulting.sg,+86 137 3583 7457,China,,Contacted,Customer,,,Priya Nair,2025-12-30T00:00:00Z,2026-04-12T00:00:00Z,"Googled us and ended up on the pricing page before booking a demo. Connected, sending proposal.",,,,
100236271,Priscilla,Reyes,,Marketing Director,Sharma Enterprises Freight Solutions,priscilla.r@sharmaenterprises.com,+30 694 887 7149,Greece,, Qualified,Marketing Qualified Lead,,,Wei Chen,5/27/2026,,Found us through organic google search then landed on the comparison-vs-hubspot page. Not interested for now.,,,,
100236272,Pedro,Kapoor,,VP Sales,Chua Textiles Ltd,pedro.k@chuatextiles.com,+30 691 857 1985,Greece,,Contacted,,,,Noah Bennett,2025-09-04T00:00:00Z,,"Referred by Astrid Wu, warm intro. Left voicemail, will retry.",,,,
100236273,Nur,Becker,,Head of Growth,Williams Solutions,nurb@williams.com.au,+45 27 38 28 19,denmark,,QUALIFIED,Sales Qualified Lead,Other Campaigns,,Priya Nair,2025-11-30T00:00:00Z,2/8/2026,"Met at the booth during SaaStr Annual, said they'd follow up over email. Connected, sending proposal.",,,,
100236274,Kai,Liu,,Marketing Director,Liu Trading Pte Ltd,kai.liu@liutrading.co,+7 965 555 22 42,Russia,,Opportunity,Sales Qualified Lead,,,Fatima Rahman,12/23/2025,1/23/2026,Connected on LinkedIn after commenting on our post. Not interested for now.,,,,
100236275,Amir,Ng,,,Acme Co,amir.ng@acme.com.au,+34 693 285 148,Spain,, Opportunity,Customer,Social Media,,Grace Osei,2025-11-11,,Linkedin dm inbound asking about pricing.,,,,
100236276,Carlos,Gupta,,Operations Lead,Verma Consulting Studio,c.gupta@vermaconsulting.com,+31 6 4909 1887,Netherlands,,contacted,,,,Wei Chen,2026-03-07T00:00:00Z,3/7/2026,Filled out the form on the product tour page. Qualifying now.,,,,
100236277,Adam,Pedersen,,Head of Growth,Wang Manufacturing Consulting,a.pedersen@wangmanufacturing.co,+49 154 6978769,Germany,,Closed Lost,Customer,,,Priya Nair,2025-12-07,2025-12-13,Saw our post about replacing hubspot and commented.,,,,
100236278,Rin,Santos,,Founder,Muller GmbH Freight,rins@mullergmbh.com,+60 16-220 3052,Malaysia,,CONTACTED,Opportunity,,,Hana Kobayashi,2025-11-27,2025-11-27T00:00:00Z,"Referred by Chiara Yang, warm intro. Connected, sending proposal.",,,,
100236279,,,Rin Santos,Founder,Muller GmbH and Co,rins@mullergmbh.com,60162203052,Malaysia,,Contacted,Opportunity,,,Hana Kobayashi,11/27/2025,2025-11-27,"Referred by Chiara Yang, warm intro. Connected, sending proposal.",,,,
100236280,,,R. Santos,Founder,Muller GmbH Trading,rinsantos@mullergmbh.com,60162203052,Malaysia,,Contacted,Opportunity,,,Hana Kobayashi,2025-11-27T00:00:00Z,2025-11-27,"Referred by Chiara Yang, warm intro. Connected, sending proposal. possible duplicate — verify before contacting.",,,,
100236281,Sara,Lee,,,Ivanova Ventures,s.lee@ivanova.com.au,+55 11 93520-6825,Brazil,,CLOSED WON,,Referrals,,Wei Chen,6/1/2026,2026-06-19T00:00:00Z,"Referred by Mei Ling Joshi, warm intro. Qualifying now.",,,,
100236282,Erik,Hoffmann,,,Kim Trading Partners,e.hoffmann@kimtrading.com,+86 136 4216 7559,China,,qualified,Customer,Direct Traffic,,Marcus Wong,2026-04-24T00:00:00Z,,Filled out the form on the book-a-demo page. No response yet.,,,,
100236283,Yasmin,Hoffmann,,Marketing Director,Kim Trading Partners,yasmin.h@kimtrading.com,+63 976 769 9803,Philippines,, Connected,Marketing Qualified Lead,Organic Search,,Wei Chen,2026-06-14,6/15/2026,"Found us through organic google search then landed on the pricing page. Connected, sending proposal.",,,,
100236284,Ingrid,Greco,,,Nimbus Robotics,ingrid.greco@nimbus.com.au,+30 698 646 2111,Greece,,opportunity,Sales Qualified Lead,,,Grace Osei,2026-03-19,2026-05-01,"Referred by Ingrid Seo, warm intro.",,,,
100236285,Haruto,Pereira,,,Muller GmbH Pte Ltd,haruto.pereira@mullergmbh.co,+234 806 539 5553,Nigeria,,Contacted,Lead,,,Hana Kobayashi,2025-11-22,2026-05-16,Saw our post about replacing hubspot and commented. Not interested for now.,,,,
100236286,Michael,Zahra,,,GreenLeaf Partners,michaelz@greenleaf.net,+971 58 831 7874,UAE,,Qualified,Lead,Other Campaigns,,Wei Chen,2026-03-17,5/17/2026,Manually added by sales after a phone call from a cold outreach list. Qualifying now.,,,,
100236287,Sofia,Weber,,Operations Lead,GreenLeaf Ventures,sofia.weber@greenleaf.co,+34 696 673 897,Spain,, Connected,Sales Qualified Lead,Other Campaigns,,Fatima Rahman,2026-04-27,2026-04-30,Manual - added after inbound phone call. Not interested for now.,,,,
100236288,Hana,Al-Farsi,,Marketing Director,Malik Group,hana.al-farsi@malik.com,+84 94 137 8283,Vietnam,,Connected,Opportunity,Offline Sources,,Priya Nair,11/16/2025,2025-12-17T00:00:00Z,Scanned the QR code at our APAC Logistics Summit booth. Not interested for now.,,,,
100236289,Sven,Choi,,Finance Manager,Singh Logistics and Co,sven.c@singhlogistics.com.au,+91 99364 59130,India,,New,,,,Elena Popescu,2026-05-04T00:00:00Z,2026-05-30,Linkedin dm inbound asking about pricing. Not interested for now.,,,,
100236290,Arjun,Boateng,,Head of Growth,Ivanova Labs,a.boateng@ivanova.biz,+34 692 831 704,Spain,,new,,Organic Search,,Noah Bennett,2026-05-12,6/16/2026,Found us through organic google search then landed on the contact page. Not interested for now.,,,,
100236291,,,Arjun Boateng,Head of Growth,Ivanova Inc,arjunboateng@ivanova.biz,+34 692 831 704,Spain,,New,,Organic Search,,Noah Bennett ,2026-05-12,,Found us through organic google search then landed on the contact page. Not interested for now. possible duplicate — verify before contacting.,,,,
100236292,Sigrid,Malik,,VP Sales,BluePeak Co.,sigridm@bluepeak.biz,+65 9994 5843,Singapore,,Contacted,Other,Direct Traffic,,Hana Kobayashi,2025-11-20,4/24/2026,"Filled out the form on the comparison-vs-hubspot page. Great fit, prioritizing.",,,,
100236293,Jun Wei,Kapoor,,,Al-Farsi Ltd,j.kapoor@al-farsi.sg,+62 850-9360-6062,Indonesia,,qualified,Sales Qualified Lead,,,Hana Kobayashi,2025-11-04,2025-11-17,"Filled out the form on the contact page. Great fit, prioritizing.",,,,
100236294,Diego,Muller,,Finance Manager,Rossi SRL & Co,diego.muller@rossisrl.co,+233 23 195 3212,Ghana,,contacted,,,,Priya Nair,4/10/2026,2026-06-04,Linkedin dm inbound asking about pricing.,,,,
100236295,Elijah,Teo,,Operations Lead,Hansen Digital Ventures,elijah.t@hansendigital.biz,+62 869-1197-6991,Indonesia,,Opportunity,Lead,Organic Search,,Fatima Rahman,5/24/2026,2026-05-24,"Found us through organic google search then landed on the blog post on lead scoring. Left voicemail, will retry.",,,,
100236296,Yuki,Mensah,,,Sato Digital,yukim@sato.com,+351 94 108 6966,Portugal,,Contacted,Customer,,,Grace Osei,2025-09-19T00:00:00Z,6/18/2026,Linkedin dm inbound asking about pricing.,,,,
100236297,Seo-yeon,Schmidt,,Marketing Director,Jung Studio Trading,seo-yeons@jungstudio.io,+7 913 135 59 92,Russia,,contacted,Sales Qualified Lead,,,Grace Osei,2025-10-03,2026-06-07,Filled out the form on the product tour page.,,,,
100236298,Salma,Danso,,Operations Lead,Chua Textiles Pte Ltd,salma.danso@chuatextiles.biz,+234 807 804 3613,Nigeria,,New,Marketing Qualified Lead,,,Diego Alvarez,4/2/2026,2026-05-22T00:00:00Z,Found us through organic google search then landed on the contact page.,,,,
100236299,Pedro,Al-Farsi,,VP Sales,Lindqvist AB Pte Ltd,pedroa@lindqvistab.com,+52 55 2771 3749,Mexico,,Opportunity,Other,,,Hana Kobayashi,2025-10-08T00:00:00Z,2026-02-22T00:00:00Z,"Found us through organic google search then landed on the comparison-vs-hubspot page. Connected, sending proposal.",,,,
100236300,Karim,Rahman,,,Gupta Textiles Ventures,karim.rahman@guptatextiles.net,+45 28 79 85 87,Denmark,,Closed Won,Lead,Offline Sources,,Grace Osei,5/19/2026,,"Met her at the Singapore FinTech Festival 2026 booth, scanned our QR code. Connected, sending proposal.",,,,
100236301,Mia,Frimpong,,,Santos Ltda Ventures,mia.f@santosltda.biz,+63 991 288 2731,Philippines,,Closed Won,Marketing Qualified Lead,Referrals,,Marcus Wong,10/20/2025,2026-02-03,"Referred by Farah Ocampo, warm intro.",,,,
100236302,Mia,Frimpong,,,Santos Ltda Robotics,miaf@santosltda.biz,639912882731,Philippines,,closed won,Marketing Qualified Lead,Referrals,,Marcus Wong,10/20/2025,2/3/2026,"Referred by Farah Ocampo, warm intro.",,,,
100236303,Min-jun,Ivanova,,Finance Manager,Toure Consulting Trading,m.ivanova@toureconsulting.com,+65 8329 2294,Singapore,,Closed Lost,,,,Diego Alvarez,2026-04-10,5/25/2026,"Connected on LinkedIn after commenting on our post. Very interested, wants pricing call.",,,,
100236304,Julien,Schmidt,,,Tanaka Inc,juliens@tanaka.sg,+34 615 641 494,Spain,,Contacted,Other,Offline Sources,,Elena Popescu,2026-02-13,2026-06-06T00:00:00Z,"Met her at the Web Summit 2026 booth, scanned our QR code. Not interested for now.",,,,
100236305,Leila,Camara,,,Teo Consulting Holdings,leila.c@teoconsulting.com.au,+81 86-1218-6290,Japan,,Closed Won,Customer,,,Fatima Rahman,2026-01-04T00:00:00Z,,"Linkedin dm inbound asking about pricing. Connected, sending proposal.",,,,
100236306,Kwame,Ba,,Head of Growth,Williams Co.,kwameb@williams.io,+30 693 569 8136,Greece,,Closed Lost,Marketing Qualified Lead,,,Wei Chen,2026-01-01T00:00:00Z,3/2/2026,"Scanned the QR code at our Web Summit 2026 booth. Left voicemail, will retry.",,,,
100236307,Grace,Goh,,Marketing Director,Rossi SRL Inc.,grace.goh@rossisrl.com.au,+66 9 9145 2321,Thailand,,Closed Lost,Lead,Direct Traffic,,Noah Bennett,2025-11-06,2/6/2026,"Filled out the form on the pricing page. Very interested, wants pricing call.",,,,
100236308,Linh,Nguyen,,,Singh Logistics Co,linh.nguyen@singhlogistics.io,+52 55 8064 7995,Mexico,,Qualified,,,,Elena Popescu,2025-09-26,,"Referred by Hana Larsen, warm intro.",,,,
100236309,Zara,Muller,,,Orchid Ltd,zara.m@orchid.biz,+233 27 904 6665,Ghana,,Closed Lost,Marketing Qualified Lead,Organic Search,,Fatima Rahman,2026-01-23,2026-01-23,"Found us through organic google search then landed on the blog post on lead scoring. Connected, sending proposal.",,,,
100236310,Hassan,Almeida,,VP Sales,Chua Textiles Consulting,hassan.almeida@chuatextiles.io,+86 134 9623 6062,China,,Qualified,Lead,,,Fatima Rahman,3/13/2026,2026-04-11,"Referred by Chidi Rodrigues, warm intro. Great fit, prioritizing.",,,,
100236311,Karim,Ndiaye,,Operations Lead,Liu Trading Studio,karim.n@liutrading.co,+233 20 492 5004,Ghana,,Closed Lost,Customer,,,Wei Chen,5/28/2026,6/1/2026,"Referred by Haruto Nair, warm intro. Connected, sending proposal.",,,,
100236312,Michael,Almeida,,,Adeyemi Logistics Labs,michael.a@adeyemilogistics.com.au,+61 463 864 180,Australia,,Closed Won ,Marketing Qualified Lead,Direct Traffic,,Elena Popescu,2/14/2026,2026-03-23,Filled out the form on the case study page.,,,,
100236313,Antoine,Nielsen,,,Park Biotech Inc.,a.nielsen@parkbiotech.sg,+55 11 97210-6784,Brazil,,CONNECTED,,,,Elena Popescu,2026-05-11,2026-06-16,He scanned our QR code at the Dubai FinTech Week booth.,,,,90
100236314,Emily,Schmidt,,,Koh & Sons Ltd,emily.s@kohsons.co,+45 29 53 23 42,Denmark,, Closed Won,Customer,,,Priya Nair,2026-06-17T00:00:00Z,6/18/2026,He scanned our QR code at the Singapore FinTech Festival 2026 booth.,,,,
100236315,Suresh,Muller,,,Lotus Finance Freight Solutions,s.muller@lotusfinance.biz,+46 70 935 76 35,Sweden,,closed won,Lead,,,Grace Osei,2025-10-29,,Saw our post about replacing hubspot and commented.,,,,
100236316,Nils,Pedersen,,Head of Growth,Teo Consulting Co.,n.pedersen@teoconsulting.co,+48 696 442 644,Poland,,Closed Won,Opportunity,,,Grace Osei,2025-09-25T00:00:00Z,,Scanned the QR code at our Mobile World Congress booth.,,,,81
100236317,Farid,Pedersen,,Finance Manager,Toure Consulting Trading,farid.p@toureconsulting.sg,+234 805 585 3483,Nigeria,,Closed Won,,Other Campaigns,,Marcus Wong,4/24/2026,,"Other - reached out via our general info@ inbox. Left voicemail, will retry.",,,,
100236318,Amina,Johnson,,Marketing Director,Fischer Trading Holdings,amina.j@fischertrading.com.au,+48 625 311 427,Poland,,Closed Lost ,Lead,,,Hana Kobayashi,2026-06-14,2026-06-19T00:00:00Z,"Met her at the Dubai FinTech Week booth, scanned our QR code. Left voicemail, will retry.",,,,
100236319,Kenji,Choi,,,Li Consulting Freight,kenji.choi@liconsulting.io,+40 742 981 551,Romania,,Connected ,Opportunity,,,Diego Alvarez,1/9/2026,,"Referred by Sofia Agyemang, warm intro. Very interested, wants pricing call.",,,,
100236320,Benjamin,Kone,,Finance Manager,Bennett Digital,benjamin.k@bennett.com.au,+84 94 959 9215,Vietnam,,New,Lead,,,Fatima Rahman,3/6/2026,6/10/2026,"Met at the booth during Dubai FinTech Week, said they'd follow up over email. Very interested, wants pricing call.",,,,
100236321,Arjun,Danso,,Marketing Director,Silva Ventures,arjun.danso@silva.com.au,+233 21 286 7294,Ghana,,Opportunity,,Referrals,,Elena Popescu,2025-10-20,2026-04-18,"Referred by Luca Rahman, warm intro.",,,,
100236322,Marcus,Ho,,Finance Manager,Al-Farsi Robotics,marcush@al-farsi.com.au,+62 856-9187-8897,Indonesia,,New,Other,Other Campaigns,,Wei Chen,2025-10-05T00:00:00Z,1/1/2026,Manual - added after inbound phone call. Qualifying now.,,,,
100236323,Tariq,Silva,,VP Sales,Yang Freight Holdings,tariq.s@yangfreight.com.au,+60 17-299 1094,Malaysia,,Closed Won,Other,Other Campaigns,,Wei Chen,2025-11-15T00:00:00Z,2026-05-16T00:00:00Z,"Met at the booth during SaaStr Annual, said they'd follow up over email.",,,,
100236324,Marcus,Wagner,,,Chua Textiles Group,marcus.w@chuatextiles.net,+49 163 5646961,Germany,,Closed Lost,Sales Qualified Lead,Direct Traffic,,Grace Osei,2025-09-18,2025-12-04,Filled out the form on the blog post on lead scoring.,,,,
100236325,Jun Wei,Aina,,Founder,Verma Consulting Holdings,junwei.aina@vermaconsulting.com.au,+65 9642 1172,Singapore,,New,Lead,,,Rohan Mehta,6/12/2026,2026-06-18,"Linkedin dm inbound asking about pricing. Connected, sending proposal.",,,,
100236326,Suresh,Kone,,Operations Lead,Rao Ventures & Co,s.kone@raoventures.io,+46 70 936 66 66,Sweden,,CONNECTED,Other,Other Campaigns,,Elena Popescu,2026-03-29,,Other - walked into our office without an appointment.,,,,
100236327,Camille,Liu,,Operations Lead,Tanaka Holdings,camillel@tanaka.com,+880 1418-729445,Bangladesh,, Connected,Lead,,,Grace Osei,2025-09-02,2025-11-07,Filled out the form on the pricing page. Qualifying now.,,,,
100236328,Camille,Liu,,Operations Lead,Tanaka Robotics,camillel@tanaka.com,8801418729445,Bangladesh,,Connected,Lead,,,Grace Osei,9/2/2025,2025-11-07,Filled out the form on the pricing page. Qualifying now.,,,,
100236329,Tiago,Adjei,,Marketing Director,Ang Analytics Group,tiagoa@anganalytics.com.au,+351 94 219 5009,Portugal,,new,,,,Elena Popescu,2026-06-02,2026-06-10,"Found us through organic google search then landed on the contact page. Left voicemail, will retry.",,,,
100236330,Ana,Ricci,,,BluePeak Trading,ana.ricci@bluepeak.net,+66 9 6441 7116,thailand,,qualified,Customer,,,Rohan Mehta,2025-12-23,12/23/2025,"Met at the booth during Mobile World Congress, said they'd follow up over email.",,,,
100236331,Michael,Han,,,Malik Co,michael.h@malik.co,+82 10-8689-2689,South Korea,,Contacted,Marketing Qualified Lead,,,Elena Popescu,2025-12-29T00:00:00Z,2026-01-12T00:00:00Z,"Filled out the form on the contact page. Left voicemail, will retry.",,,,
100236332,Chidi,Ng,,,Sim Robotics Analytics,chidi.ng@simrobotics.biz,+40 720 637 601,Romania,,Opportunity,Opportunity,Other Campaigns,,Grace Osei,4/29/2026,6/3/2026,"Met at the booth during Dubai FinTech Week, said they'd follow up over email. Very interested, wants pricing call.",,,,80
100236333,Camille,Rasmussen,,,Boateng Digital Holdings,camille.rasmussen@boatengdigital.com,+31 6 5545 6960,Netherlands,,Closed Lost,Lead,Other Campaigns,,Hana Kobayashi,2025-11-11,2025-12-21,Other - walked into our office without an appointment.,,,,
100236334,Nadia,Bakar,,VP Sales,Bakker Group,nadia.bakar@bakker.biz,+34 664 611 223,Spain,,New,Opportunity,,,Hana Kobayashi,2026-02-11,2026-06-04,"Met at the booth during Retail Asia Expo, said they'd follow up over email. Qualifying now.",,,,
100236335,Jonathan,Sow,,,Foster Trading,jonathan.s@foster.co,+91 84332 78363,India,,Contacted ,,Social Media,,Elena Popescu,2026-03-09,2026-03-09,Saw our post about replacing hubspot and commented. No response yet.,,,,
100236336,Ingrid,Nguyen,,,Asante Retail Co,ingridn@asanteretail.sg,+1 660 555 0172,united states,,Closed Won,Customer,Referrals,,Wei Chen,10/28/2025,2026-05-01,"Referred by Sanjay Osei, warm intro. Not interested for now.",,,,
100236337,Kenji,Rasmussen,,Finance Manager,Foster Trading Co,kenji.rasmussen@foster.net,+7 966 265 35 78,Russia,,qualified,Opportunity,,,Grace Osei,3/31/2026,3/31/2026,Booked a demo via the book-a-demo page after clicking a google ad. No response yet.,,,,
100236338,Astrid,Pedersen,,,Weber Analytics Inc.,astrid.pedersen@weberanalytics.co,+31 6 1640 3930,Netherlands,,Connected,Other,,,Rohan Mehta,5/16/2026,,"Referred by Seo-yeon Asante, warm intro.",,,,
100236339,,,A. Pedersen,,Weber Analytics Inc,astrid.pedersen@weberanalytics.co,+31 6 1640 3930,Netherlands,,Connected,Other,,,Rohan Mehta,5/16/2026,,"Referred by Seo-yeon Asante, warm intro. possible duplicate — verify before contacting.",,,,
100236340,George,Koch,,,Rao Ventures Inc,georgek@raoventures.com,+351 96 491 8155,Portugal,,New,Marketing Qualified Lead,Other Campaigns,,Diego Alvarez,9/9/2025,2026-04-22,Manual - added after inbound phone call.,,,,
100236341,Farid,Diop,,,Athens Retail Group,f.diop@athensretail.com.au,+39 367 764 6706,Italy,,Closed Lost,Other,Direct Traffic,,Rohan Mehta,2025-09-21,1/14/2026,"Filled out the form on the contact page. Great fit, prioritizing.",,,,
100236342,Mia,Wang,,Head of Growth,Kowalski Robotics,miaw@kowalski.net,+92 340 5565868,Pakistan,,Closed Lost,Other,Other Campaigns,,Elena Popescu,2026-03-28,2026-04-28T00:00:00Z,Manually added by sales after a phone call from a cold outreach list.,,,,
100236343,Ismail,Christensen,,Operations Lead,Han Imports Holdings,ismailc@hanimports.com,+65 9212 8168,Singapore,,New,Customer,,,Elena Popescu,2026-05-16T00:00:00Z,,He scanned our QR code at the Singapore FinTech Festival 2026 booth.,,,,
100236344,Hassan,Sim,,,Kim Trading Consulting,hassan.sim@kimtrading.com,+48 564 433 367,Poland,,Qualified,Opportunity,Other Campaigns,,Wei Chen,2026-03-09T00:00:00Z,2026-03-23T00:00:00Z,"Met at the booth during Retail Asia Expo, said they'd follow up over email.",,,,
100236345,Sanjay,Jensen,,,Malik Pte. Ltd.,sanjay.jensen@malik.com.au,+55 11 98394-2961,Brazil,,QUALIFIED,Marketing Qualified Lead,Social Media,,Fatima Rahman,10/16/2025,2026-05-02T00:00:00Z,"Linkedin dm inbound asking about pricing. Connected, sending proposal.",,,,
100236346,Aiko,Malik,,Marketing Director,Popescu Trading Co,aikom@popescu.co,+34 697 775 612,Spain,,closed lost,Other,,,Wei Chen,2026-04-01,,Manual - added after inbound phone call.,,,,
100236347,Musa,Popescu,,,Orchid Co.,m.popescu@orchid.net,+971 53 708 7425,UAE,,Connected,Other,,,Wei Chen,2/7/2026,2026-06-08,"Manually added by sales after a phone call from a cold outreach list. Connected, sending proposal.",,,,
100236348,Ha-eun,Diallo,,,Kowalski Ltd,h.diallo@kowalski.com.au,+91 96779 66392,India,,Closed Lost,Marketing Qualified Lead,,,Marcus Wong,12/16/2025,2026-01-16T00:00:00Z,Filled out the form on the case study page.,,,,
100236349,Bruno,Rasmussen,,VP Sales,Wang Manufacturing Ventures,b.rasmussen@wangmanufacturing.co,+65 9260 8713,Singapore,,new,Marketing Qualified Lead,Other Campaigns,,Noah Bennett,2025-12-06,,Manually added by sales after a phone call from a cold outreach list. Not interested for now.,,,,
100236350,Nils,Romano,,Marketing Director,Ferrari Consulting Trading Co,nilsr@ferrariconsulting.sg,+7 988 443 74 75,Russia,,closed won,Lead,Other Campaigns,,Elena Popescu,2026-01-28,,"Other - reached out via our general info@ inbox. Connected, sending proposal.",,,,
100236351,Antoine,Ng,,,Adeyemi Logistics Analytics,antoine.n@adeyemilogistics.net,+30 699 366 1074,Greece,,Closed Lost,Sales Qualified Lead,Referrals,,Fatima Rahman,2026-03-27,2026-05-22,"Referred by Ethan Ong, warm intro. Left voicemail, will retry.",,,,
100236352,Ethan,Rodrigues,,,Lau Co.,ethanr@lau.com,+86 138 1257 2726,China,,Qualified,Opportunity,Organic Search,,Diego Alvarez,2026-06-04T00:00:00Z,2026-06-09,Found us through organic google search then landed on the homepage. Qualifying now.,,,,
100236353,Rania,Pedersen,,VP Sales,Yap Ventures Inc,rania.p@yapventures.co,+44 7833 948423,United Kingdom,,New,,,,Grace Osei,2025-10-14,,Booked a demo via the book-a-demo page after clicking a google ad.,,,,
100236354,Zara,Johnson,,Finance Manager,Athens Retail Solutions,z.johnson@athensretail.com.au,+91 81039 23731,India,,CLOSED LOST,,Other Campaigns,,Rohan Mehta,2025-11-14,3/3/2026,"Other - walked into our office without an appointment. Left voicemail, will retry.",,,,73
100236355,Aisha,Schmidt,,,Reyes Studio,aisha.schmidt@reyes.com.au,+63 982 726 8825,Philippines,,Closed Lost ,Sales Qualified Lead,Other Campaigns,,Wei Chen,4/5/2026,,"Other - walked into our office without an appointment. Great fit, prioritizing.",,,,
100236356,Elijah,Larsen,,Founder,Lindqvist AB Pte. Ltd.,elijah.l@lindqvistab.com.au,+66 8 4238 1293,Thailand,,Contacted,Customer,,,Priya Nair,2025-11-19,11/19/2025,"Met her at the APAC Logistics Summit booth, scanned our QR code.",,,,42
100236357,Catarina,Lim,,Head of Growth,Mekong Co,c.lim@mekong.sg,+54 9 11 2920-6409,Argentina,,Contacted,Marketing Qualified Lead,Social Media,,Elena Popescu,12/16/2025,2026-05-12,Saw our post about replacing hubspot and commented. No response yet.,,,,57
100236358,Nadia,Osei,,Operations Lead,Sim Robotics Trading,nadiao@simrobotics.net,+351 95 374 8446,Portugal,,opportunity,Lead,Offline Sources,,Priya Nair,2026-05-02,2026-06-07,"Spoke with them at our TechCrunch Disrupt booth, no QR scan logged. Very interested, wants pricing call.",,,,
100236359,Nadia,Osei,,Operations Lead,Sim Robotics Holdings,n.osei@simrobotics.net,351953748446,portugal,,Opportunity,Lead,Offline Sources,,Priya Nair,2026-05-02T00:00:00Z,2026-06-07,"Spoke with them at our TechCrunch Disrupt booth, no QR scan logged. Very interested, wants pricing call. possible duplicate — verify before contacting.",,,,
100236360,Sarah,Al-Farsi,,,Han Imports Ltd,s.al-farsi@hanimports.net,+351 95 823 9197,Portugal,,NEW,Sales Qualified Lead,,,Fatima Rahman,2025-12-17,2026-03-22,Manual - added after inbound phone call.,,,,59
100236361,Freya,Teo,,,Lindqvist AB Trading,f.teo@lindqvistab.com,+62 859-5527-3137,Indonesia,,Closed Won,Opportunity,Offline Sources,,Noah Bennett,12/26/2025,2026-04-02T00:00:00Z,"He scanned our QR code at the Singapore FinTech Festival 2026 booth. Left voicemail, will retry.",,,,80
100236362,Yuki,Camara,,Finance Manager,GreenLeaf Ltd,yuki.camara@greenleaf.com.au,+65 9522 8224,Singapore,,closed won,,Other Campaigns,,Fatima Rahman,2026-03-03,2026-04-25,Other - reached out via our general info@ inbox. Qualifying now.,,,,
100236363,Tiago,Fall,,,Goh Digital Inc,tiago.f@gohdigital.com,+30 696 860 7937,Greece,, New,Marketing Qualified Lead,,,Diego Alvarez,2025-11-25,,"Filled out the form on the product tour page. Connected, sending proposal.",,,,
100236364,Antoine,Adjei,,,Saigon Inc,antoine.a@saigon.co,+52 55 9586 2889,Mexico,,QUALIFIED,,Other Campaigns,,Rohan Mehta,1/6/2026,2026-01-06,Other - reached out via our general info@ inbox.,,,,40
100236365,Lucas,Ivanova,,,Ferrari Consulting Co.,lucas.ivanova@ferrariconsulting.sg,+233 24 194 1008,Ghana,,Closed Lost,Opportunity,,,Noah Bennett,2026-02-12T00:00:00Z,2026-05-04T00:00:00Z,"Referred by Bruno Diallo, warm intro.",,,,
100236366,Olivia,Hossain,,Marketing Director,Sato Freight,olivia.h@sato.io,+61 478 326 977,Australia,,New ,Other,Other Campaigns,,Rohan Mehta ,2025-10-15,,Other - reached out via our general info@ inbox. Not interested for now.,,,,
100236367,Seo-yeon,Rao,,Head of Growth,Muller GmbH Robotics,seo-yeon.rao@mullergmbh.sg,+971 58 939 3433,UAE,,Closed Won,Sales Qualified Lead,Organic Search,,Marcus Wong,2025-11-02T00:00:00Z,,Googled us and ended up on the homepage before booking a demo.,,,,
100236368,Tom,Oh,,,Santos Ltda Pte. Ltd.,tom.o@santosltda.biz,+31 6 3069 2200,Netherlands,,Closed Won ,Lead,,,Noah Bennett,2026-05-20,2026-05-21,Found us through organic google search then landed on the case study page. Qualifying now.,,,,
100236369,Adam,Bennett,,Head of Growth,Hansen Digital Robotics,adamb@hansendigital.net,+45 20 65 14 51,Denmark,,Closed Lost,,Direct Traffic,,Diego Alvarez,10/23/2025,,"Filled out the form on the product tour page. Left voicemail, will retry.",,,,
100236370,Wei,Pedersen,,Founder,Chua Textiles Labs,weip@chuatextiles.net,+971 56 154 2826,UAE,,opportunity,,,,Rohan Mehta,2025-12-26,3/6/2026,"He scanned our QR code at the Retail Asia Expo booth. Connected, sending proposal.",,,,
100236371,Luca,Lim,,,Delta Trading Co,lucal@delta.com.au,+91 97397 57554,India,,Closed Won,Marketing Qualified Lead,Offline Sources,,Marcus Wong,5/6/2026,2026-05-26,He scanned our QR code at the Singapore FinTech Festival 2026 booth. Not interested for now.,,,,
100236372,Luca,Lim,,,Delta Trading Co.,luca.lim@delta.com.au,919739757554,India,,CLOSED WON,Marketing Qualified Lead,Offline Sources,,Marcus Wong,2026-05-06T00:00:00Z,,He scanned our QR code at the Singapore FinTech Festival 2026 booth. Not interested for now.,,,,
100236373,Priya,Kone,,Marketing Director,Johnson Pte. Ltd.,p.kone@johnson.sg,+92 340 2291254,Pakistan,,Qualified,Other,,,Marcus Wong,2025-10-17,,"Found us through organic google search then landed on the contact page. Great fit, prioritizing.",,,,88
100236374,George,Marino,,VP Sales,Larsen AS Holdings,g.marino@larsenas.com.au,+91 95510 30996,India,,Contacted,Marketing Qualified Lead,Social Media,,Marcus Wong,2025-12-04,2026-04-07,"Linkedin dm inbound asking about pricing. Left voicemail, will retry.",,,,
100236375,Rohan,Yeo,,,Teo Consulting Freight Solutions,r.yeo@teoconsulting.sg,+91 76604 51359,India,,Closed Lost ,Opportunity,,,Fatima Rahman,2026-05-09,,Filled out the form on the book-a-demo page.,,,,
100236376,Vikram,Johnson,,Marketing Director,Kowalski Freight,v.johnson@kowalski.co,+39 354 990 1035,Italy,,Closed Won,,,,Elena Popescu,2026-03-06,2026-06-08,Manual - added after inbound phone call. Qualifying now.,,,,
100236377,Zainab,Koh,,,Patel Fintech Inc.,z.koh@patelfintech.com,+45 21 23 94 91,Denmark,,New,Marketing Qualified Lead,,,Fatima Rahman,9/26/2025,9/26/2025,Connected on LinkedIn after commenting on our post.,,,,
100236378,Elena,Kowalski,,VP Sales,Koh & Sons Co,elena.k@kohsons.com,+44 7968 889167,United Kingdom,,Connected ,Other,,,Hana Kobayashi,2025-10-01,,Found us through organic google search then landed on the book-a-demo page.,,,,
100236379,Zainab,Ong,,,Reyes Retail Group,zainab.ong@reyes.com,+61 467 169 481,Australia,,New,Customer,Referrals,,Fatima Rahman,10/9/2025,,"Referred by Rin Alves, warm intro. Great fit, prioritizing.",,,,
100236380,,,Z. Ong,,Reyes Retail Co.,zainabong@reyes.com,61467169481,Australia,,New,Customer,Referrals,,Fatima Rahman,2025-10-09,2026-05-12T00:00:00Z,"Referred by Rin Alves, warm intro. Great fit, prioritizing. possible duplicate — verify before contacting.",,,,
100236381,Adam,Toure,,,Zahra Ventures,a.toure@zahra.com.au,+61 443 665 840,Australia,,New,Other,,,Marcus Wong,5/20/2026,,"Referred by Amir Seo, warm intro.",,,,
100236382,Ahmed,Lim,,,Ng Freight Consulting,ahmedl@ngfreight.sg,+86 135 4847 4544,China,,CLOSED LOST,Lead,Other Campaigns,,Hana Kobayashi,2025-09-09,2026-04-10,"Manual - added after inbound phone call. Very interested, wants pricing call.",,,,
100236383,Ahmed,Lim,,,Ng Freight Holdings,ahmedl@ngfreight.sg,+86 135 4847 4544,China,,closed lost,Lead,Other Campaigns,,Hana Kobayashi,2025-09-09,2026-04-10,"Manual - added after inbound phone call. Very interested, wants pricing call. possible duplicate — verify before contacting.",,,,
100236384,Sigrid,Rahman,,,Reddy Holdings Co.,s.rahman@reddyholdings.sg,+60 17-199 9822,Malaysia,,Opportunity,Marketing Qualified Lead,,,Priya Nair,2025-09-08,2026-03-16,Connected on LinkedIn after commenting on our post.,,,,
100236385,Min-jun,Reyes,,Finance Manager,Rao Ventures Holdings,m.reyes@raoventures.net,+60 16-833 4585,Malaysia,,Qualified,,Direct Traffic,,Hana Kobayashi ,2025-11-01,11/1/2025,Filled out the form on the homepage. Qualifying now.,,,,
100236386,Min-jun,Reyes,,Finance Manager,Rao Ventures Inc,min-junreyes@raoventures.net,60168334585,Malaysia,,qualified,,Direct Traffic,,Hana Kobayashi,2025-11-01,2025-11-01T00:00:00Z,Filled out the form on the homepage. Qualifying now.,,,,
100236387,Min-jun,Reyes,,Finance Manager,Rao Ventures Ltd,min-junreyes@raoventures.net,60168334585,Malaysia,, Qualified,,Direct Traffic,,Hana Kobayashi,2025-11-01T00:00:00Z,2025-11-01,Filled out the form on the homepage. Qualifying now.,,,,
100236388,Ha-eun,Hoffmann,,Head of Growth,Goh Digital and Co,h.hoffmann@gohdigital.com,+84 91 846 7448,Vietnam,,Closed Lost,Opportunity,Other Campaigns,,Grace Osei,1/3/2026,,"Other - walked into our office without an appointment. Left voicemail, will retry.",,,,
100236389,Linh,Huang,,Marketing Director,Mensah Trading and Co,linhh@mensahtrading.sg,+46 70 631 42 10,Sweden,,new,Lead,,,Priya Nair,2026-01-29,2026-01-29,"Googled us and ended up on the contact page before booking a demo. Connected, sending proposal.",,,,
100236390,Noah,Singh,,,Johnson Inc.,noah.s@johnson.co,+7 917 185 34 77,Russia,,new,Other,Other Campaigns,,Hana Kobayashi,2026-02-17,2026-02-28,Other - walked into our office without an appointment.,,,,
100236391,Rania,Tanaka,,,Bakker Pte Ltd,rania.tanaka@bakker.sg,+234 805 172 8091,Nigeria,,Closed Lost,Sales Qualified Lead,Paid Search,,Hana Kobayashi,2026-05-06,2026-06-17,Booked a demo via the book-a-demo page after clicking a google ad.,,,,
100236392,,,R. Tanaka,,Bakker Trading Co,rania.tanaka@bakker.sg,2348051728091,Nigeria,,Closed Lost ,Sales Qualified Lead,Paid Search,,Hana Kobayashi,2026-05-06T00:00:00Z,2026-06-17T00:00:00Z,Booked a demo via the book-a-demo page after clicking a google ad. possible duplicate — verify before contacting.,,,,
100236393,Daniel,Ferreira,,Marketing Director,Lau Ventures,daniel.ferreira@lau.net,+66 7 8273 3080,Thailand,,Connected,Other,,,Diego Alvarez,2026-05-11,2026-06-18T00:00:00Z,Filled out the form on the homepage. No response yet.,,,,
100236394,,,Daniel Ferreira,Marketing Director,Lau Freight Solutions,danielf@lau.net,66782733080,Thailand,,Connected ,Other,,,Diego Alvarez,5/11/2026,,Filled out the form on the homepage. No response yet.,,,,
100236395,Julien,Christensen,,,Kim Trading Retail Group,j.christensen@kimtrading.sg,+233 26 782 8820,Ghana,,Qualified,,Social Media,,Diego Alvarez,2026-04-29,5/27/2026,"Linkedin dm inbound asking about pricing. Connected, sending proposal.",,,,
100236396,Elin,Rossi,,Marketing Director,Lotus Finance Trading,elin.rossi@lotusfinance.net,+66 6 4108 6976,Thailand,,CONTACTED,Opportunity,,,Diego Alvarez,2025-11-04,2026-04-21,"Referred by Ethan Martinez, warm intro. Very interested, wants pricing call.",,,,
100236397,Elin,Rossi,,Marketing Director,Lotus Finance Freight,elinrossi@lotusfinance.net,+66 6 4108 6976,Thailand,,Contacted,Opportunity,,,Diego Alvarez,2025-11-04T00:00:00Z,4/21/2026,"Referred by Ethan Martinez, warm intro. Very interested, wants pricing call. possible duplicate — verify before contacting.",,,,
100236398,Luca,Pedersen,,Head of Growth,Ferrari Consulting Inc,luca.pedersen@ferrariconsulting.co,+34 667 966 967,Spain,,Qualified,Lead,,,Wei Chen,3/6/2026,2026-06-09,"Scanned the QR code at our Money20/20 Asia booth. Connected, sending proposal.",,,,
100236399,Lucas,Jensen,,,Bennett and Co,lucasj@bennett.biz,+34 653 850 444,Spain,,Closed Lost,Other,,,Hana Kobayashi,2026-03-19,,"Connected on LinkedIn after commenting on our post. Connected, sending proposal.",,,,62
100236400,Marco,Silva,,Operations Lead,Chua Textiles Freight Solutions,m.silva@chuatextiles.biz,+233 26 685 6357,Ghana,,Closed Lost,Customer,Other Campaigns,,Rohan Mehta,5/13/2026,,"Manual - added after inbound phone call. Very interested, wants pricing call.",,,,72
100236401,Pooja,Wu,,Head of Growth,Yap Ventures Retail Group,poojaw@yapventures.net,+852 7147 1927,Hong Kong,,qualified,Customer,,,Noah Bennett,10/23/2025,2025-12-19T00:00:00Z,Linkedin dm inbound asking about pricing.,,,,
100236402,Marco,Yeo,,,Kowalski Co,marco.yeo@kowalski.co,+86 136 2211 6712,China,,Qualified,Customer,Referrals,,Hana Kobayashi,5/30/2026,2026-05-30,"Referred by Noah Jung, warm intro. Not interested for now.",,,,28
100236403,Adam,Ang,,Marketing Director,Diallo Imports Trading Co,a.ang@dialloimports.com.au,+49 169 5721220,Germany,,new,Customer,Referrals,,Priya Nair,2025-10-17T00:00:00Z,4/7/2026,"Referred by Ahmed Zahra, warm intro.",,,,
100236404,Aiko,Ferrari,,Head of Growth,Ferrari Consulting Labs,aiko.ferrari@ferrariconsulting.co,+66 7 1450 4089,Thailand,,Closed Won,Marketing Qualified Lead,Other Campaigns,,Elena Popescu,10/1/2025,,Other - reached out via our general info@ inbox. Qualifying now.,,,,
100236405,Vikram,Ng,,,Chua Textiles Group,v.ng@chuatextiles.sg,+233 27 347 6021,Ghana,,Closed Lost,Customer,,,Grace Osei,2025-09-28,,Filled out the form on the homepage. Not interested for now.,,,,
100236406,Vikram,Ng,,,Chua Textiles Trading,v.ng@chuatextiles.sg,233273476021,Ghana,,closed lost,Customer,,,Grace Osei,9/28/2025,10/2/2025,Filled out the form on the homepage. Not interested for now. possible duplicate — verify before contacting.,,,,
100236407,Chidi,Greco,,Head of Growth,Rao Ventures Solutions,c.greco@raoventures.com.au,+55 11 99626-5397,Brazil,,Closed Won,Customer,,,Marcus Wong,2025-11-27,3/18/2026,Saw our post about replacing hubspot and commented. Not interested for now.,,,,
100236408,Kofi,Sy,,,Athens Retail Analytics,kofi.sy@athensretail.co,+45 27 38 19 95,Denmark,,opportunity,Lead,Offline Sources,,Wei Chen,2025-09-10,,Scanned the QR code at our Singapore FinTech Festival 2026 booth. Qualifying now.,,,,
100236409,Lars,Gomes,,VP Sales,Ferrari Consulting Group,lars.g@ferrariconsulting.com.au,+1 566 555 0140,United States,,New,Lead,Other Campaigns,,Elena Popescu,2025-12-17,,Manually added by sales after a phone call from a cold outreach list. No response yet.,,,,
100236410,,,Lars Gomes,VP Sales,Ferrari Consulting Analytics,lars.gomes@ferrariconsulting.com.au,+1 566 555 0140,United States,,New,Lead,Other Campaigns,,Elena Popescu,2025-12-17,,Manually added by sales after a phone call from a cold outreach list. No response yet. possible duplicate — verify before contacting.,,,,
100236411,Diego,Malik,,Marketing Director,Huang Analytics Freight Solutions,diego.m@huanganalytics.net,+61 468 318 341,Australia,,Closed Won,Customer,Direct Traffic,,Hana Kobayashi,9/23/2025,,"Filled out the form on the pricing page. Connected, sending proposal.",,,,
100236412,Kenji,Kumar,,Finance Manager,Lindqvist AB Trading Co,k.kumar@lindqvistab.com,+52 55 7246 6482,Mexico,,connected,,Other Campaigns,,Elena Popescu,2026-04-07,2026-04-13T00:00:00Z,"Met at the booth during Retail Asia Expo, said they'd follow up over email. Left voicemail, will retry.",,,,
100236413,Ravi,Agyemang,,Marketing Director,Zhang Holdings,r.agyemang@zhang.biz,+62 824-6373-7659,Indonesia,, New,,,,Wei Chen,5/5/2026,2026-05-17,Filled out the form on the comparison-vs-hubspot page. Not interested for now.,,,,
100236414,Rin,Agyemang,,Founder,Zhang Holdings,rin.agyemang@zhang.biz,+48 651 997 369,Poland,,Closed Lost,Other,Organic Search,,Rohan Mehta,2026-04-01,6/2/2026,Found us through organic google search then landed on the comparison-vs-hubspot page. Not interested for now.,,,,
100236415,Benjamin,Sorensen,,,Chen Digital Holdings,benjamin.s@chendigital.co,+63 981 274 7578,Philippines,,qualified,Other,,,Rohan Mehta,2026-03-15T00:00:00Z,2026-04-25,"Filled out the form on the comparison-vs-hubspot page. Connected, sending proposal.",,,,
100236416,Aisha,Gomes,,Head of Growth,Yap Ventures Freight Solutions,aisha.gomes@yapventures.co,+62 852-3029-4724,Indonesia,,Qualified,Other,,,Rohan Mehta,2026-04-01,,Linkedin dm inbound asking about pricing.,,,,
100236417,Abena,Gomes,,,Yap Ventures Freight Solutions,abena.gomes@yapventures.co,+54 9 11 2274-5336,Argentina,,Contacted,Opportunity,,,Grace Osei,2026-04-30,2026-05-14,"Referred by Sigrid Muller, warm intro.",,,,
100236418,Elin,Adjei,,Operations Lead,Rao Ventures Inc,elin.adjei@raoventures.biz,+65 9584 5102,Singapore,,CONTACTED,Customer,,,Diego Alvarez,3/8/2026,,Scanned the QR code at our APAC Logistics Summit booth.,,,,
100236419,George,Zhao,,VP Sales,Foster Retail Group,g.zhao@foster.com.au,+81 81-3595-8413,Japan,,Contacted,Other,,,Grace Osei,5/7/2026,5/19/2026,Linkedin dm inbound asking about pricing.,,,,
100236420,Ngozi,Rodrigues,,,Adeyemi Logistics Partners,ngozi.rodrigues@adeyemilogistics.com,+92 320 6741868,Pakistan,,CLOSED WON,Opportunity,,,Wei Chen,2025-10-02,5/2/2026,He scanned our QR code at the Singapore FinTech Festival 2026 booth.,,,,
100236421,Rania,Marino,,VP Sales,Mekong Consulting,raniam@mekong.co,+86 135 3019 7413,China,,Qualified,Opportunity,Other Campaigns,,Marcus Wong,2026-04-12T00:00:00Z,,Other - reached out via our general info@ inbox. No response yet.,,,,
100236422,Kofi,Costa,,Marketing Director,Teo Consulting Inc.,kofi.costa@teoconsulting.net,+91 75825 52759,India,,Closed Won,Sales Qualified Lead,,,Grace Osei,2025-09-24T00:00:00Z,10/4/2025,Booked a demo via the book-a-demo page after clicking a google ad.,,,,
100236423,Ines,Park,,Head of Growth,Wang Manufacturing Group,ines.park@wangmanufacturing.com,+84 90 547 7381,Vietnam,,Connected,Customer,Direct Traffic,,Diego Alvarez,5/22/2026,,Filled out the form on the blog post on lead scoring.,,,,
100236424,Camille,Hossain,,Founder,Williams Labs,c.hossain@williams.net,+233 25 738 1087,Ghana,,Connected,Sales Qualified Lead,Direct Traffic,,Hana Kobayashi,2025-09-27,2026-03-07,"Filled out the form on the blog post on lead scoring. Connected, sending proposal.",,,,82
100236425,Camille,Boateng,,Head of Growth,Ferrari Consulting Pte. Ltd.,camille.boateng@ferrariconsulting.net,+54 9 11 6370-9043,Argentina,,Connected,Sales Qualified Lead,Direct Traffic,,Hana Kobayashi,2025-12-17,2026-04-26,Filled out the form on the comparison-vs-hubspot page. Not interested for now.,,,,40
100236426,Camille,Boateng,,Head of Growth,Ferrari Consulting Labs,camilleb@ferrariconsulting.net,5491163709043,Argentina,,CONNECTED,Sales Qualified Lead,Direct Traffic,,Hana Kobayashi,2025-12-17,,Filled out the form on the comparison-vs-hubspot page. Not interested for now.,,,,40
100236427,Camille,Boateng,,Head of Growth,Ferrari Consulting Ventures,camilleb@ferrariconsulting.net,5491163709043,Argentina,,Connected,Sales Qualified Lead,Direct Traffic,,Hana Kobayashi,2025-12-17,2026-04-26,Filled out the form on the comparison-vs-hubspot page. Not interested for now. possible duplicate — verify before contacting.,,,,40
100236428,Kevin,Rao,,,Nord Pte Ltd,kevin.rao@nord.biz,+234 805 747 1683,Nigeria,,Connected,Other,,,Grace Osei,2025-10-05,,Googled us and ended up on the homepage before booking a demo. Qualifying now.,,,,
100236429,Isabelle,Nair,,Marketing Director,Chen Digital Co,i.nair@chendigital.net,+84 96 152 7012,Vietnam,,QUALIFIED,Marketing Qualified Lead,,,Noah Bennett,2025-09-24T00:00:00Z,,"Found us through organic google search then landed on the book-a-demo page. Left voicemail, will retry.",,,,
100236430,Vikram,Chua,,Marketing Director,Kilat Retail Co.,vikramc@kilatretail.sg,+852 5773 6017,Hong Kong,,closed lost,Sales Qualified Lead,Referrals,,Elena Popescu,1/22/2026,2026-05-09,"Referred by George Ndiaye, warm intro. Great fit, prioritizing.",,,,
100236431,Luca,Wagner,,Operations Lead,Mensah Trading & Co,luca.wagner@mensahtrading.biz,+82 10-4251-1128,South Korea,,Connected,Marketing Qualified Lead,Social Media,,Fatima Rahman,2026-01-02,,Connected on LinkedIn after commenting on our post. Qualifying now.,,,,38
100236432,Luca,Wagner,,Operations Lead,Mensah Trading & and Co,lucawagner@mensahtrading.biz,+82 10-4251-1128,South Korea,,CONNECTED,Marketing Qualified Lead,Social Media,,Fatima Rahman,2026-01-02,,Connected on LinkedIn after commenting on our post. Qualifying now. possible duplicate — verify before contacting.,,,,38
100236433,,,L. Wagner,Operations Lead,Mensah Trading & Robotics,lucawagner@mensahtrading.biz,+82 10-4251-1128,South Korea,,Connected,Marketing Qualified Lead,Social Media,,Fatima Rahman,2026-01-02,5/14/2026,Connected on LinkedIn after commenting on our post. Qualifying now.,,,,38
100236434,Valentina,Zhang,,,Park Biotech Pte Ltd,v.zhang@parkbiotech.com,+31 6 8604 9191,Netherlands,,New,Other,Other Campaigns,,Hana Kobayashi,2026-03-05T00:00:00Z,2026-03-05,Manual - added after inbound phone call.,,,,
100236435,Zara,Petersen,,,Li Consulting Ltd,zara.p@liconsulting.sg,+65 8487 7536,Singapore,,closed won,,Direct Traffic,,Rohan Mehta,2026-05-27T00:00:00Z,5/27/2026,"Filled out the form on the product tour page. Connected, sending proposal.",,,,
100236436,Marcus,Verma,,VP Sales,Nord Studio,marcus.v@nord.com.au,+971 50 322 3020,UAE,,NEW,Customer,,,Priya Nair,2026-05-30T00:00:00Z,2026-06-16,"Manual - added after inbound phone call. Connected, sending proposal.",,,,
100236437,Seo-yeon,Ferreira,,Finance Manager,Popescu Freight Solutions,s.ferreira@popescu.sg,+48 515 287 202,Poland,,Contacted,Lead,,,Rohan Mehta,2025-09-16,2026-04-20,Filled out the form on the contact page.,,,,
100236438,Ava,Ferreira,,Finance Manager,Popescu Freight Solutions,ava.ferreira@popescu.sg,+44 7924 212108,United Kingdom,,Contacted,Opportunity,Other Campaigns,,Rohan Mehta,2026-05-29,2026-06-07T00:00:00Z,Other - walked into our office without an appointment. No response yet.,,,,
100236439,George,Andersen,,,Liu Trading Trading,georgea@liutrading.io,+233 29 716 5514,Ghana,,Closed Lost,Sales Qualified Lead,Other Campaigns,,Fatima Rahman,2025-12-10,,Other - walked into our office without an appointment. Not interested for now.,,,,
100236440,Lars,Almeida,,Finance Manager,Malik Trading,lars.almeida@malik.co,+81 80-8245-8356,Japan,, Connected,Opportunity,,,Noah Bennett,2025-11-11,11/11/2025,"Referred by Matteo Santos, warm intro. Very interested, wants pricing call.",,,,
100236441,Amir,Patel,,VP Sales,Adeyemi Logistics Co,amir.p@adeyemilogistics.io,+233 29 377 1715,Ghana,,qualified,Other,,,Priya Nair,2025-10-21,,"Found us through organic google search then landed on the blog post on lead scoring. Left voicemail, will retry.",,,,
100236442,Tiago,Kone,,Head of Growth,Reyes Consulting,tiagok@reyes.biz,+7 993 613 63 33,Russia,,Opportunity,Opportunity,,,Noah Bennett,10/15/2025,,Booked a demo via the book-a-demo page after clicking a google ad. Not interested for now.,,,,
100236443,Wei Chen,Wagner,,Head of Growth,Reyes & Co,weichenw@reyes.biz,+65 9132 1856,Singapore,,Closed Lost,Lead,,,Wei Chen,2026-04-08,,Filled out the form on the pricing page.,,,,
100236444,Min-jun,Kapoor,,,Bakker Group,m.kapoor@bakker.biz,+63 916 198 8775,Philippines,,Opportunity,,,,Diego Alvarez,3/24/2026,2026-03-24,Manual - added after inbound phone call.,,,,
100236445,Sophia,Patel,,,Teo Consulting Co.,sophia.patel@teoconsulting.io,+30 697 482 7551,Greece,,Opportunity,Lead,,,Priya Nair,4/18/2026,2026-04-18T00:00:00Z,Saw our post about replacing hubspot and commented.,,,,
100236446,Elin,Hoffmann,,Head of Growth,Rossi SRL and Co,elinh@rossisrl.io,+46 70 881 95 62,sweden,,Connected,Marketing Qualified Lead,,,Noah Bennett,2026-03-02T00:00:00Z,,Googled us and ended up on the blog post on lead scoring before booking a demo. Not interested for now.,,,,72
100236447,Ines,Sorensen,,,Kowalski Studio,ines.s@kowalski.biz,+45 29 33 17 43,Denmark,,Closed Lost,Lead,Other Campaigns,,Grace Osei,2026-02-13,2026-05-25,"Other - walked into our office without an appointment. Left voicemail, will retry.",,,,
100236448,Antoine,Marino,,Head of Growth,Huang Analytics Group,antoinem@huanganalytics.biz,+1 433 555 0199,United States,,Closed Lost,Marketing Qualified Lead,,,Elena Popescu,2/6/2026,6/2/2026,Linkedin dm inbound asking about pricing.,,,,
100236449,Pedro,Kang,,Marketing Director,Liu Trading Group,pedro.kang@liutrading.com,+30 698 742 2220,Greece,,new,Lead,Other Campaigns,,Elena Popescu,2026-04-15,2026-05-22,Other - walked into our office without an appointment. Qualifying now.,,,,
100236450,Camille,Sim,,Finance Manager,Tanaka Labs,camille.sim@tanaka.com,+39 381 472 8693,Italy,,OPPORTUNITY,Customer,Direct Traffic,,Elena Popescu,10/16/2025,2026-05-21T00:00:00Z,"Filled out the form on the comparison-vs-hubspot page. Connected, sending proposal.",,,,
100236451,Sigrid,Aina,,,Ang Analytics Pte Ltd,s.aina@anganalytics.sg,+62 840-6386-5791,Indonesia,,Contacted,Sales Qualified Lead,,,Hana Kobayashi,2026-06-04,2026-06-12,"Filled out the form on the pricing page. Left voicemail, will retry.",,,,
100236452,Seo-yeon,Huang,,,Bennett Solutions,s.huang@bennett.com.au,+212 6 91 68 16 72,Morocco,,New,Sales Qualified Lead,Paid Search,,Priya Nair,2026-04-16,4/16/2026,"Booked a demo via the book-a-demo page after clicking a google ad. Very interested, wants pricing call.",,,,
100236453,So-young,Colombo,,,Ho Bros Robotics,so-young.colombo@hobros.sg,+33 6 72 15 71 75,France,,Opportunity,,,,Fatima Rahman,4/14/2026,,Saw our post about replacing hubspot and commented.,,,,
100236454,Sora,Tanaka,,Finance Manager,Schmidt AG Labs,s.tanaka@schmidtag.com.au,+55 11 96936-8411,Brazil,,Closed Lost,Customer,Direct Traffic,,Wei Chen,2026-05-28T00:00:00Z,6/1/2026,"Filled out the form on the pricing page. Very interested, wants pricing call.",,,,
100236455,Omar,Camara,,Marketing Director,Wang Manufacturing Analytics,o.camara@wangmanufacturing.io,+61 419 763 556,Australia,,Opportunity,,,,Fatima Rahman,10/7/2025,,"Referred by Antoine Appiah, warm intro.",,,,
100236456,Wei,Lim,,Marketing Director,Teo Consulting Trading Co,weil@teoconsulting.co,+52 55 8603 1924,Mexico,,closed won,Lead,Organic Search,,Grace Osei,2025-11-01T00:00:00Z,2026-01-23,Googled us and ended up on the pricing page before booking a demo.,,,,
100236457,Jia Hui,Sorensen,,,Tanaka Trading,j.sorensen@tanaka.net,+92 360 9650608,Pakistan,,Closed Lost,Customer,Direct Traffic,,Hana Kobayashi,2026-02-10,,"Filled out the form on the case study page. Connected, sending proposal.",,,,
100236458,Jia Hui,Sorensen,,,Tanaka Group,jiahuis@tanaka.net,+92 360 9650608,Pakistan,,CLOSED LOST,Customer,Direct Traffic,,Hana Kobayashi,2026-02-10,2026-03-01T00:00:00Z,"Filled out the form on the case study page. Connected, sending proposal. possible duplicate — verify before contacting.",,,,
100236459,Kwame,Ang,,Founder,Han Imports Freight,kwamea@hanimports.io,+65 8885 9079,Singapore,,qualified,Other,,,Marcus Wong,2026-03-01T00:00:00Z,2026-03-30T00:00:00Z,Manual - added after inbound phone call.,,,,34
100236460,Kwame,Ang,,Founder,Han Imports Digital,k.ang@hanimports.io,+65 8885 9079,Singapore,,qualified,Other,,,Marcus Wong,2026-03-01,2026-03-30T00:00:00Z,Manual - added after inbound phone call. possible duplicate — verify before contacting.,,,,34
100236461,Elin,Fall,,Founder,Owusu Freight Ltd,elinf@owusufreight.biz,+84 94 340 5458,Vietnam,,New,,,,Marcus Wong,2025-09-01,2026-03-20T00:00:00Z,"Referred by Xiu Ying Ricci, warm intro. Connected, sending proposal.",,,,
100236462,Luca,Andersen,,Head of Growth,Costa Trading Ltd,luca.andersen@costatrading.net,+39 340 543 9513,Italy,,Connected,Customer,Referrals,,Priya Nair,11/17/2025,2025-11-30,"Referred by Meera Koch, warm intro.",,,,
100236463,Mia,Kumar,,,Zahra Robotics,miak@zahra.net,+880 1856-725382,Bangladesh,,NEW,Opportunity,,,Rohan Mehta,2025-10-06,,"Met at the booth during SaaStr Annual, said they'd follow up over email. Very interested, wants pricing call.",,,,
100236464,Elin,Patel,,VP Sales,Bakker Pte. Ltd.,elin.patel@bakker.co,+81 84-8688-8259,Japan,,Opportunity,Opportunity,,,Fatima Rahman,2025-10-24,2026-01-04,Connected on LinkedIn after commenting on our post.,,,,
100236465,Elin,Patel,,VP Sales,Bakker Ventures,elinp@bakker.co,+81 84-8688-8259,Japan,,Opportunity,Opportunity,,,Fatima Rahman,2025-10-24,,Connected on LinkedIn after commenting on our post. possible duplicate — verify before contacting.,,,,
100236466,Catarina,Muller,,Marketing Director,Yap Ventures Trading Co,catarina.m@yapventures.io,+33 6 74 33 99 39,france,,New,,,,Priya Nair,6/19/2026,2026-06-19,Filled out the form on the comparison-vs-hubspot page. No response yet.,,,,
100236467,Rachel,Ho,,Operations Lead,Diallo Imports Trading,rachel.ho@dialloimports.sg,+49 150 9987580,Germany,,contacted,Customer,,,Wei Chen,1/29/2026,5/12/2026,Found us through organic google search then landed on the book-a-demo page.,,,,
100236468,Nadia,Larsen,,Marketing Director,Lindqvist AB Ltd,n.larsen@lindqvistab.net,+81 90-2027-6973,Japan,,new,Customer,,,Marcus Wong,1/2/2026,2026-05-30,Filled out the form on the pricing page. Not interested for now.,,,,75
100236469,Elijah,Huang,,VP Sales,Rossi SRL Solutions,elijah.huang@rossisrl.com.au,+62 889-3630-8110,Indonesia,,CLOSED WON,,Social Media,,Rohan Mehta,2025-09-28,2025-09-28,"Linkedin dm inbound asking about pricing. Very interested, wants pricing call.",,,,57
100236470,Ibrahim,Gupta,,,Saigon Pte Ltd,ibrahim.g@saigon.sg,+84 98 130 6608,vietnam,,closed lost,Customer,,,Grace Osei,2026-06-11,2026-06-11,Googled us and ended up on the product tour page before booking a demo. Not interested for now.,,,,
100236471,Freya,Ang,,,Reddy Holdings Freight,freyaa@reddyholdings.co,+212 6 63 43 92 22,Morocco,,Opportunity,Sales Qualified Lead,,,Elena Popescu,2026-02-25,3/24/2026,"Met at the booth during Retail Asia Expo, said they'd follow up over email. Qualifying now.",,,,
100236472,Matteo,Hansen,,,Zhang Holdings,matteoh@zhang.com.au,+880 1732-630741,Bangladesh,,CONTACTED,Marketing Qualified Lead,,,Elena Popescu,2026-03-04T00:00:00Z,4/6/2026,"Spoke with them at our TechCrunch Disrupt booth, no QR scan logged.",,,,
100236473,Bashir,Malik,,,Osei Partners,bashirm@osei.net,+351 92 260 4355,Portugal,,QUALIFIED,Sales Qualified Lead,Organic Search,,Priya Nair,5/17/2026,,Googled us and ended up on the product tour page before booking a demo. No response yet.,,,,
100236474,Chiara,Rossi,,,Zahra Trading Co,chiara.rossi@zahra.io,+234 804 328 7124,Nigeria,,New,Lead,,,Noah Bennett,2026-01-11,2026-04-04,"Filled out the form on the pricing page. Great fit, prioritizing.",,,,
100236475,Layla,Chua,,Operations Lead,Schmidt AG Analytics,layla.chua@schmidtag.sg,+7 930 745 91 56,Russia,,Closed Won,Customer,Offline Sources,,Hana Kobayashi,2025-12-21,5/4/2026,He scanned our QR code at the Retail Asia Expo booth.,,,,
100236476,,,Layla Chua,Operations Lead,Schmidt AG Inc.,laylachua@schmidtag.sg,+7 930 745 91 56,Russia,,CLOSED WON,Customer,Offline Sources,,Hana Kobayashi,2025-12-21,2026-05-04,He scanned our QR code at the Retail Asia Expo booth. possible duplicate — verify before contacting.,,,,
100236477,Sara,Santos,,,Huang Analytics Trading Co,sara.s@huanganalytics.io,+66 7 8202 9800,Thailand,,Qualified ,Lead,Organic Search,,Rohan Mehta,2025-09-16,3/5/2026,Found us through organic google search then landed on the homepage.,,,,
100236478,Ama,Sun,,,Boateng Digital Holdings,a.sun@boatengdigital.com,+45 26 29 31 29,Denmark,,New,Customer,,,Fatima Rahman,2026-01-22,2026-03-28,Manually added by sales after a phone call from a cold outreach list.,,,,
100236479,Aiko,Frimpong,,Founder,Lumen Trading,a.frimpong@lumen.biz,+52 55 3489 3308,Mexico,,NEW,Opportunity,,,Wei Chen,2026-05-23,,Scanned the QR code at our Web Summit 2026 booth. No response yet.,,,,
100236480,Ismail,Ang,,VP Sales,Athens Retail Pte. Ltd.,ismail.a@athensretail.biz,+46 70 175 27 37,Sweden,,connected,Marketing Qualified Lead,,,Rohan Mehta,2026-05-29T00:00:00Z,,Manually added by sales after a phone call from a cold outreach list.,,,,20
100236481,Oluwaseun,Santos,,,GreenLeaf Retail Group,oluwaseuns@greenleaf.co,+33 6 44 36 72 27,France,,closed won,Lead,,,Fatima Rahman,11/28/2025,,"Manual - added after inbound phone call. Very interested, wants pricing call.",,,,
100236482,Ravi,Seo,,,Ang Analytics Group,r.seo@anganalytics.biz,+63 985 580 8998,Philippines,,Connected,,,,Noah Bennett,5/21/2026,5/29/2026,"Met at the booth during London Tech Week, said they'd follow up over email.",,,,
100236483,Kwame,Toure,,,Yoon Retail Digital,kwame.t@yoonretail.co,+65 8158 3148,Singapore,,Closed Lost,Marketing Qualified Lead,Social Media,,Marcus Wong,2025-11-08,,"Linkedin dm inbound asking about pricing. Connected, sending proposal.",,,,
100236484,,,K. Toure,,Yoon Retail Co,kwame.toure@yoonretail.co,6581583148,Singapore,,CLOSED LOST,Marketing Qualified Lead,Social Media,,Marcus Wong,2025-11-08T00:00:00Z,,"Linkedin dm inbound asking about pricing. Connected, sending proposal. possible duplicate — verify before contacting.",,,,
100236485,Hui Fang,Han,,,Delta Pte. Ltd.,huifang.han@delta.com,+212 6 87 94 33 51,Morocco,,New,Marketing Qualified Lead,,,Noah Bennett,11/26/2025,2026-04-14,"Referred by Benjamin Yoon, warm intro.",,,,92
100236486,Ama,Osei,,,Muller GmbH & Co,ama.o@mullergmbh.net,+63 969 607 3340,Philippines,, Qualified,Marketing Qualified Lead,Other Campaigns,,Priya Nair,2026-01-23,,"Other - walked into our office without an appointment. Very interested, wants pricing call.",,,,
100236487,Farah,Silva,,,Zahra Ltd,farahs@zahra.com,+49 162 3005164,Germany,,Qualified ,Marketing Qualified Lead,Other Campaigns,,Priya Nair,2026-03-05T00:00:00Z,6/16/2026,"Manual - added after inbound phone call. Left voicemail, will retry.",,,,
100236488,Jonathan,Andersen,,Head of Growth,Athens Retail Retail Group,j.andersen@athensretail.net,+39 376 746 7874,Italy,,Qualified,Sales Qualified Lead,,,Fatima Rahman,2025-12-31,,Filled out the form on the blog post on lead scoring. Not interested for now.,,,,
100236489,Ngozi,Johnson,,Marketing Director,Chen Digital Solutions,ngozi.johnson@chendigital.co,+66 8 8053 9511,Thailand,,Contacted,Other,Other Campaigns,,Marcus Wong,2026-01-16,1/17/2026,"Other - walked into our office without an appointment. Left voicemail, will retry.",,,,
100236490,Vikram,Goh,,,Zhang Ventures,vikram.goh@zhang.com,+82 10-4499-3771,South Korea,,New,Lead,Social Media,,Noah Bennett,2026-02-26,2026-02-26T00:00:00Z,"Saw our post about replacing hubspot and commented. Very interested, wants pricing call.",,,,
100236491,Ama,Greco,,Operations Lead,Ng Freight Consulting,ama.greco@ngfreight.net,+49 162 2579470,Germany,,Qualified,Other,,,Wei Chen,11/14/2025,2026-03-25,"Referred by Divya Kim, warm intro. No response yet.",,,,
100236492,Matteo,Greco,,Founder,Ng Freight Consulting,matteog@ngfreight.net,+1 491 555 0162,United States,,Qualified,,,,Diego Alvarez,2025-10-16,,"Met at the booth during Dubai FinTech Week, said they'd follow up over email. Qualifying now.",,,,
100236493,Haruto,Dubois,,,Reyes Studio,haruto.d@reyes.com,+34 649 581 300,Spain,,Connected,Opportunity,,,Diego Alvarez,2025-11-09,,"Met her at the TechCrunch Disrupt booth, scanned our QR code.",,,,
100236494,Erik,Iyer,,,BluePeak Inc.,e.iyer@bluepeak.net,+30 691 550 5843,Greece,,New,Opportunity,Other Campaigns,,Priya Nair,2026-04-08,,"Spoke with them at our Web Summit 2026 booth, no QR scan logged. Left voicemail, will retry.",,,,
100236495,Michael,Jensen,,Marketing Director,Popescu Freight,michael.jensen@popescu.com,+48 563 559 728,Poland,,New,Sales Qualified Lead,Offline Sources,,Rohan Mehta ,2026-01-16T00:00:00Z,2026-06-06T00:00:00Z,"He scanned our QR code at the SaaStr Annual booth. Left voicemail, will retry.",,,,
100236496,Ahmed,Ferrari,,,Santos Ltda Inc.,ahmed.ferrari@santosltda.net,+48 572 495 384,Poland,,CLOSED LOST,Opportunity,Direct Traffic,,Hana Kobayashi,3/12/2026,2026-05-22T00:00:00Z,Filled out the form on the contact page. No response yet.,,,,
100236497,Priya,Toure,,,Ng Freight Pte Ltd,p.toure@ngfreight.com.au,+55 11 98076-2962,Brazil,,NEW,Marketing Qualified Lead,Direct Traffic,,Rohan Mehta,2026-02-24T00:00:00Z,2026-06-01,"Filled out the form on the comparison-vs-hubspot page. Great fit, prioritizing.",,,,
100236498,George,Martins,,VP Sales,Rao Ventures Inc,george.martins@raoventures.net,+34 633 642 976,Spain,,Contacted,,Offline Sources,,Elena Popescu,2025-09-22,3/14/2026,"Spoke with them at our APAC Logistics Summit booth, no QR scan logged.",,,,
100236499,Noah,Ho,,Operations Lead,Choi Logistics Retail Group,noah.ho@choilogistics.com,+39 340 964 9021,Italy,,NEW,Customer,,,Hana Kobayashi,2025-09-18,2026-05-24,Googled us and ended up on the comparison-vs-hubspot page before booking a demo.,,,,
100236500,Laura,Owusu,,,Verma Consulting Consulting,laura.o@vermaconsulting.sg,+7 987 422 86 69,Russia,,Opportunity,Marketing Qualified Lead,Organic Search,,Elena Popescu,2026-03-13,2026-05-04,"Found us through organic google search then landed on the product tour page. Connected, sending proposal.",,,,
100236501,Hassan,Wu,,,Mekong & Co,h.wu@mekong.co,+60 18-506 9492,Malaysia,,Closed Lost,,Social Media,,Fatima Rahman,2025-11-16,,"Linkedin dm inbound asking about pricing. Very interested, wants pricing call.",,,,
100236502,Nadia,Koch,,,Verma Consulting Digital,n.koch@vermaconsulting.co,+212 6 41 78 15 18,Morocco,,Contacted,Lead,Other Campaigns,,Rohan Mehta,2026-01-13,2026-02-01,"Met at the booth during Dubai FinTech Week, said they'd follow up over email. Great fit, prioritizing.",,,,
100236503,Chiara,Oh,,,Singh Logistics Group,chiarao@singhlogistics.com,+45 25 63 49 67,Denmark,,contacted,Lead,Referrals,,Marcus Wong,2026-03-22,5/2/2026,"Referred by Adaeze Weber, warm intro. Not interested for now.",,,,86
100236504,Charlotte,Weber,,,Popescu Trading Co,charlotte.weber@popescu.com,+33 6 18 75 97 89,France,, New,,Direct Traffic,,Wei Chen,1/23/2026,5/5/2026,"Filled out the form on the homepage. Very interested, wants pricing call.",,,,
100236505,Aiko,Yap,,,Yang Freight Ventures,a.yap@yangfreight.com,+971 52 881 3485,UAE,,OPPORTUNITY,Other,Organic Search,,Fatima Rahman,2026-05-25,5/25/2026,"Found us through organic google search then landed on the pricing page. Great fit, prioritizing.",,,,
100236506,Tunde,Al-Farsi,,,Foster & Co,tunde.a@foster.biz,+82 10-3643-8985,South Korea,,closed won,Other,Paid Search,,Rohan Mehta,2025-10-23,2026-01-24,Booked a demo via the book-a-demo page after clicking a google ad. Qualifying now.,,,,
100236507,,,Tunde Al-Farsi,,Foster & Partners,tundea@foster.biz,821036438985,South Korea,,CLOSED WON,Other,Paid Search,,Rohan Mehta,2025-10-23,2026-01-24,Booked a demo via the book-a-demo page after clicking a google ad. Qualifying now.,,,,
100236508,Salma,Gomes,,VP Sales,Sim Robotics Pte Ltd,salma.gomes@simrobotics.co,+44 7745 537726,United Kingdom,,Qualified,Customer,Organic Search,,Marcus Wong,11/28/2025,2026-05-18,Googled us and ended up on the blog post on lead scoring before booking a demo.,,,,
100236509,Seo-yeon,Liu,,,Asante Retail Trading Co,s.liu@asanteretail.com.au,+44 7789 144813,United Kingdom,,Qualified ,Marketing Qualified Lead,,,Diego Alvarez,2026-05-20,2026-06-16,Manual - added after inbound phone call.,,,,
100236510,,,Seo-yeon Liu,,Asante Retail Trading Analytics,seo-yeon.liu@asanteretail.com.au,+44 7789 144813,United Kingdom,,Qualified ,Marketing Qualified Lead,,,Diego Alvarez,2026-05-20T00:00:00Z,,Manual - added after inbound phone call.,,,,
100236511,Farah,Kowalski,,Founder,Tanaka Digital,farahk@tanaka.co,+40 743 319 935,Romania,,Qualified ,Customer,Other Campaigns,,Rohan Mehta,4/6/2026,2026-06-06,Other - walked into our office without an appointment. Not interested for now.,,,,
100236512,,,Farah Kowalski,Founder,Tanaka Labs,farah.kowalski@tanaka.co,40743319935,Romania,,Qualified,Customer,Other Campaigns,,Rohan Mehta,2026-04-06,2026-06-06,Other - walked into our office without an appointment. Not interested for now. possible duplicate — verify before contacting.,,,,
100236513,Giulia,Ba,,,Lotus Finance Ltd,giuliab@lotusfinance.net,+34 638 450 593,Spain,,Qualified,Opportunity,,,Hana Kobayashi,2026-05-27T00:00:00Z,,"Manual - added after inbound phone call. Great fit, prioritizing.",,,,
100236514,Jia Hui,Chua,,Founder,Rao Ventures Trading,jiahuic@raoventures.com,+82 10-5401-5374,South Korea,, Connected,Lead,Social Media,,Wei Chen,2/27/2026,2026-04-17T00:00:00Z,Connected on LinkedIn after commenting on our post.,,,,
100236515,Adam,Russo,,Operations Lead,Gupta Textiles Co.,a.russo@guptatextiles.net,+31 6 1041 4650,Netherlands,,CLOSED WON,,Organic Search,,Rohan Mehta,2025-09-16T00:00:00Z,5/25/2026,"Googled us and ended up on the homepage before booking a demo. Great fit, prioritizing.",,,,
100236516,Antoine,Russo,,Finance Manager,Gupta Textiles Co.,antoiner@guptatextiles.net,+44 7765 752719,United Kingdom,, Connected,Lead,Organic Search,,Wei Chen,4/30/2026,2026-06-06T00:00:00Z,"Found us through organic google search then landed on the case study page. Very interested, wants pricing call.",,,,
100236517,Antoine,Lee,,,Mensah Trading Trading,antoinel@mensahtrading.com,+45 27 36 76 90,Denmark,,Closed Won,,,,Diego Alvarez,2025-10-30,2025-10-30,"Connected on LinkedIn after commenting on our post. Very interested, wants pricing call.",,,,
100236518,Jia Hui,Reddy,,,Tanaka Consulting,jiahui.r@tanaka.sg,+66 6 5806 4488,Thailand,,Contacted,,,,Noah Bennett,2026-04-20,,"Filled out the form on the case study page. Very interested, wants pricing call.",,,,
100236519,Sanjay,Ferrari,,Head of Growth,Jung Studio Trading,sanjay.ferrari@jungstudio.biz,+54 9 11 2889-9419,Argentina,,QUALIFIED,,,,Grace Osei,2026-05-23,2026-06-01T00:00:00Z,"Met her at the Singapore FinTech Festival 2026 booth, scanned our QR code. Left voicemail, will retry.",,,,
100236520,Jia Hui,Ng,,Founder,Li Consulting Studio,jiahui.ng@liconsulting.io,+31 6 5821 4529,Netherlands,,New,Other,Other Campaigns,,Wei Chen,2025-10-14,2025-12-23T00:00:00Z,Other - reached out via our general info@ inbox. No response yet.,,,,
100236521,Karim,Patel,,Founder,Williams Co.,karimp@williams.sg,+971 58 302 8242,UAE,,Closed Lost,Lead,,,Grace Osei,10/26/2025,11/8/2025,Googled us and ended up on the blog post on lead scoring before booking a demo. Not interested for now.,,,,
100236522,Kwame,Andersen,,,Osei Ltd,kwame.a@osei.com.au,+233 25 436 8398,Ghana,,OPPORTUNITY,Lead,,,Wei Chen,2025-09-16,2026-02-19T00:00:00Z,"Found us through organic google search then landed on the pricing page. Connected, sending proposal.",,,,
100236523,Matteo,Sun,,Head of Growth,Rao Ventures Ventures,matteo.s@raoventures.sg,+65 9630 7944,Singapore,,Contacted,Customer,Other Campaigns,,Marcus Wong,2026-01-31,2026-01-31,Manual - added after inbound phone call. Qualifying now.,,,,
100236524,Ibrahim,Andersen,,Operations Lead,Kim Trading Ltd,ibrahima@kimtrading.com,+33 6 68 93 30 80,France,,Qualified,Sales Qualified Lead,Direct Traffic,,Priya Nair,2026-04-22T00:00:00Z,,"Filled out the form on the blog post on lead scoring. Connected, sending proposal.",,,,
100236525,Laura,Bakar,,Marketing Director,Kim Trading Retail Group,laura.b@kimtrading.co,+233 27 100 8695,Ghana,,Connected,Lead,,,Marcus Wong,12/7/2025,5/28/2026,"Referred by Zara Boateng, warm intro. Not interested for now.",,,,
100236526,Laura,Bakar,,Marketing Director,Kim Trading Retail Ventures,laura.bakar@kimtrading.co,233271008695,Ghana,,Connected ,Lead,,,Marcus Wong,2025-12-07,,"Referred by Zara Boateng, warm intro. Not interested for now. possible duplicate — verify before contacting.",,,,
100236527,Ngozi,Jung,,Marketing Director,Mensah Trading Inc,ngozi.jung@mensahtrading.io,+852 6862 7718,Hong Kong,, Contacted,Sales Qualified Lead,,,Elena Popescu,2026-05-23,2026-05-23,"Referred by Adaeze Schmidt, warm intro. Connected, sending proposal.",,,,
100236528,Wei Ming,Verma,,Marketing Director,Nord Inc,weiming.v@nord.biz,+48 543 149 653,poland,,closed lost,Lead,Organic Search,,Marcus Wong,2025-11-30,2026-05-06,Found us through organic google search then landed on the comparison-vs-hubspot page.,,,,
100236529,Isabelle,Hossain,,VP Sales,Larsen AS Studio,i.hossain@larsenas.io,+852 5904 6179,Hong Kong,,CONTACTED,,Other Campaigns,,Diego Alvarez,2025-09-08,11/9/2025,Other - reached out via our general info@ inbox. No response yet.,,,,
100236530,Sophia,Li,,,Lau Holdings,sophial@lau.sg,+91 70652 22278,India,,OPPORTUNITY,Sales Qualified Lead,,,Diego Alvarez,2026-02-12,2026-05-19T00:00:00Z,He scanned our QR code at the Web Summit 2026 booth. No response yet.,,,,
100236531,Layla,Meyer,,Founder,Popescu Inc.,laylam@popescu.io,+7 957 817 56 46,Russia,, Qualified,Other,,,Marcus Wong,2025-11-05T00:00:00Z,5/28/2026,"Scanned the QR code at our London Tech Week booth. Very interested, wants pricing call.",,,,
100236532,Pedro,Papadopoulos,,Founder,Weber Analytics Freight,pedrop@weberanalytics.io,+61 453 997 934,Australia,,Closed Lost,Sales Qualified Lead,,,Wei Chen,2026-02-23T00:00:00Z,2026-06-07T00:00:00Z,Saw our post about replacing hubspot and commented.,,,,
100236533,Linh,Liu,,Finance Manager,Singh Logistics and Co,linh.liu@singhlogistics.net,+212 6 96 44 89 21,Morocco,,opportunity,,,,Grace Osei,2025-09-10,,Filled out the form on the homepage.,,,,
100236534,Erik,Tanaka,,Marketing Director,Delta Analytics,erik.t@delta.co,+61 491 550 259,Australia,,Connected,Marketing Qualified Lead,,,Priya Nair,2025-12-28,12/28/2025,"Linkedin dm inbound asking about pricing. Left voicemail, will retry.",,,,
100236535,Erik,Tanaka,,Marketing Director,Delta Robotics,e.tanaka@delta.co,61491550259,Australia,,Connected,Marketing Qualified Lead,,,Priya Nair,2025-12-28,2025-12-28,"Linkedin dm inbound asking about pricing. Left voicemail, will retry. possible duplicate — verify before contacting.",,,,
100236536,Farid,Li,,VP Sales,Rao Ventures Retail Group,f.li@raoventures.biz,+92 390 3668559,Pakistan,,Qualified ,Marketing Qualified Lead,,,Priya Nair,2026-02-17T00:00:00Z,2026-05-26,Manual - added after inbound phone call.,,,,
100236537,Youssef,Rao,,VP Sales,Osei Pte Ltd,youssefr@osei.com.au,+66 8 8289 9961,Thailand,,qualified,Customer,,,Wei Chen,2026-05-30,2026-05-30,Manual - added after inbound phone call.,,,,
100236538,Beatriz,Rao,,VP Sales,Sayed Trading Retail Group,beatriz.rao@sayedtrading.biz,+971 54 449 7873,UAE,, Contacted,Other,,,Grace Osei,2026-03-13,3/13/2026,Filled out the form on the homepage.,,,,
100236539,,,Beatriz Rao,VP Sales,Sayed Trading Retail Ventures,beatrizr@sayedtrading.biz,+971 54 449 7873,UAE,,Contacted,Other,,,Grace Osei,2026-03-13,2026-03-13,Filled out the form on the homepage. possible duplicate — verify before contacting.,,,,
100236540,Kenji,Rodrigues,,,Al-Farsi Solutions,k.rodrigues@al-farsi.io,+63 929 405 5184,Philippines,,Closed Won,,Referrals,,Diego Alvarez,2025-09-07,1/5/2026,"Referred by Chiara Foster, warm intro.",,,,
100236541,Salma,Kowalski,,,Weber Analytics Ltd,salma.k@weberanalytics.biz,+30 697 381 8920,Greece,,New,Lead,,,Hana Kobayashi,12/22/2025,,Booked a demo via the book-a-demo page after clicking a google ad.,,,,
100236542,Salma,Kowalski,,,Weber Analytics Inc,s.kowalski@weberanalytics.biz,306973818920,Greece,,New,Lead,,,Hana Kobayashi,2025-12-22T00:00:00Z,4/14/2026,Booked a demo via the book-a-demo page after clicking a google ad. possible duplicate — verify before contacting.,,,,
100236543,,,S. Kowalski,,Weber Analytics Analytics,salmak@weberanalytics.biz,306973818920,Greece,,NEW,Lead,,,Hana Kobayashi,2025-12-22,2026-04-14,Booked a demo via the book-a-demo page after clicking a google ad. possible duplicate — verify before contacting.,,,,
100236544,Abena,Yang,,Head of Growth,Lindqvist AB Solutions,abena.yang@lindqvistab.com,+48 512 909 502,Poland,,NEW,Opportunity,Social Media,,Hana Kobayashi,12/31/2025,2026-04-26,Saw our post about replacing hubspot and commented.,,,,
100236545,Miguel,Zhang,,,Gupta Textiles Retail Group,miguel.z@guptatextiles.com,+84 95 885 7401,Vietnam,,connected,Opportunity,,,Noah Bennett,2026-02-17T00:00:00Z,4/5/2026,Linkedin dm inbound asking about pricing. Qualifying now.,,,,
100236546,Francesca,Osei,,,Diallo Imports Pte Ltd,f.osei@dialloimports.net,+233 28 389 9846,Ghana,,closed lost,,,,Noah Bennett,2026-02-09,2/20/2026,"Linkedin dm inbound asking about pricing. Left voicemail, will retry.",,,,
100236547,,,F. Osei,,Diallo Imports Solutions,francescao@dialloimports.net,233283899846,Ghana,,Closed Lost,,,,Noah Bennett,2/9/2026,,"Linkedin dm inbound asking about pricing. Left voicemail, will retry. possible duplicate — verify before contacting.",,,,
100236548,Francesca,Osei,,,Diallo Imports Consulting,francesca.osei@dialloimports.net,233283899846,Ghana,,Closed Lost,,,,Noah Bennett,2026-02-09,2026-02-20,"Linkedin dm inbound asking about pricing. Left voicemail, will retry.",,,,
100236549,Zara,Kone,,Finance Manager,Santos Ltda Freight,zara.kone@santosltda.io,+54 9 11 1867-5230,Argentina,,Opportunity,,Other Campaigns,,Priya Nair,2026-06-02,6/18/2026,Manually added by sales after a phone call from a cold outreach list.,,,,
100236550,Kevin,Bennett,,,Patel Fintech Inc,kevin.b@patelfintech.biz,+52 55 2731 1012,Mexico,,Opportunity,Customer,,,Marcus Wong,2026-04-21,,Connected on LinkedIn after commenting on our post.,,,,
100236551,Chidi,Bennett,,,Patel Fintech Inc,chidi.b@patelfintech.biz,+46 70 203 47 70,Sweden,,Contacted,Sales Qualified Lead,Offline Sources,,Elena Popescu,2/7/2026,2026-05-03,"Spoke with them at our Dubai FinTech Week booth, no QR scan logged. No response yet.",,,,
100236552,Mia,Ba,,Founder,Delta Retail Group,mia.ba@delta.sg,+1 942 555 0120,United States,, Closed Lost,Other,,,Fatima Rahman,2026-05-04,2026-05-05,He scanned our QR code at the Singapore FinTech Festival 2026 booth.,,,,
100236553,Noah,Han,,Head of Growth,Zhang Group,noah.h@zhang.sg,+91 81035 87464,India,,Qualified,Lead,Referrals,,Marcus Wong,3/5/2026,2026-05-26T00:00:00Z,"Referred by Hui Fang Oh, warm intro. Great fit, prioritizing.",,,,
100236554,,,Noah Han,Head of Growth,Zhang Robotics,noah.han@zhang.sg,918103587464,India,,Qualified,Lead,Referrals,,Marcus Wong,2026-03-05,2026-05-26,"Referred by Hui Fang Oh, warm intro. Great fit, prioritizing. possible duplicate — verify before contacting.",,,,
100236555,Beatriz,Yoon,,Operations Lead,Bennett Co.,b.yoon@bennett.co,+30 694 429 8128,Greece,,Opportunity,Lead,,,Rohan Mehta,2026-05-14,,Googled us and ended up on the homepage before booking a demo.,,,,
100236556,Anna,Park,,Head of Growth,Reyes Ventures,annap@reyes.io,+52 55 8913 1396,Mexico,,OPPORTUNITY,Other,,,Wei Chen,2026-02-19,,Manually added by sales after a phone call from a cold outreach list. No response yet.,,,,
100236557,Priscilla,Silva,,,Liu Trading Partners,priscilla.s@liutrading.sg,+40 748 372 107,Romania,,Connected ,,,,Marcus Wong,2026-04-15T00:00:00Z,,Googled us and ended up on the product tour page before booking a demo.,,,,
100236558,Bashir,Koh,,VP Sales,Cruz & Partners & Co,b.koh@cruzpartners.co,+46 70 435 43 92,Sweden,,Qualified ,Lead,,,Grace Osei,2025-09-04,,Filled out the form on the product tour page. No response yet.,,,,
100236559,Amir,Ricci,,,Kilat Retail Solutions,a.ricci@kilatretail.com.au,+852 7721 5688,Hong Kong,, Opportunity,Marketing Qualified Lead,,,Wei Chen,1/10/2026,2026-03-24,Filled out the form on the book-a-demo page.,,,,
100236560,Hassan,Lim,,Head of Growth,Li Consulting Group,hassan.l@liconsulting.biz,+1 781 555 0182,United States,,Closed Lost,Other,,,Marcus Wong,2025-11-26,2026-04-04,"Filled out the form on the blog post on lead scoring. Great fit, prioritizing.",,,,
100236561,Charlotte,Boateng,,,Williams Ventures,c.boateng@williams.co,+65 8797 8387,Singapore,,Connected,Sales Qualified Lead,,,Hana Kobayashi,2026-06-19,2026-06-19,"Met her at the London Tech Week booth, scanned our QR code. Left voicemail, will retry.",,,,
100236562,Ama,Asante,,,Kim Trading Group,a.asante@kimtrading.com,+44 7937 541221,United Kingdom,,Connected ,Sales Qualified Lead,Social Media,,Wei Chen,2026-04-01,,Connected on LinkedIn after commenting on our post.,,,,
100236563,Ama,Asante,,,Kim Trading Pte Ltd,ama.asante@kimtrading.com,+44 7937 541221,United Kingdom,,CONNECTED,Sales Qualified Lead,Social Media,,Wei Chen,2026-04-01,2026-06-11,Connected on LinkedIn after commenting on our post.,,,,
100236564,Ama,Asante,,,Kim Trading Partners,amaasante@kimtrading.com,+44 7937 541221,United Kingdom,,Connected,Sales Qualified Lead,Social Media,,Wei Chen,4/1/2026,,Connected on LinkedIn after commenting on our post.,,,,
100236565,Bruno,Ho,,,Weber Analytics Trading Co,b.ho@weberanalytics.com.au,+880 1509-841976,Bangladesh,,OPPORTUNITY,Opportunity,Organic Search,,Noah Bennett,3/20/2026,,Found us through organic google search then landed on the case study page. Not interested for now.,,,,
100236566,Priya,Meyer,,,Osei Partners,p.meyer@osei.net,+46 70 697 31 59,Sweden,,Contacted,Customer,Referrals,,Elena Popescu,6/4/2026,2026-06-12,"Referred by Jun Wei Lau, warm intro. Qualifying now.",,,,
100236567,Mia,Wu,,Head of Growth,Johnson Co.,mia.wu@johnson.biz,+7 920 778 86 13,Russia,,Connected,Sales Qualified Lead,,,Rohan Mehta,2026-05-08T00:00:00Z,2026-05-09T00:00:00Z,Manually added by sales after a phone call from a cold outreach list.,,,,
100236568,Ha-eun,Ng,,VP Sales,Li Consulting Co,ha-eun.ng@liconsulting.sg,+49 160 5416755,Germany,,opportunity,Lead,,,Marcus Wong,6/15/2026,2026-06-15,Connected on LinkedIn after commenting on our post. No response yet.,,,,
100236569,Rui,Schmidt,,Founder,Kowalski Partners,rui.schmidt@kowalski.net,+234 803 121 1914,Nigeria,,Opportunity,Other,Offline Sources,,Priya Nair,2026-03-02,3/4/2026,Scanned the QR code at our Dubai FinTech Week booth. No response yet.,,,,
100236570,Julien,Aina,,Marketing Director,Huang Analytics Partners,julien.a@huanganalytics.co,+65 8206 6561,Singapore,,Closed Lost,Other,Organic Search,,Rohan Mehta,2025-10-27,2025-10-27,"Googled us and ended up on the homepage before booking a demo. Connected, sending proposal.",,,,
100236571,Nils,Williams,,,Athens Retail and Co,nils.w@athensretail.net,+84 99 468 8750,Vietnam,,Closed Lost,Opportunity,Organic Search,,Wei Chen ,1/26/2026,5/30/2026,"Found us through organic google search then landed on the contact page. Great fit, prioritizing.",,,,
100236572,Nils,Williams,,,Athens Retail and Digital,n.williams@athensretail.net,84994688750,Vietnam,,Closed Lost,Opportunity,Organic Search,,Wei Chen,1/26/2026,2026-05-30,"Found us through organic google search then landed on the contact page. Great fit, prioritizing. possible duplicate — verify before contacting.",,,,
100236573,David,Mensah,,Finance Manager,Mensah Trading Labs,davidm@mensahtrading.sg,+212 6 41 37 65 81,Morocco,,Closed Won ,Other,,,Wei Chen,2026-05-15,2026-06-08,Booked a demo via the book-a-demo page after clicking a google ad. No response yet.,,,,
100236574,Sora,Rasmussen,,Head of Growth,Goh Digital Co,sora.r@gohdigital.biz,+46 70 995 75 70,Sweden,,new,Marketing Qualified Lead,,,Priya Nair,2025-09-27,9/27/2025,"Booked a demo via the book-a-demo page after clicking a google ad. Very interested, wants pricing call.",,,,
100236575,Sven,Tan,,,Tanaka Inc,svent@tanaka.biz,+351 91 436 7318,Portugal,,contacted,,Referrals,,Fatima Rahman,2026-05-05T00:00:00Z,5/5/2026,"Referred by So-young Tanaka, warm intro. Great fit, prioritizing.",,,,
100236576,Amir,Carvalho,,,Hansen Digital Freight,a.carvalho@hansendigital.io,+91 79463 20034,India,, Opportunity,Other,Social Media,,Elena Popescu,2026-04-24,2026-06-19,"Connected on LinkedIn after commenting on our post. Great fit, prioritizing.",,,,
100236577,,,Amir Carvalho,,Hansen Digital Studio,amir.carvalho@hansendigital.io,+91 79463 20034,India,,Opportunity,Other,Social Media,,Elena Popescu,2026-04-24,2026-06-19,"Connected on LinkedIn after commenting on our post. Great fit, prioritizing.",,,,
100236578,Pooja,Andersen,,,Johnson Ventures,p.andersen@johnson.com.au,+55 11 97847-2335,Brazil,,Qualified,Other,,,Marcus Wong,2026-05-28,2026-06-11T00:00:00Z,"Booked a demo via the book-a-demo page after clicking a google ad. Great fit, prioritizing.",,,,
100236579,Farid,Nguyen,,Finance Manager,Muller GmbH Co.,farid.nguyen@mullergmbh.biz,+82 10-7879-1325,South Korea,,Connected,Sales Qualified Lead,,,Hana Kobayashi,2026-02-01,2026-02-01,Filled out the form on the comparison-vs-hubspot page. Qualifying now.,,,,
100236580,Chloe,Lim,,,Teo Consulting & Co,c.lim@teoconsulting.sg,+86 138 4961 6710,China,,Opportunity,Sales Qualified Lead,,,Marcus Wong,11/27/2025,2026-06-10,Filled out the form on the comparison-vs-hubspot page. Qualifying now.,,,,
100236581,Kwame,Ang,,Founder,Boateng Digital Digital,k.ang@boatengdigital.co,+39 346 902 5636,Italy,,OPPORTUNITY,Marketing Qualified Lead,Other Campaigns,,Rohan Mehta,2026-03-30,2026-06-01,Manually added by sales after a phone call from a cold outreach list.,,,,
100236582,Adam,Reddy,,,Malik Co.,adam.r@malik.co,+65 8765 7149,Singapore,,Contacted,Marketing Qualified Lead,Referrals,,Grace Osei,3/23/2026,2026-05-13T00:00:00Z,"Referred by Antoine Hossain, warm intro. No response yet.",,,,
100236583,Anna,Kim,,,Liu Trading Ventures,anna.kim@liutrading.co,+33 6 94 49 78 56,France,,Contacted,Opportunity,Organic Search,,Priya Nair,2025-11-12T00:00:00Z,,"Found us through organic google search then landed on the product tour page. Connected, sending proposal.",,,,
100236584,Laura,Han,,,Yoon Retail Pte Ltd,laurah@yoonretail.co,+52 55 3215 8754,Mexico,, Connected,,,,Wei Chen,2025-12-10,2026-04-18,"Linkedin dm inbound asking about pricing. Great fit, prioritizing.",,,,
100236585,Ethan,Russo,,Operations Lead,Martinez Trading,ethan.russo@martinez.com.au,+63 954 833 6891,philippines,,qualified,Other,Social Media,,Fatima Rahman,2025-12-13,,"Saw our post about replacing hubspot and commented. Very interested, wants pricing call.",,,,56
100236586,Oluwaseun,Russo,,,Martinez Trading,oluwaseun.russo@martinez.com.au,+40 761 647 506,Romania,,Closed Won,Customer,Organic Search,,Hana Kobayashi,2025-11-08T00:00:00Z,12/21/2025,Googled us and ended up on the pricing page before booking a demo.,,,,
100236587,Karim,Sy,,Operations Lead,Rao Ventures Holdings,karim.sy@raoventures.com.au,+66 8 3408 1809,Thailand,,Closed Won,Marketing Qualified Lead,Direct Traffic,,Rohan Mehta,3/23/2026,,"Filled out the form on the blog post on lead scoring. Great fit, prioritizing.",,,,
100236588,Carlos,Al-Sayed,,,Bennett Studio,c.al-sayed@bennett.io,+31 6 4929 1366,Netherlands,,contacted,Marketing Qualified Lead,,,Wei Chen,2025-09-29,2025-09-29,Scanned the QR code at our Web Summit 2026 booth. Qualifying now.,,,,
100236589,Carlos,Al-Sayed,,,Bennett Holdings,c.al-sayed@bennett.io,+31 6 4929 1366,Netherlands,,CONTACTED,Marketing Qualified Lead,,,Wei Chen,2025-09-29T00:00:00Z,,Scanned the QR code at our Web Summit 2026 booth. Qualifying now.,,,,
100236590,Rui,Sharma,,Head of Growth,Sayed Trading Solutions,rui.s@sayedtrading.net,+31 6 1917 9804,netherlands,,Closed Won,,,,Elena Popescu,2026-04-21,2026-06-19,Booked a demo via the book-a-demo page after clicking a google ad.,,,,44
100236591,Rui,Sharma,,Head of Growth,Sayed Trading Co.,rui.sharma@sayedtrading.net,+31 6 1917 9804,Netherlands,,Closed Won,,,,Elena Popescu,2026-04-21,6/19/2026,Booked a demo via the book-a-demo page after clicking a google ad. possible duplicate — verify before contacting.,,,,44
100236592,Ananya,Boateng,,,Boateng Digital Freight,ananya.b@boatengdigital.com.au,+971 57 300 9911,UAE,,Closed Lost,Other,Offline Sources,,Wei Chen,2026-02-01,2026-06-09,"Spoke with them at our TechCrunch Disrupt booth, no QR scan logged. Qualifying now.",,,,
100236593,Amir,Goh,,,Osei Studio,amir.g@osei.com,+91 85903 99343,India,,new,,,,Elena Popescu,2026-01-28,2026-02-07,"Filled out the form on the book-a-demo page. Connected, sending proposal.",,,,
100236594,Mia,Oh,,,Rossi SRL Freight Solutions,miao@rossisrl.biz,+63 945 524 3560,Philippines,,Closed Lost,Customer,,,Fatima Rahman,2025-12-10,4/6/2026,"Found us through organic google search then landed on the case study page. Great fit, prioritizing.",,,,
100236595,Xiu Ying,Liu,,,Rao Ventures Labs,xiuyingl@raoventures.biz,+39 375 593 6921,Italy,,opportunity,Sales Qualified Lead,,,Priya Nair ,2026-05-19,2026-05-30T00:00:00Z,Booked a demo via the book-a-demo page after clicking a google ad.,,,,
100236596,Ravi,Rasmussen,,VP Sales,Asante Retail Trading,ravi.r@asanteretail.biz,+31 6 8641 6735,Netherlands,,CONTACTED,Other,,,Elena Popescu,2025-10-21,2025-12-23T00:00:00Z,Manual - added after inbound phone call.,,,,
100236597,,,Ravi Rasmussen,VP Sales,Asante Retail Inc.,ravir@asanteretail.biz,+31 6 8641 6735,Netherlands,,CONTACTED,Other,,,Elena Popescu,10/21/2025,2025-12-23T00:00:00Z,Manual - added after inbound phone call.,,,,
100236598,Ravi,Rasmussen,,VP Sales,Asante Retail Freight,ravir@asanteretail.biz,+31 6 8641 6735,Netherlands,,Contacted,Other,,,Elena Popescu,2025-10-21,2025-12-23T00:00:00Z,Manual - added after inbound phone call. possible duplicate — verify before contacting.,,,,
100236599,Ji-woo,Fischer,,,Martinez Pte. Ltd.,j.fischer@martinez.io,+7 944 274 46 51,Russia,,Closed Won,Marketing Qualified Lead,Direct Traffic,,Wei Chen,2025-09-13T00:00:00Z,2026-01-29T00:00:00Z,"Filled out the form on the blog post on lead scoring. Very interested, wants pricing call.",,,,
100236600,Ibrahim,Xu,,,Ivanova Inc,ibrahim.xu@ivanova.com,+39 383 963 7738,Italy,,opportunity,Marketing Qualified Lead,Direct Traffic,,Priya Nair,2026-03-06,2026-03-15,Filled out the form on the homepage. No response yet.,,,,
100236601,Ananya,Singh,,Finance Manager,Saigon Trading Co,a.singh@saigon.biz,+63 969 774 1490,Philippines,,Qualified,Customer,,,Marcus Wong,9/21/2025,10/9/2025,Scanned the QR code at our TechCrunch Disrupt booth.,,,,
100236602,Hana,Pham,,,Asante Retail Freight,hana.pham@asanteretail.net,+971 52 815 4151,UAE,,CLOSED LOST,Lead,,,Diego Alvarez,6/19/2026,2026-06-19T00:00:00Z,"Found us through organic google search then landed on the blog post on lead scoring. Connected, sending proposal.",,,,
100236603,Hana,Pham,,,Asante Retail Consulting,hana.pham@asanteretail.net,971528154151,UAE,,Closed Lost,Lead,,,Diego Alvarez,2026-06-19,,"Found us through organic google search then landed on the blog post on lead scoring. Connected, sending proposal. possible duplicate — verify before contacting.",,,,
100236604,Yasmin,Papadopoulos,,,Bennett and Co,y.papadopoulos@bennett.com.au,+34 619 440 512,Spain,,NEW,Customer,Other Campaigns,,Grace Osei,2025-11-01,,Other - reached out via our general info@ inbox.,,,,49
100236605,Marco,Al-Farsi,,,Al-Farsi Robotics,m.al-farsi@al-farsi.co,+33 6 24 14 60 23,France,,Closed Lost,,,,Noah Bennett,2026-02-14,,Found us through organic google search then landed on the product tour page. No response yet.,,,,
100236606,Grace,Alves,,,Li Consulting Group,g.alves@liconsulting.co,+46 70 120 80 76,Sweden,,Qualified,Other,,,Priya Nair,4/8/2026,4/24/2026,Found us through organic google search then landed on the blog post on lead scoring.,,,,
100236607,Sora,Reyes,,,GreenLeaf Studio,sora.reyes@greenleaf.com.au,+880 1939-573610,Bangladesh,,Closed Lost,Lead,,,Elena Popescu,11/9/2025,2026-06-13,"Filled out the form on the homepage. Connected, sending proposal.",,,,
100236608,Ibrahim,Weber,,,Lotus Finance Retail Group,ibrahim.w@lotusfinance.io,+44 7972 844312,United Kingdom,,Qualified,Other,,,Elena Popescu,3/21/2026,,"Referred by Daniel Hossain, warm intro.",,,,
100236609,Camille,Pereira,,,Wong Legal Trading,camille.p@wonglegal.sg,+55 11 92091-1189,Brazil,,Qualified,Lead,,,Rohan Mehta,2025-11-08,11/21/2025,Connected on LinkedIn after commenting on our post.,,,,
100236610,Ama,Goh,,,Orchid Digital,a.goh@orchid.net,+45 21 96 27 58,denmark,,closed lost,,Other Campaigns,,Noah Bennett,9/30/2025,2026-05-02,Other - reached out via our general info@ inbox.,,,,
100236611,Luca,Muller,,Operations Lead,Weber Analytics Co.,luca.m@weberanalytics.net,+60 19-527 4744,Malaysia,,Closed Won,Marketing Qualified Lead,,,Fatima Rahman ,2026-02-25,2026-02-25,Booked a demo via the book-a-demo page after clicking a google ad. Not interested for now.,,,,63
100236612,Wei,Becker,,Operations Lead,Han Imports Co,wei.becker@hanimports.co,+55 11 91584-6758,Brazil,,Connected,Opportunity,,,Diego Alvarez,2/7/2026,2026-04-21T00:00:00Z,"Filled out the form on the homepage. Left voicemail, will retry.",,,,26
100236613,George,Petersen,,Founder,Nord Group,g.petersen@nord.com.au,+30 698 634 5317,Greece,,OPPORTUNITY,Lead,Social Media,,Fatima Rahman,11/8/2025,,Linkedin dm inbound asking about pricing.,,,,
100236614,Sophia,Malik,,Operations Lead,Bakker Digital,s.malik@bakker.co,+92 390 6406324,Pakistan,,New,Other,Offline Sources,,Rohan Mehta,2026-01-05,2026-04-15T00:00:00Z,"He scanned our QR code at the SaaStr Annual booth. Left voicemail, will retry.",,,,
100236615,Benjamin,Mensah,,,Al-Farsi Freight,benjamin.m@al-farsi.biz,+31 6 4308 3238,Netherlands,,qualified,Lead,,,Rohan Mehta,2025-10-24T00:00:00Z,2/18/2026,"Referred by Nur Jung, warm intro. Great fit, prioritizing.",,,,
100236616,Adaeze,Rahman,,Head of Growth,Jung Studio Studio,adaeze.r@jungstudio.com,+34 672 821 632,Spain,,opportunity,,,,Grace Osei,2025-10-29,2026-02-08T00:00:00Z,"Scanned the QR code at our Singapore FinTech Festival 2026 booth. Connected, sending proposal.",,,,
100236617,Noah,Kowalski,,Operations Lead,Yang Freight Digital,noah.k@yangfreight.biz,+82 10-8070-2714,South Korea,,NEW,Sales Qualified Lead,,,Diego Alvarez,2025-09-20,2026-04-03,"He scanned our QR code at the Web Summit 2026 booth. Connected, sending proposal.",,,,
100236618,Lucas,Yap,,Head of Growth,Liu Trading Digital,lucasy@liutrading.co,+852 9164 9720,Hong Kong,,new,Marketing Qualified Lead,,,Fatima Rahman,2026-06-05,,"Saw our post about replacing hubspot and commented. Connected, sending proposal.",,,,
100236619,Arjun,Costa,,Founder,Bakker Holdings,arjun.c@bakker.io,+46 70 553 60 37,Sweden,,new,Customer,,,Fatima Rahman,2026-01-09,2026-06-04,Scanned the QR code at our Web Summit 2026 booth.,,,,
100236620,Arjun,Costa,,Founder,Bakker Co,arjun.costa@bakker.io,+46 70 553 60 37,Sweden,,NEW,Customer,,,Fatima Rahman,1/9/2026,,Scanned the QR code at our Web Summit 2026 booth. possible duplicate — verify before contacting.,,,,
100236621,Musa,Owusu,,,Sim Robotics Studio,m.owusu@simrobotics.sg,+46 70 232 57 63,Sweden,,Connected,Customer,,,Wei Chen,2025-12-21T00:00:00Z,,Googled us and ended up on the pricing page before booking a demo. No response yet.,,,,
100236622,Ama,Ocampo,,,Ang Analytics and Co,ama.o@anganalytics.co,+63 927 719 7626,Philippines,,Closed Won,Sales Qualified Lead,,,Fatima Rahman,12/3/2025,6/2/2026,"Filled out the form on the book-a-demo page. Left voicemail, will retry.",,,,
100236623,Ryan,Ivanova,,Head of Growth,Silva Ventures,r.ivanova@silva.biz,+44 7841 948687,United Kingdom,,connected,Lead,Other Campaigns,,Wei Chen,2026-05-29,2026-05-29,Other - reached out via our general info@ inbox. No response yet.,,,,
100236624,Jun Wei,Aina,,,Cruz & Partners Group,j.aina@cruzpartners.io,+63 935 709 6825,Philippines,,Closed Won,Other,,,Priya Nair,2025-09-29T00:00:00Z,2026-05-06T00:00:00Z,Linkedin dm inbound asking about pricing.,,,,
100236625,Mia,Muller,,Finance Manager,Muller GmbH Co.,mia.m@mullergmbh.io,+62 844-3961-5148,Indonesia,,Qualified,Sales Qualified Lead,Direct Traffic,,Marcus Wong,3/2/2026,2026-03-13,Filled out the form on the blog post on lead scoring. Qualifying now.,,,,
100236626,Ismail,Mehta,,Founder,Yap Ventures Ltd,i.mehta@yapventures.sg,+971 55 862 9117,UAE,,Qualified,Marketing Qualified Lead,Direct Traffic,,Priya Nair,2026-03-18T00:00:00Z,,Filled out the form on the contact page.,,,,
100236627,Ha-eun,Wagner,,Founder,Chen Digital Co.,ha-eunw@chendigital.net,+7 926 556 76 41,Russia,,CLOSED LOST,,Organic Search,,Rohan Mehta,2026-05-01,5/25/2026,"Found us through organic google search then landed on the pricing page. Connected, sending proposal.",,,,
100236628,Farah,Toure,,Head of Growth,Owusu Freight Retail Group,farah.t@owusufreight.net,+39 351 683 4649,Italy,,Closed Lost,Opportunity,,,Hana Kobayashi,2026-03-05T00:00:00Z,,Booked a demo via the book-a-demo page after clicking a google ad. No response yet.,,,,59
100236629,Joon,Wang,,,Johnson Group,j.wang@johnson.biz,+92 300 5395692,Pakistan,,Qualified,Lead,Direct Traffic,,Grace Osei,2026-01-10T00:00:00Z,,Filled out the form on the case study page. Qualifying now.,,,,91
100236630,Rania,Santos,,Finance Manager,Yap Ventures Analytics,rania.s@yapventures.io,+62 855-9482-4823,Indonesia,,connected,Other,Direct Traffic,,Diego Alvarez,2025-12-25,12/25/2025,"Filled out the form on the product tour page. Great fit, prioritizing.",,,,
100236631,Mei Ling,Mehta,,Finance Manager,Huang Analytics Ventures,meiling.m@huanganalytics.com.au,+63 979 829 8395,Philippines,,Qualified,Marketing Qualified Lead,Social Media,,Diego Alvarez,2025-11-29,2026-02-15,Linkedin dm inbound asking about pricing.,,,,
100236632,Francesca,Kang,,Operations Lead,Williams Solutions,francesca.kang@williams.net,+44 7970 857591,United Kingdom,,QUALIFIED,Marketing Qualified Lead,Referrals,,Marcus Wong,1/28/2026,1/28/2026,"Referred by Lucas Ivanova, warm intro. Very interested, wants pricing call.",,,,
100236633,Erik,Andersen,,,Fischer Trading Trading,erik.andersen@fischertrading.io,+55 11 93271-3951,Brazil,,Connected ,Opportunity,,,Elena Popescu,12/2/2025,12/2/2025,Saw our post about replacing hubspot and commented. Not interested for now.,,,,
100236634,Sven,Martins,,Head of Growth,Popescu Co,svenm@popescu.io,+91 89583 75897,India,,New,Lead,,,Elena Popescu,2025-12-06,,Found us through organic google search then landed on the product tour page. No response yet.,,,,
100236635,Diego,Sim,,,Hansen Digital Partners,diegos@hansendigital.com,+66 9 2508 1031,Thailand,,Qualified,,Other Campaigns,,Priya Nair,2026-04-11,,Other - walked into our office without an appointment.,,,,
100236636,Jun Wei,Boateng,,,Lindqvist AB & Co,j.boateng@lindqvistab.co,+44 7789 954956,United Kingdom,,Closed Lost,Lead,,,Priya Nair,10/22/2025,2026-01-06,Manual - added after inbound phone call. Qualifying now.,,,,
100236637,Luca,Lee,,Founder,Silva Partners,l.lee@silva.biz,+351 95 300 4057,Portugal,,New,Lead,Paid Search,,Diego Alvarez,2025-12-20,2026-03-24,"Booked a demo via the book-a-demo page after clicking a google ad. Very interested, wants pricing call.",,,,
100236638,Sanjay,Kapoor,,Head of Growth,Weber Analytics Ventures,sanjay.kapoor@weberanalytics.com,+40 744 869 235,Romania,,CLOSED WON,Opportunity,Offline Sources,,Hana Kobayashi,12/8/2025,,Scanned the QR code at our Singapore FinTech Festival 2026 booth. Qualifying now.,,,,
100236639,Xiu Ying,Dubois,,,Kilat Retail Freight,x.dubois@kilatretail.sg,+84 99 692 4392,Vietnam,,opportunity,Opportunity,Other Campaigns,,Wei Chen,2025-10-31T00:00:00Z,2025-10-31T00:00:00Z,"Other - walked into our office without an appointment. Great fit, prioritizing.",,,,
100236640,Xiu Ying,Dubois,,,Kilat Retail Freight Solutions,xiuyingd@kilatretail.sg,+84 99 692 4392,Vietnam,,Opportunity ,Opportunity,Other Campaigns,,Wei Chen,2025-10-31T00:00:00Z,,"Other - walked into our office without an appointment. Great fit, prioritizing.",,,,
100236641,Grace,Wang,,,Nimbus Analytics,grace.wang@nimbus.net,+65 9798 5425,Singapore,,Closed Won,Opportunity,Other Campaigns,,Rohan Mehta,2025-09-09,,"Manually added by sales after a phone call from a cold outreach list. Connected, sending proposal.",,,,
100236642,Hui Fang,Xu,,,Choi Logistics Studio,h.xu@choilogistics.biz,+66 9 2765 7208,Thailand,, Closed Won,Customer,,,Priya Nair,10/5/2025,,Scanned the QR code at our APAC Logistics Summit booth. Qualifying now.,,,,67
100236643,Benjamin,Hoffmann,,,Asante Retail Pte Ltd,benjamin.hoffmann@asanteretail.com,+39 397 943 4550,Italy,,Closed Lost,Opportunity,,,Priya Nair,2026-03-17,2026-06-02T00:00:00Z,"Googled us and ended up on the blog post on lead scoring before booking a demo. Left voicemail, will retry.",,,,94
100236644,Amir,Nkrumah,,Finance Manager,Costa Trading Analytics,amirn@costatrading.io,+54 9 11 9839-1285,Argentina,,Closed Won ,,,,Diego Alvarez,2026-05-12,5/12/2026,Saw our post about replacing hubspot and commented. No response yet.,,,,
100236645,Ingrid,Rao,,,Nord Retail Group,i.rao@nord.com.au,+351 92 680 2608,Portugal,, Closed Lost,Lead,,,Fatima Rahman,2026-05-21,6/8/2026,Scanned the QR code at our APAC Logistics Summit booth. Not interested for now.,,,,
100236646,Isabelle,Zhao,,VP Sales,Yang Freight Co.,isabellez@yangfreight.com.au,+91 89330 11836,India,,New,,Organic Search,,Rohan Mehta,2026-05-30,,Googled us and ended up on the case study page before booking a demo. Qualifying now.,,,,81
100236647,Tunde,Joshi,,,Ang Analytics Co.,tunde.joshi@anganalytics.biz,+212 6 42 76 68 80,Morocco,,New,,Paid Search,,Fatima Rahman,1/10/2026,2026-06-10,"Booked a demo via the book-a-demo page after clicking a google ad. Connected, sending proposal.",,,,
100236648,,,Tunde Joshi,,Ang Analytics Group,tundej@anganalytics.biz,212642766880,Morocco,,New,,Paid Search,,Fatima Rahman,1/10/2026,2026-06-10,"Booked a demo via the book-a-demo page after clicking a google ad. Connected, sending proposal.",,,,
100236649,Ha-eun,Teo,,,Zahra & Co,ha-eun.t@zahra.biz,+91 80590 57335,India,,QUALIFIED,Lead,Offline Sources,,Diego Alvarez,2026-01-16,2026-01-16,"Spoke with them at our Mobile World Congress booth, no QR scan logged.",,,,
100236650,Ha-eun,Teo,,,Zahra & Holdings,h.teo@zahra.biz,918059057335,India,,Qualified ,Lead,Offline Sources,,Diego Alvarez,1/16/2026,2026-01-16,"Spoke with them at our Mobile World Congress booth, no QR scan logged.",,,,
100236651,Oluwaseun,Iyer,,Operations Lead,Ang Analytics Freight Solutions,oluwaseun.iyer@anganalytics.net,+65 8165 3698,Singapore,,closed lost,Marketing Qualified Lead,,,Fatima Rahman,9/12/2025,2025-09-12,Linkedin dm inbound asking about pricing. No response yet.,,,,
100236652,Rania,Joshi,,Operations Lead,Tanaka Co,rania.joshi@tanaka.io,+234 805 778 1913,Nigeria,, Connected,Marketing Qualified Lead,,,Rohan Mehta,2025-09-07,,"Met her at the TechCrunch Disrupt booth, scanned our QR code.",,,,
100236653,Vikram,Bakker,,Operations Lead,Santos Ltda Consulting,vikram.bakker@santosltda.com.au,+34 668 990 686,Spain,,OPPORTUNITY,Other,Referrals,,Marcus Wong,2026-03-11,2026-03-22,"Referred by Yasmin Ndiaye, warm intro. Qualifying now.",,,,
100236654,Kai,Rodrigues,,,Zhang Co,k.rodrigues@zhang.com,+62 892-8519-3823,Indonesia,,Qualified,Sales Qualified Lead,,,Marcus Wong,1/3/2026,,Scanned the QR code at our Retail Asia Expo booth.,,,,
100236655,Rohan,Ho,,Marketing Director,Lau Pte Ltd,rohan.ho@lau.com,+61 418 388 534,Australia,,Connected,,,,Diego Alvarez,2025-12-04T00:00:00Z,,Found us through organic google search then landed on the product tour page. No response yet.,,,,
100236656,,,Rohan Ho,Marketing Director,Lau Solutions,rohanho@lau.com,+61 418 388 534,Australia,,Connected,,,,Diego Alvarez,2025-12-04,12/4/2025,Found us through organic google search then landed on the product tour page. No response yet.,,,,
100236657,Sofia,Kang,,,Kowalski Digital,sofia.k@kowalski.biz,+31 6 7231 8400,Netherlands,,contacted,Other,Social Media,,Hana Kobayashi,3/26/2026,6/6/2026,Connected on LinkedIn after commenting on our post. Not interested for now.,,,,
100236658,,,Sofia Kang,,Kowalski Inc.,sofiakang@kowalski.biz,+31 6 7231 8400,Netherlands,,Contacted,Other,Social Media,,Hana Kobayashi,3/26/2026,,Connected on LinkedIn after commenting on our post. Not interested for now.,,,,
100236659,Ethan,Osei,,Founder,Boateng Digital & Co,ethan.osei@boatengdigital.io,+30 692 541 7653,Greece,,Closed Lost,,,,Elena Popescu,2026-04-30,,Filled out the form on the contact page.,,,,
100236660,,,Ethan Osei,Founder,Boateng Digital & Labs,ethanosei@boatengdigital.io,306925417653,Greece,, Closed Lost,,,,Elena Popescu,2026-04-30T00:00:00Z,2026-05-19,Filled out the form on the contact page.,,,,
100236661,Amir,Mehta,,Founder,Bakker Ventures,amirm@bakker.com.au,+48 689 694 971,Poland,,Contacted,Opportunity,Social Media,,Marcus Wong,2026-01-22,2026-06-12,Connected on LinkedIn after commenting on our post. No response yet.,,,,
100236662,Amir,Mehta,,Founder,Bakker and Co,amirm@bakker.com.au,48689694971,Poland,,Contacted,Opportunity,Social Media,,Marcus Wong,2026-01-22,2026-06-12,Connected on LinkedIn after commenting on our post. No response yet. possible duplicate — verify before contacting.,,,,
100236663,Elin,Papadopoulos,,,Sato Ventures,elin.p@sato.com,+62 877-3765-9024,Indonesia,,Closed Lost,Opportunity,,,Fatima Rahman,1/30/2026,5/28/2026,Googled us and ended up on the contact page before booking a demo. No response yet.,,,,
100236664,Ismail,Christensen,,,Zahra Group,i.christensen@zahra.com,+39 357 742 6765,Italy,, Connected,Other,,,Hana Kobayashi,2026-04-22,,Manually added by sales after a phone call from a cold outreach list. Not interested for now.,,,,
100236665,Aiko,Malik,,,Ho Bros Co,a.malik@hobros.co,+86 132 6855 7257,China,,Qualified,Other,Paid Search,,Wei Chen,2026-01-11,2026-01-11,Booked a demo via the book-a-demo page after clicking a google ad. No response yet.,,,,
100236666,Rin,Yoon,,Operations Lead,Kilat Retail Inc.,r.yoon@kilatretail.com.au,+91 70775 34226,India,,Contacted,Lead,,,Diego Alvarez,2025-10-08,2025-10-08,Found us through organic google search then landed on the contact page.,,,,
100236667,Rin,Yoon,,Operations Lead,Kilat Retail and Co,rinyoon@kilatretail.com.au,917077534226,India,,Contacted,Lead,,,Diego Alvarez,10/8/2025,10/8/2025,Found us through organic google search then landed on the contact page. possible duplicate — verify before contacting.,,,,
100236668,Amir,Reyes,,Head of Growth,Popescu Pte Ltd,amirr@popescu.sg,+63 960 681 7361,Philippines,,CLOSED LOST,Lead,Other Campaigns,,Grace Osei,6/4/2026,6/12/2026,"Manually added by sales after a phone call from a cold outreach list. Very interested, wants pricing call.",,,,
100236669,Amir,Reyes,,Head of Growth,Popescu Ventures,amirreyes@popescu.sg,+63 960 681 7361,Philippines,,Closed Lost ,Lead,Other Campaigns,,Grace Osei,2026-06-04,2026-06-12,"Manually added by sales after a phone call from a cold outreach list. Very interested, wants pricing call. possible duplicate — verify before contacting.",,,,
100236670,Fatima,Fall,,,Ng Freight Co,fatima.f@ngfreight.com.au,+60 16-635 8051,Malaysia,,Connected,Marketing Qualified Lead,Organic Search,,Marcus Wong,2026-01-17,,Found us through organic google search then landed on the homepage. Not interested for now.,,,,
100236671,So-young,Petersen,,Founder,Park Biotech Analytics,so-young.p@parkbiotech.sg,+31 6 3693 9859,Netherlands,,Closed Lost,Opportunity,Other Campaigns,,Priya Nair,2025-10-13,,"Other - reached out via our general info@ inbox. Great fit, prioritizing.",,,,
100236672,Zara,Nair,,Head of Growth,Hansen Digital Ventures,zaran@hansendigital.io,+880 1451-320593,Bangladesh,,Qualified ,Opportunity,Direct Traffic,,Grace Osei,2025-09-23,2026-06-18T00:00:00Z,Filled out the form on the contact page.,,,,
100236673,Chidi,Sow,,Operations Lead,Zahra Group,chidi.s@zahra.io,+44 7800 790685,United Kingdom,,OPPORTUNITY,Customer,,,Hana Kobayashi,2025-09-29,,Filled out the form on the comparison-vs-hubspot page.,,,,
100236674,Leila,Wu,,,Martinez Labs,leila.wu@martinez.biz,+33 6 35 72 69 14,France,,Contacted,Customer,,,Noah Bennett,4/23/2026,2026-04-25T00:00:00Z,Googled us and ended up on the blog post on lead scoring before booking a demo.,,,,
100236675,Ines,Wu,,Finance Manager,Martinez Labs,i.wu@martinez.biz,+45 26 40 32 33,Denmark,,closed lost,Opportunity,Direct Traffic,,Hana Kobayashi,2025-10-07,2025-11-15T00:00:00Z,Filled out the form on the case study page.,,,,
100236676,Sarah,Silva,,Founder,Fischer Trading Studio,sarahs@fischertrading.io,+44 7979 369743,United Kingdom,,new,Customer,Other Campaigns,,Hana Kobayashi,2026-02-17T00:00:00Z,4/19/2026,Other - reached out via our general info@ inbox.,,,,
100236677,Nadia,Ferrari,,,Kilat Retail Solutions,n.ferrari@kilatretail.com.au,+44 7844 149965,United Kingdom,,Opportunity ,Marketing Qualified Lead,,,Fatima Rahman,2026-04-30,2026-05-25,Filled out the form on the book-a-demo page. Qualifying now.,,,,
100236678,Haruto,Aina,,,Zhang Inc.,harutoa@zhang.sg,+65 8808 7703,Singapore,,closed lost,,Referrals,,Priya Nair,2026-01-22,,"Referred by Farid Wang, warm intro. Not interested for now.",,,,
100236679,Zara,Johnson,,Head of Growth,Yang Freight Analytics,zaraj@yangfreight.biz,+45 24 30 73 63,Denmark,,Closed Lost,Marketing Qualified Lead,Other Campaigns,,Elena Popescu,2026-01-05T00:00:00Z,3/9/2026,Other - walked into our office without an appointment.,,,,80
100236680,Zara,Johnson,,Head of Growth,Yang Freight Trading Co,zara.johnson@yangfreight.biz,+45 24 30 73 63,Denmark,,Closed Lost,Marketing Qualified Lead,Other Campaigns,,Elena Popescu,2026-01-05,2026-03-09,Other - walked into our office without an appointment. possible duplicate — verify before contacting.,,,,80
100236681,Amir,Russo,,,Ho Bros and Co,amirr@hobros.net,+39 393 230 4042,Italy,, Qualified,Sales Qualified Lead,,,Elena Popescu,2026-01-11,,Connected on LinkedIn after commenting on our post.,,,,
100236682,Amir,Russo,,,Ho Bros and Studio,a.russo@hobros.net,+39 393 230 4042,Italy,,Qualified,Sales Qualified Lead,,,Elena Popescu,2026-01-11,2026-01-11,Connected on LinkedIn after commenting on our post. possible duplicate — verify before contacting.,,,,
100236683,Michael,Schulz,,Founder,Acme Trading,michaels@acme.io,+45 21 38 35 84,Denmark,,qualified,Opportunity,,,Priya Nair,2/22/2026,2026-04-04,"Filled out the form on the contact page. Connected, sending proposal.",,,,31
100236684,Rachel,Martins,,Finance Manager,Bennett Trading,rachelm@bennett.co,+84 96 322 8088,Vietnam,,Opportunity,Other,,,Rohan Mehta,2026-02-22T00:00:00Z,6/2/2026,"Scanned the QR code at our APAC Logistics Summit booth. Very interested, wants pricing call.",,,,
100236685,Diego,Williams,,,Foster and Co,diegow@foster.co,+86 134 4841 8377,China,,closed lost,Lead,Other Campaigns,,Diego Alvarez,2025-12-10,2026-02-12T00:00:00Z,Other - reached out via our general info@ inbox. Qualifying now.,,,,
100236686,Diego,Mehta,,,Patel Fintech Retail Group,diego.m@patelfintech.com,+852 9194 1462,Hong Kong,,Contacted,Sales Qualified Lead,,,Hana Kobayashi,2025-12-14,,"Found us through organic google search then landed on the pricing page. Great fit, prioritizing.",,,,
100236687,Min-jun,Lau,,,Costa Trading Holdings,min-jun.l@costatrading.biz,+852 7330 2072,Hong Kong,,Closed Lost,Opportunity,,,Marcus Wong,2025-10-04T00:00:00Z,2026-04-16T00:00:00Z,Googled us and ended up on the blog post on lead scoring before booking a demo. Not interested for now.,,,,
100236688,Matteo,Wagner,,Founder,Yap Ventures Inc.,m.wagner@yapventures.biz,+63 960 652 3178,Philippines,,Opportunity,Other,,,Elena Popescu,2026-01-09,5/30/2026,Manually added by sales after a phone call from a cold outreach list. No response yet.,,,,
100236689,Amir,Ndiaye,,Operations Lead,Hansen Digital Studio,a.ndiaye@hansendigital.com.au,+86 134 6279 5076,China,,Closed Lost ,Opportunity,Social Media,,Grace Osei,2025-10-22,,"Linkedin dm inbound asking about pricing. Left voicemail, will retry.",,,,
100236690,Ryan,Pedersen,,,Verma Consulting Freight Solutions,r.pedersen@vermaconsulting.net,+48 620 180 230,Poland,,Qualified,Other,Referrals,,Diego Alvarez,2026-05-06,5/6/2026,"Referred by Amina Li, warm intro.",,,,
100236691,Musa,Romano,,VP Sales,Lindqvist AB Pte. Ltd.,musa.romano@lindqvistab.co,+7 931 727 35 18,Russia,,Opportunity,,Other Campaigns,,Marcus Wong ,3/13/2026,,Other - reached out via our general info@ inbox. No response yet.,,,,
100236692,Hui Fang,Chen,,Founder,Schmidt AG Digital,huifangc@schmidtag.co,+65 9500 2684,Singapore,,Qualified ,Lead,Offline Sources,,Diego Alvarez,2025-12-29,2026-03-08,"Scanned the QR code at our Mobile World Congress booth. Very interested, wants pricing call.",,,,
100236693,Arjun,Diallo,,Marketing Director,Johnson Trading Co,arjun.diallo@johnson.biz,+61 475 438 761,Australia,,connected,Marketing Qualified Lead,Other Campaigns,,Rohan Mehta,2026-05-26,2026-05-29,Other - walked into our office without an appointment. Qualifying now.,,,,
100236694,Hassan,Greco,,Operations Lead,Fischer Trading Digital,h.greco@fischertrading.sg,+55 11 96930-9385,Brazil,,Qualified,Other,Other Campaigns,,Elena Popescu,2025-11-15,,Manual - added after inbound phone call. Not interested for now.,,,,
100236695,Ava,Frimpong,,Head of Growth,Jung Studio Holdings,a.frimpong@jungstudio.co,+49 179 7195859,Germany,,Closed Won,Lead,Social Media,,Noah Bennett,6/18/2026,2026-06-19,Saw our post about replacing hubspot and commented. Qualifying now.,,,,
100236696,Fatima,Romano,,Marketing Director,Choi Logistics Freight Solutions,fatimar@choilogistics.net,+1 287 555 0139,United States,,OPPORTUNITY,Other,,,Marcus Wong,1/13/2026,2026-01-31,Booked a demo via the book-a-demo page after clicking a google ad.,,,,
100236697,,,Fatima Romano,Marketing Director,Choi Logistics Freight Consulting,f.romano@choilogistics.net,+1 287 555 0139,United States,,Opportunity,Other,,,Marcus Wong ,2026-01-13,2026-01-31,Booked a demo via the book-a-demo page after clicking a google ad.,,,,
100236698,Adam,Dubois,,,Costa Trading Freight,adam.d@costatrading.sg,+45 21 95 92 10,Denmark,,OPPORTUNITY,Lead,,,Noah Bennett,2026-03-01,2026-03-13,"Referred by Divya Ocampo, warm intro.",,,,
100236699,,,A. Dubois,,Costa Trading Inc.,a.dubois@costatrading.sg,4521959210,Denmark,,opportunity,Lead,,,Noah Bennett ,2026-03-01,2026-03-13,"Referred by Divya Ocampo, warm intro. possible duplicate — verify before contacting.",,,,
100236700,Lars,Huang,,Finance Manager,Rossi SRL Digital,lars.huang@rossisrl.io,+34 657 429 229,Spain,,contacted,Opportunity,,,Rohan Mehta,2025-12-06,,"Googled us and ended up on the product tour page before booking a demo. Connected, sending proposal.",,,,
100236701,Sara,Joshi,,Operations Lead,Fischer Trading Trading Co,sara.joshi@fischertrading.co,+63 936 830 5767,Philippines,,Opportunity,Marketing Qualified Lead,,,Priya Nair,6/14/2026,,"Met her at the Singapore FinTech Festival 2026 booth, scanned our QR code.",,,,
100236702,Youssef,Rao,,,Larsen AS Inc,youssef.r@larsenas.sg,+852 6391 4829,Hong Kong,,CLOSED WON,Other,Other Campaigns,,Priya Nair,2026-04-21,,"Manually added by sales after a phone call from a cold outreach list. Great fit, prioritizing.",,,,
100236703,Kofi,Greco,,,Adeyemi Logistics Freight,kofi.greco@adeyemilogistics.com.au,+66 6 9913 1995,Thailand,, Contacted,,,,Fatima Rahman,2026-06-05,2026-06-19,Booked a demo via the book-a-demo page after clicking a google ad.,,,,
100236704,Michael,Chua,,,Kowalski Robotics,m.chua@kowalski.sg,+52 55 7401 5079,Mexico,, Opportunity,Customer,,,Noah Bennett,2025-11-23,11/27/2025,Manually added by sales after a phone call from a cold outreach list. Qualifying now.,,,,29
100236705,,,M. Chua,,Kowalski Freight,michaelc@kowalski.sg,+52 55 7401 5079,Mexico,,Opportunity,Customer,,,Noah Bennett,2025-11-23T00:00:00Z,2025-11-27T00:00:00Z,Manually added by sales after a phone call from a cold outreach list. Qualifying now.,,,,29
100236706,Chiara,Han,,VP Sales,Lau Ventures,chiara.h@lau.io,+48 581 939 321,Poland,, Closed Won,Sales Qualified Lead,Referrals,,Rohan Mehta,2025-09-27,2026-02-27,"Referred by Ngozi Almeida, warm intro. Left voicemail, will retry.",,,,
100236707,Leila,Kapoor,,,Martinez Group,leilak@martinez.com.au,+234 803 104 8316,Nigeria,,Connected,Lead,Other Campaigns,,Grace Osei,10/24/2025,,"Manual - added after inbound phone call. Left voicemail, will retry.",,,,
100236708,Catarina,Li,,Marketing Director,Choi Logistics Pte Ltd,c.li@choilogistics.io,+65 9208 1855,Singapore,, Contacted,Other,,,Hana Kobayashi,2025-11-07T00:00:00Z,,He scanned our QR code at the Web Summit 2026 booth.,,,,
100236709,Emily,Christensen,,,Rao Ventures Trading Co,e.christensen@raoventures.net,+61 499 123 915,Australia,,CONTACTED,Marketing Qualified Lead,Social Media,,Grace Osei,2025-10-23,2/9/2026,Saw our post about replacing hubspot and commented.,,,,
100236710,Bashir,Schmidt,,Finance Manager,Larsen AS Trading,bashir.schmidt@larsenas.io,+880 1912-860609,Bangladesh,,Connected ,,,,Elena Popescu,2025-09-17,2/19/2026,Filled out the form on the book-a-demo page. Not interested for now.,,,,
100236711,Ismail,Rao,,Founder,Reddy Holdings Consulting,ismail.r@reddyholdings.com.au,+46 70 609 65 63,Sweden,,Opportunity ,Sales Qualified Lead,Organic Search,,Grace Osei,2026-05-13,,"Googled us and ended up on the contact page before booking a demo. Very interested, wants pricing call.",,,,
100236712,Elena,Rao,,Operations Lead,Reddy Holdings Consulting,e.rao@reddyholdings.com.au,+7 943 486 88 73,Russia,,OPPORTUNITY,Sales Qualified Lead,,,Priya Nair,2026-06-07,2026-06-07,Filled out the form on the contact page.,,,,
100236713,Wei Chen,Nguyen,,Founder,Wang Manufacturing Co,weichenn@wangmanufacturing.io,+92 310 4094434,Pakistan,,Closed Won,,,,Fatima Rahman,2026-06-15,6/15/2026,"Referred by Divya Wu, warm intro.",,,,
100236714,Priscilla,Silva,,Finance Manager,Chen Digital Holdings,priscillas@chendigital.co,+44 7979 428359,United Kingdom,,Contacted,Other,,,Fatima Rahman,2026-02-17,5/12/2026,"Googled us and ended up on the book-a-demo page before booking a demo. Left voicemail, will retry.",,,,
100236715,Mei Ling,Zhang,,Head of Growth,Mekong Ltd,meilingz@mekong.sg,+212 6 41 18 25 20,Morocco,,Connected,Customer,,,Noah Bennett,1/1/2026,2026-01-07,"Referred by Priscilla Sato, warm intro.",,,,
100236716,Thanh,Camara,,,Yoon Retail Consulting,t.camara@yoonretail.net,+33 6 96 47 55 86,France,,Closed Lost ,Sales Qualified Lead,Organic Search,,Wei Chen,2025-10-16,2025-10-16,"Googled us and ended up on the pricing page before booking a demo. Great fit, prioritizing.",,,,
100236717,Amina,Kapoor,,,Sato Inc,amina.kapoor@sato.com.au,+61 468 478 954,Australia,,qualified,,Direct Traffic,,Hana Kobayashi,2025-09-02,,"Filled out the form on the contact page. Very interested, wants pricing call.",,,,
100236718,Olivia,Sy,,Operations Lead,Toure Consulting Holdings,olivias@toureconsulting.net,+351 95 263 8936,Portugal,,qualified,Other,Direct Traffic,,Priya Nair ,2026-03-29T00:00:00Z,4/14/2026,Filled out the form on the contact page. No response yet.,,,,
100236719,Siti,Lim,,Head of Growth,Sharma Enterprises Consulting,siti.lim@sharmaenterprises.net,+82 10-1444-5240,South Korea,,Connected,Customer,,,Noah Bennett,2025-10-27,5/14/2026,Saw our post about replacing hubspot and commented. Qualifying now.,,,,
100236720,Daniel,Liu,,,Singh Logistics Analytics,daniel.l@singhlogistics.sg,+65 8674 9451,Singapore,,new,Other,Direct Traffic,,Marcus Wong,2025-11-01,2025-12-30T00:00:00Z,"Filled out the form on the case study page. Left voicemail, will retry.",,,,
100236721,Julien,Nielsen,,Head of Growth,Reddy Holdings Trading Co,j.nielsen@reddyholdings.io,+55 11 98951-1670,Brazil,,Closed Won,Customer,Offline Sources,,Marcus Wong,2025-12-08,2026-01-21,"Met at the booth during Singapore FinTech Festival 2026, said they'd follow up over email.",,,,
100236722,Ismail,Huang,,,Jung Studio Solutions,ismail.huang@jungstudio.com,+31 6 3313 6582,Netherlands,,Opportunity,Customer,Social Media,,Priya Nair,9/8/2025,2025-12-12T00:00:00Z,"Connected on LinkedIn after commenting on our post. Connected, sending proposal.",,,,
100236723,Antoine,Sharma,,VP Sales,Osei Pte. Ltd.,antoine.sharma@osei.io,+39 387 783 8749,Italy,,OPPORTUNITY,Marketing Qualified Lead,Organic Search,,Grace Osei,2025-10-17T00:00:00Z,2025-12-13T00:00:00Z,"Found us through organic google search then landed on the case study page. Very interested, wants pricing call.",,,,
100236724,Bashir,Verma,,Operations Lead,Sayed Trading Ltd,bashir.v@sayedtrading.com,+971 50 749 1877,UAE,,Qualified,Marketing Qualified Lead,Offline Sources,,Priya Nair,2026-05-22,,Scanned the QR code at our Web Summit 2026 booth. Not interested for now.,,,,
100236725,Youssef,Danso,,VP Sales,Nimbus Inc,y.danso@nimbus.com,+49 158 7324612,Germany,,opportunity,Other,,,Elena Popescu,2026-02-15T00:00:00Z,2/15/2026,"Met her at the Mobile World Congress booth, scanned our QR code. Connected, sending proposal.",,,,
100236726,Sigrid,Al-Sayed,,Finance Manager,Liu Trading Robotics,sigrida@liutrading.com,+234 805 905 6023,Nigeria,,contacted,Other,,,Marcus Wong,4/18/2026,2026-05-14,"Found us through organic google search then landed on the comparison-vs-hubspot page. Very interested, wants pricing call.",,,,
100236727,Marcus,Owusu,,,Reyes Ventures,marcus.o@reyes.net,+46 70 488 50 12,Sweden,,opportunity,Customer,,,Fatima Rahman,9/13/2025,2025-10-25,Saw our post about replacing hubspot and commented.,,,,
100236728,Matteo,Nielsen,,VP Sales,Goh Digital Inc.,matteo.n@gohdigital.biz,+81 81-5118-3483,Japan,,CONTACTED,Sales Qualified Lead,Other Campaigns,,Marcus Wong,2025-11-24,,"Other - walked into our office without an appointment. Left voicemail, will retry.",,,,
100236729,Sarah,Zhang,,Finance Manager,BluePeak Ltd,sarah.z@bluepeak.com.au,+34 637 942 588,Spain,,New,Other,Referrals,,Priya Nair,2026-04-08,2026-05-08,"Referred by Francesca Ricci, warm intro. Left voicemail, will retry.",,,,
100236730,Amir,Becker,,VP Sales,Hansen Digital Co,amirb@hansendigital.com,+351 91 844 1998,Portugal,,Opportunity,Customer,,,Grace Osei,2026-05-18,2026-05-23,Connected on LinkedIn after commenting on our post.,,,,
100236731,Seo-yeon,Agyemang,,Head of Growth,Ivanova Group,s.agyemang@ivanova.io,+31 6 8434 2618,Netherlands,,Closed Won,Customer,Offline Sources,,Hana Kobayashi,11/5/2025,,He scanned our QR code at the Mobile World Congress booth.,,,,
100236732,Seo-yeon,Agyemang,,Head of Growth,Ivanova Freight Solutions,seo-yeonagyemang@ivanova.io,31684342618,Netherlands,,closed won,Customer,Offline Sources,,Hana Kobayashi,11/5/2025,1/13/2026,He scanned our QR code at the Mobile World Congress booth. possible duplicate — verify before contacting.,,,,
100236733,Hana,Andersen,,,Sim Robotics Labs,hana.andersen@simrobotics.biz,+234 802 238 2369,Nigeria,,Contacted,Sales Qualified Lead,Other Campaigns,,Hana Kobayashi,6/4/2026,2026-06-17,Other - walked into our office without an appointment.,,,,
100236734,Tariq,Ang,,,Adeyemi Logistics Digital,tariq.ang@adeyemilogistics.sg,+34 628 935 653,Spain,,CONTACTED,Lead,,,Marcus Wong,2026-06-17,,"Referred by Hassan Koch, warm intro. No response yet.",,,,
100236735,Arjun,Papadopoulos,,,Liu Trading Inc.,arjun.papadopoulos@liutrading.io,+48 535 447 963,Poland,,Qualified,Sales Qualified Lead,,,Marcus Wong,2025-09-13,2025-09-22,"Googled us and ended up on the contact page before booking a demo. Connected, sending proposal.",,,,
100236736,Sara,Xu,,,Owusu Freight Consulting,sara.xu@owusufreight.com.au,+48 558 981 148,Poland,,Contacted,Lead,Social Media,,Wei Chen,2025-10-10T00:00:00Z,11/28/2025,Linkedin dm inbound asking about pricing. No response yet.,,,,
100236737,,,S. Xu,,Owusu Freight & Co,saraxu@owusufreight.com.au,48558981148,Poland,,Contacted,Lead,Social Media,,Wei Chen,10/10/2025,,Linkedin dm inbound asking about pricing. No response yet.,,,,
100236738,Ha-eun,Singh,,,Toure Consulting Trading,ha-euns@toureconsulting.co,+234 807 327 2259,Nigeria,,qualified,Customer,,,Marcus Wong,2026-01-31,2026-02-13,"Found us through organic google search then landed on the case study page. Connected, sending proposal.",,,,
100236739,Chiara,Kone,,Head of Growth,Lumen Group,chiara.k@lumen.biz,+65 9924 6827,Singapore,,closed won,Sales Qualified Lead,,,Wei Chen,2025-11-13,2026-05-25,"Spoke with them at our Singapore FinTech Festival 2026 booth, no QR scan logged. Very interested, wants pricing call.",,,,
100236740,Chidi,Cruz,,Finance Manager,Yang Freight Co.,chidi.c@yangfreight.co,+1 270 555 0113,United States,,QUALIFIED,Lead,Organic Search,,Marcus Wong,2/26/2026,4/10/2026,Found us through organic google search then landed on the case study page.,,,,
100236741,Arjun,Carvalho,,Marketing Director,Lotus Finance Partners,a.carvalho@lotusfinance.com,+39 373 835 7049,Italy,,connected,Customer,,,Fatima Rahman,2026-04-07,,"Referred by Nils Ba, warm intro. Qualifying now.",,,,
100236742,Ravi,Kang,,,Williams Co,ravi.k@williams.net,+45 26 75 42 84,Denmark,,Qualified,Other,,,Rohan Mehta,2026-02-15,2026-02-15,Manual - added after inbound phone call. Not interested for now.,,,,
100236743,Kenji,Ba,,Marketing Director,Nord Studio,k.ba@nord.io,+31 6 7762 8902,Netherlands,,New,Other,Organic Search,,Elena Popescu,2025-11-19,1/1/2026,Found us through organic google search then landed on the book-a-demo page.,,,,
100236744,Leila,Choi,,Head of Growth,Boateng Digital Pte. Ltd.,l.choi@boatengdigital.com.au,+48 519 326 800,Poland,,Closed Lost,Lead,Organic Search,,Marcus Wong,2026-01-26,5/10/2026,Googled us and ended up on the book-a-demo page before booking a demo. Qualifying now.,,,,27
100236745,Tiago,Xu,,,Nimbus Ltd,tiago.xu@nimbus.sg,+852 5868 5070,Hong Kong,,CLOSED LOST,Opportunity,,,Priya Nair,4/24/2026,,Found us through organic google search then landed on the product tour page. Not interested for now.,,,,
100236746,Sanjay,Wagner,,,Ferrari Consulting Ltd,sanjay.wagner@ferrariconsulting.com,+40 797 767 934,Romania,,Qualified,Opportunity,Other Campaigns,,Diego Alvarez,9/27/2025,,"Manually added by sales after a phone call from a cold outreach list. Great fit, prioritizing.",,,,
100236747,,,Sanjay Wagner,,Ferrari Consulting Partners,sanjayw@ferrariconsulting.com,+40 797 767 934,Romania,,Qualified,Opportunity,Other Campaigns,,Diego Alvarez,2025-09-27T00:00:00Z,2025-09-27,"Manually added by sales after a phone call from a cold outreach list. Great fit, prioritizing. possible duplicate — verify before contacting.",,,,
100236748,Sanjay,Wagner,,,Ferrari Consulting Labs,s.wagner@ferrariconsulting.com,+40 797 767 934,Romania,,QUALIFIED,Opportunity,Other Campaigns,,Diego Alvarez,2025-09-27,2025-09-27,"Manually added by sales after a phone call from a cold outreach list. Great fit, prioritizing.",,,,
100236749,Michael,Fall,,Head of Growth,Park Biotech and Co,michael.fall@parkbiotech.biz,+65 9574 8149,Singapore,,opportunity,Customer,Other Campaigns,,Hana Kobayashi,2025-10-04,,Other - reached out via our general info@ inbox. Qualifying now.,,,,74
100236750,Joon,Petersen,,,Han Imports Inc,joon.p@hanimports.sg,+91 73556 18246,India,,Closed Won,Opportunity,,,Priya Nair,11/19/2025,1/22/2026,Filled out the form on the contact page. No response yet.,,,,
100236751,Aiko,Carvalho,,Head of Growth,Zhang Freight Solutions,aikoc@zhang.sg,+39 340 274 5823,Italy,,CONTACTED,Sales Qualified Lead,,,Wei Chen,2026-04-03,,"Spoke with them at our Money20/20 Asia booth, no QR scan logged. No response yet.",,,,
100236752,,,A. Carvalho,Head of Growth,Zhang Freight Co.,a.carvalho@zhang.sg,393402745823,Italy,,Contacted,Sales Qualified Lead,,,Wei Chen,2026-04-03,2026-05-20T00:00:00Z,"Spoke with them at our Money20/20 Asia booth, no QR scan logged. No response yet.",,,,
100236753,Siti,Sorensen,,Operations Lead,Rossi SRL Studio,siti.sorensen@rossisrl.com,+46 70 726 65 39,Sweden,,New,Other,Direct Traffic,,Elena Popescu,2026-03-17T00:00:00Z,5/13/2026,Filled out the form on the contact page. Qualifying now.,,,,40
100236754,Siti,Sorensen,,Operations Lead,Rossi SRL Pte. Ltd.,sitis@rossisrl.com,+46 70 726 65 39,Sweden,,new,Other,Direct Traffic,,Elena Popescu,2026-03-17,5/13/2026,Filled out the form on the contact page. Qualifying now. possible duplicate — verify before contacting.,,,,40
100236755,Aiko,Mehta,,,Rossi SRL Consulting,aiko.m@rossisrl.sg,+81 77-8376-2822,Japan,,Connected,Marketing Qualified Lead,,,Diego Alvarez,2025-11-25,6/4/2026,"Referred by Zara Almeida, warm intro. Left voicemail, will retry.",,,,
100236756,Camille,Joshi,,,Reddy Holdings Robotics,camillej@reddyholdings.net,+7 998 412 53 90,Russia,,Connected,Other,Other Campaigns,,Priya Nair,2025-12-06,2025-12-13,"Manually added by sales after a phone call from a cold outreach list. Connected, sending proposal.",,,,
100236757,Lucas,Popescu,,Finance Manager,Lindqvist AB Group,lucasp@lindqvistab.net,+44 7811 466067,United Kingdom,,QUALIFIED,Opportunity,,,Rohan Mehta ,11/22/2025,,Filled out the form on the contact page. Not interested for now.,,,,
100236758,Yuki,Park,,VP Sales,Wong Legal Retail Group,yuki.p@wonglegal.sg,+62 888-2277-6987,Indonesia,,closed lost,Opportunity,Organic Search,,Hana Kobayashi,2025-09-05,2025-09-05,Found us through organic google search then landed on the book-a-demo page. No response yet.,,,,
100236759,Yuki,Park,,VP Sales,Wong Legal Retail Robotics,yukipark@wonglegal.sg,6288822776987,Indonesia,,closed lost,Opportunity,Organic Search,,Hana Kobayashi,2025-09-05T00:00:00Z,2025-09-05,Found us through organic google search then landed on the book-a-demo page. No response yet.,,,,
100236760,Elena,Zahra,,Finance Manager,Schmidt AG Consulting,elena.zahra@schmidtag.com,+66 6 1498 5338,Thailand,,Connected,Marketing Qualified Lead,Social Media,,Priya Nair,2025-09-19,,"Connected on LinkedIn after commenting on our post. Very interested, wants pricing call.",,,,
100236761,Sophia,Teo,,Head of Growth,Schmidt AG Digital,s.teo@schmidtag.sg,+86 131 6069 5038,China,,New ,Other,,,Priya Nair,2026-04-23,,"Referred by Giulia Foster, warm intro.",,,,
100236762,Hana,Sy,,Head of Growth,Fischer Trading Group,h.sy@fischertrading.io,+55 11 92036-7767,Brazil,,Qualified,Sales Qualified Lead,,,Wei Chen,2026-06-04,6/14/2026,"Filled out the form on the pricing page. Great fit, prioritizing.",,,,
100236763,Wei Chen,Joshi,,Marketing Director,Bakker Studio,w.joshi@bakker.sg,+92 340 6702020,Pakistan,,Connected,Other,Offline Sources,,Diego Alvarez,2025-09-14,2026-02-04,"Met at the booth during Singapore FinTech Festival 2026, said they'd follow up over email. Connected, sending proposal.",,,,
100236764,Grace,Nkrumah,,,BluePeak Studio,grace.n@bluepeak.com.au,+48 532 861 541,Poland,,Opportunity,Marketing Qualified Lead,Other Campaigns,,Fatima Rahman,2025-12-31T00:00:00Z,,Other - walked into our office without an appointment.,,,,
100236765,Olivia,Ricci,,Finance Manager,Toure Consulting Solutions,o.ricci@toureconsulting.biz,+86 132 6878 3590,China,,connected,Sales Qualified Lead,Organic Search,,Rohan Mehta,2026-05-09,5/16/2026,Found us through organic google search then landed on the book-a-demo page. Not interested for now.,,,,
100236766,Rachel,Agyemang,,Finance Manager,Kilat Retail Group,r.agyemang@kilatretail.co,+234 809 587 2145,Nigeria,,Qualified,Lead,Referrals,,Fatima Rahman,2026-02-13,6/6/2026,"Referred by Jun Wei Costa, warm intro.",,,,
100236767,Rohan,Kim,,Founder,Chen Digital Co.,rohan.kim@chendigital.net,+7 920 885 29 10,Russia,,closed lost,Customer,,,Elena Popescu,11/12/2025,,Manual - added after inbound phone call.,,,,
100236768,Ahmed,Hossain,,,Asante Retail Trading,ahmed.hossain@asanteretail.com.au,+82 10-9954-6140,South Korea,, Closed Won,Other,Organic Search,,Noah Bennett,5/24/2026,2026-06-01T00:00:00Z,"Googled us and ended up on the contact page before booking a demo. Left voicemail, will retry.",,,,
100236769,Tom,Bennett,,Operations Lead,Ang Analytics Trading,tom.bennett@anganalytics.biz,+44 7909 361958,United Kingdom,,CONTACTED,Marketing Qualified Lead,Other Campaigns,,Grace Osei,11/2/2025,2026-06-11,"Met at the booth during Mobile World Congress, said they'd follow up over email. No response yet.",,,,
100236770,Ananya,Santos,,Operations Lead,Tanaka Holdings,ananyas@tanaka.co,+852 5104 8605,Hong Kong,,Closed Lost,Sales Qualified Lead,Other Campaigns,,Grace Osei,2026-04-19,,"Other - walked into our office without an appointment. Connected, sending proposal.",,,,
100236771,Leila,Lim,,Finance Manager,Muller GmbH & Co,leila.l@mullergmbh.biz,+852 5440 8483,Hong Kong,,CLOSED LOST,Sales Qualified Lead,Direct Traffic,,Hana Kobayashi,5/17/2026,2026-06-11,Filled out the form on the product tour page.,,,,68
100236772,Natasha,Dubois,,,Lotus Finance Studio,natashad@lotusfinance.sg,+34 636 239 494,Spain,,Closed Won,Sales Qualified Lead,,,Hana Kobayashi,1/17/2026,2026-03-24,"Met her at the TechCrunch Disrupt booth, scanned our QR code. Connected, sending proposal.",,,,
100236773,,,Natasha Dubois,,Lotus Finance Freight Solutions,n.dubois@lotusfinance.sg,34636239494,Spain,,Closed Won,Sales Qualified Lead,,,Hana Kobayashi,1/17/2026,3/24/2026,"Met her at the TechCrunch Disrupt booth, scanned our QR code. Connected, sending proposal. possible duplicate — verify before contacting.",,,,
100236774,Natasha,Dubois,,,Lotus Finance Labs,natasha.dubois@lotusfinance.sg,34636239494,Spain,,Closed Won,Sales Qualified Lead,,,Hana Kobayashi,1/17/2026,3/24/2026,"Met her at the TechCrunch Disrupt booth, scanned our QR code. Connected, sending proposal.",,,,
100236775,Priscilla,Carvalho,,Head of Growth,Santos Ltda Digital,priscillac@santosltda.biz,+212 6 63 11 23 75,Morocco,,NEW,Customer,,,Noah Bennett,2026-04-14,2026-05-24T00:00:00Z,Filled out the form on the homepage.,,,,
100236776,Freya,Agyemang,,Finance Manager,Owusu Freight Ltd,freya.a@owusufreight.sg,+852 5311 2367,Hong Kong,,Closed Won,Customer,,,Hana Kobayashi,2026-01-27,2026-02-25T00:00:00Z,Googled us and ended up on the homepage before booking a demo.,,,,
100236777,Zainab,Agyemang,,,Sato Co.,zainab.agyemang@sato.com.au,+212 6 31 70 22 52,Morocco,,connected,Customer,,,Fatima Rahman,3/31/2026,4/11/2026,Filled out the form on the blog post on lead scoring.,,,,
100236778,Lars,Asante,,VP Sales,BluePeak Retail Group,larsa@bluepeak.biz,+7 999 422 48 42,Russia,,OPPORTUNITY,Marketing Qualified Lead,Other Campaigns,,Marcus Wong,2026-05-22,2026-06-18,Other - walked into our office without an appointment. Qualifying now.,,,,
100236779,Jun Wei,Patel,,Founder,Osei Ltd,junwei.patel@osei.co,+61 449 882 781,Australia,,Qualified,Sales Qualified Lead,Organic Search,,Priya Nair,2026-06-07,,"Googled us and ended up on the contact page before booking a demo. Great fit, prioritizing.",,,,
100236780,Rui,Chen,,Operations Lead,Bennett Ltd,rui.c@bennett.com,+351 94 946 3217,Portugal,,Opportunity,Other,Paid Search,,Elena Popescu,2026-04-17,2026-06-04,Booked a demo via the book-a-demo page after clicking a google ad.,,,,
100236781,Sanjay,Al-Farsi,,,GreenLeaf Analytics,sanjaya@greenleaf.biz,+852 9580 2998,Hong Kong,,Closed Lost,,,,Marcus Wong,2026-05-25,2026-06-16T00:00:00Z,"Met her at the Singapore FinTech Festival 2026 booth, scanned our QR code. Connected, sending proposal.",,,,
100236782,Carlos,Sato,,Founder,Osei Freight,carlos.s@osei.com,+40 770 388 546,Romania,, Closed Lost,Sales Qualified Lead,,,Marcus Wong,5/15/2026,6/14/2026,Saw our post about replacing hubspot and commented. Qualifying now.,,,,
100236783,Luca,Osei,,VP Sales,Nord Studio,luca.o@nord.com,+31 6 7827 2098,Netherlands,,Closed Lost,,Direct Traffic,,Elena Popescu,2025-09-28,,Filled out the form on the case study page.,,,,
100236784,Chidi,Muller,,,Ang Analytics Trading Co,chidim@anganalytics.com.au,+91 70581 12736,India,,CONTACTED,Marketing Qualified Lead,Organic Search,,Noah Bennett,2026-02-17,2026-02-17T00:00:00Z,"Googled us and ended up on the pricing page before booking a demo. Connected, sending proposal.",,,,
100236785,Divya,Ba,,VP Sales,Goh Digital Pte. Ltd.,divya.b@gohdigital.io,+62 813-9846-5431,Indonesia,,Closed Won ,Other,,,Elena Popescu,11/24/2025,2026-04-24,"Linkedin dm inbound asking about pricing. Left voicemail, will retry.",,,,
100236786,Sophia,Danso,,,Martinez Holdings,sophia.danso@martinez.sg,+49 173 4803055,Germany,,CLOSED WON,Lead,Referrals,,Grace Osei,12/11/2025,,"Referred by Ravi Camara, warm intro.",,,,
100236787,Sophia,Danso,,,Martinez Co,sophiad@martinez.sg,491734803055,Germany,,Closed Won ,Lead,Referrals,,Grace Osei,2025-12-11T00:00:00Z,4/21/2026,"Referred by Ravi Camara, warm intro.",,,,
100236788,Ibrahim,Kapoor,,,Mekong Retail Group,ibrahim.kapoor@mekong.sg,+55 11 98902-7447,Brazil,,Contacted,,Referrals,,Marcus Wong,5/4/2026,,"Referred by Suresh Johnson, warm intro.",,,,
100236789,Luca,Agyemang,,Operations Lead,Lindqvist AB Analytics,luca.a@lindqvistab.sg,+44 7741 335837,United Kingdom,,contacted,Sales Qualified Lead,Referrals,,Priya Nair,2026-01-19T00:00:00Z,2/8/2026,"Referred by Farah Owusu, warm intro. Qualifying now.",,,,
100236790,Manon,Ferrari,,Founder,Saigon Robotics,m.ferrari@saigon.net,+971 58 480 8349,UAE,,QUALIFIED,Lead,,,Hana Kobayashi,2025-11-02,3/29/2026,"Referred by Mateo Lau, warm intro. Very interested, wants pricing call.",,,,82
100236791,Layla,Bianchi,,,Sim Robotics Group,layla.bianchi@simrobotics.io,+65 8720 9930,Singapore,,Qualified ,Customer,,,Priya Nair,4/4/2026,5/10/2026,Linkedin dm inbound asking about pricing. Qualifying now.,,,,
100236792,Mateo,Ang,,Founder,Acme Analytics,m.ang@acme.com.au,+880 1687-679766,Bangladesh,,closed won,Opportunity,,,Rohan Mehta,4/30/2026,2026-04-30,Manual - added after inbound phone call. No response yet.,,,,
100236793,,,M. Ang,Founder,Acme Robotics,mateoang@acme.com.au,8801687679766,Bangladesh,,closed won,Opportunity,,,Rohan Mehta,2026-04-30,,Manual - added after inbound phone call. No response yet.,,,,
100236794,,,Mateo Ang,Founder,Acme Trading,mateoa@acme.com.au,+880 1687-679766,Bangladesh,,Closed Won,Opportunity,,,Rohan Mehta,2026-04-30,4/30/2026,Manual - added after inbound phone call. No response yet. possible duplicate — verify before contacting.,,,,
100236795,Ibrahim,Schulz,,,Lotus Finance Inc.,ibrahims@lotusfinance.net,+234 808 538 1039,Nigeria,,Contacted,Customer,Other Campaigns,,Wei Chen,5/16/2026,5/16/2026,Other - walked into our office without an appointment.,,,,
100236796,Ama,Andersen,,VP Sales,Kang Holdings Freight,a.andersen@kangholdings.net,+852 6617 4206,Hong Kong,,Closed Lost,Marketing Qualified Lead,Referrals,,Rohan Mehta,2026-04-17T00:00:00Z,,"Referred by Femi Almeida, warm intro. No response yet.",,,,
100236797,Noah,Chen,,Operations Lead,Bakker Solutions,n.chen@bakker.net,+233 28 602 4814,Ghana,,Closed Lost,Other,,,Grace Osei,2025-11-08T00:00:00Z,11/8/2025,"Referred by Nur Fall, warm intro. Qualifying now.",,,,45
100236798,,,Noah Chen,Operations Lead,Bakker Inc.,n.chen@bakker.net,233286024814,Ghana,,CLOSED LOST,Other,,,Grace Osei,2025-11-08,11/8/2025,"Referred by Nur Fall, warm intro. Qualifying now. possible duplicate — verify before contacting.",,,,45
100236799,Astrid,Oh,,,Huang Analytics Solutions,astrid.oh@huanganalytics.com,+63 955 767 8173,Philippines,,connected,Opportunity,,,Rohan Mehta,2026-06-19,,"Booked a demo via the book-a-demo page after clicking a google ad. Connected, sending proposal.",,,,
100236800,Marco,Sorensen,,,Ivanova Consulting,marcos@ivanova.com,+81 89-9790-7698,Japan,,closed won,Opportunity,,,Marcus Wong,2025-12-18,,Found us through organic google search then landed on the contact page. Not interested for now.,,,,
100236801,Min-jun,Lim,,Operations Lead,Acme Inc.,min-junl@acme.com.au,+1 720 555 0182,United States,,Closed Lost,Other,,,Grace Osei,2026-05-27T00:00:00Z,2026-05-27T00:00:00Z,"He scanned our QR code at the Mobile World Congress booth. Very interested, wants pricing call.",,,,
100236802,Ha-eun,Ho,,Head of Growth,Schmidt AG Studio,ha-eunh@schmidtag.com,+55 11 98654-4661,Brazil,,Connected,Other,Direct Traffic,,Elena Popescu,5/8/2026,5/22/2026,"Filled out the form on the case study page. Very interested, wants pricing call.",,,,
100236803,Noah,Koch,,Founder,Athens Retail Trading,noah.koch@athensretail.biz,+45 23 40 14 11,Denmark,,Contacted,Opportunity,,,Priya Nair,2025-11-09,,Filled out the form on the product tour page. Qualifying now.,,,,
100236804,Rania,Fall,,Finance Manager,Li Consulting Freight,rania.fall@liconsulting.com,+7 976 993 19 29,Russia,, Closed Won,Lead,,,Hana Kobayashi,2026-02-23T00:00:00Z,2026-03-01,He scanned our QR code at the Mobile World Congress booth.,,,,
100236805,Seo-yeon,Toure,,Founder,Hansen Digital Holdings,s.toure@hansendigital.io,+92 320 2609212,Pakistan,,connected,Other,,,Rohan Mehta,2/6/2026,2/27/2026,"Spoke with them at our Mobile World Congress booth, no QR scan logged.",,,,
100236806,David,Adjei,,VP Sales,Singh Logistics Freight,david.a@singhlogistics.net,+351 96 166 1213,Portugal,,Closed Won,Opportunity,,,Fatima Rahman,3/30/2026,4/7/2026,Filled out the form on the product tour page.,,,,
100236807,Anjali,Mensah,,Operations Lead,Patel Fintech Digital,anjali.m@patelfintech.net,+82 10-9279-4843,South Korea,,new,,Offline Sources,,Wei Chen,2026-06-10,2026-06-15,"Spoke with them at our London Tech Week booth, no QR scan logged. No response yet.",,,,
100236808,Catarina,Hoffmann,,Marketing Director,Zahra Studio,catarina.hoffmann@zahra.com.au,+49 158 1259232,Germany,,Opportunity,,,,Fatima Rahman,6/6/2026,2026-06-19,Linkedin dm inbound asking about pricing.,,,,
100236809,Wei Ming,Fischer,,Operations Lead,Williams & Co,weiming.fischer@williams.com,+351 94 106 6058,Portugal,,Connected ,Other,Offline Sources,,Noah Bennett,2025-10-26T00:00:00Z,2026-06-02T00:00:00Z,"Scanned the QR code at our SaaStr Annual booth. Very interested, wants pricing call.",,,,
100236810,Tariq,Ba,,Marketing Director,Huang Analytics Trading Co,tariq.b@huanganalytics.co,+54 9 11 4485-8803,Argentina,,opportunity,Other,,,Fatima Rahman,2025-10-20,1/6/2026,Connected on LinkedIn after commenting on our post.,,,,
100236811,Aisha,Bakker,,Operations Lead,GreenLeaf Digital,aishab@greenleaf.sg,+234 802 882 6054,Nigeria,,Contacted,Sales Qualified Lead,Offline Sources,,Fatima Rahman,11/26/2025,11/26/2025,"Met her at the Mobile World Congress booth, scanned our QR code. Very interested, wants pricing call.",,,,
100236812,Mei Ling,Martins,,,Wong Legal and Co,m.martins@wonglegal.co,+44 7951 659951,United Kingdom,,Closed Won ,,,,Priya Nair,12/16/2025,2026-02-09,"Filled out the form on the homepage. Connected, sending proposal.",,,,
100236813,Isabelle,Lim,,,Zhang Consulting,isabellel@zhang.com.au,+61 479 218 435,Australia,,Qualified,,Organic Search,,Grace Osei,2025-09-28,2026-03-07T00:00:00Z,"Googled us and ended up on the case study page before booking a demo. Great fit, prioritizing.",,,,
100236814,Beatriz,Papadopoulos,,,Kowalski Robotics,beatriz.papadopoulos@kowalski.net,+31 6 5441 8007,Netherlands,,Qualified,Lead,,,Elena Popescu,2026-02-22T00:00:00Z,2026-04-21,"Scanned the QR code at our Singapore FinTech Festival 2026 booth. Very interested, wants pricing call.",,,,
100236815,Femi,Lim,,,Teo Consulting Solutions,femi.l@teoconsulting.sg,+351 95 735 6770,Portugal,,opportunity,Customer,Organic Search,,Priya Nair,11/26/2025,,"Found us through organic google search then landed on the homepage. Very interested, wants pricing call.",,,,
100236816,Kwame,Goh,,,Yap Ventures & Co,k.goh@yapventures.sg,+39 374 161 7128,Italy,,Closed Won,Marketing Qualified Lead,,,Fatima Rahman,2025-10-15,2025-11-05,"Referred by Benjamin Kim, warm intro. Very interested, wants pricing call.",,,,
100236817,Mateo,Romano,,,Koh & Sons Co,mateo.romano@kohsons.io,+233 26 177 7673,Ghana,,Opportunity,Marketing Qualified Lead,Other Campaigns,,Wei Chen,2026-02-25,2026-04-09,Manual - added after inbound phone call.,,,,
100236818,Mateo,Andersen,,Finance Manager,Ho Bros Retail Group,mateo.andersen@hobros.sg,+234 806 517 6595,Nigeria,,Qualified,Opportunity,,,Elena Popescu,2025-09-29,2026-06-15T00:00:00Z,Filled out the form on the comparison-vs-hubspot page.,,,,
100236819,,,Mateo Andersen,Finance Manager,Ho Bros Retail Inc.,mateoandersen@hobros.sg,2348065176595,Nigeria,,Qualified,Opportunity,,,Elena Popescu,2025-09-29,6/15/2026,Filled out the form on the comparison-vs-hubspot page. possible duplicate — verify before contacting.,,,,
100236820,George,Mehta,,Finance Manager,Athens Retail Co.,george.m@athensretail.io,+34 632 120 198,Spain,,Closed Won,Sales Qualified Lead,,,Noah Bennett,2025-10-19,,Manual - added after inbound phone call.,,,,
100236821,Linh,Jensen,,Finance Manager,Sim Robotics Pte Ltd,linh.jensen@simrobotics.com.au,+234 802 687 7133,Nigeria,,Qualified,Other,,,Marcus Wong,2026-02-01,,Found us through organic google search then landed on the case study page. Qualifying now.,,,,
100236822,Ngozi,Koch,,Marketing Director,Gupta Textiles Ventures,ngozik@guptatextiles.com,+44 7966 643770,United Kingdom,,New,Opportunity,Other Campaigns,,Rohan Mehta,2026-02-07,,Manually added by sales after a phone call from a cold outreach list. Qualifying now.,,,,22
100236823,,,Ngozi Koch,Marketing Director,Gupta Textiles Freight Solutions,ngozi.koch@guptatextiles.com,447966643770,United Kingdom,,NEW,Opportunity,Other Campaigns,,Rohan Mehta,2026-02-07,,Manually added by sales after a phone call from a cold outreach list. Qualifying now. possible duplicate — verify before contacting.,,,,22
100236824,Kofi,Li,,,Sharma Enterprises Inc.,kofi.l@sharmaenterprises.net,+92 320 4468332,Pakistan,,Closed Won,Opportunity,,,Fatima Rahman,2026-04-07,,"Met her at the SaaStr Annual booth, scanned our QR code. Very interested, wants pricing call.",,,,
100236825,Leila,Zhao,,,Jung Studio Pte. Ltd.,leilaz@jungstudio.net,+61 482 579 294,Australia,,Closed Won,Sales Qualified Lead,,,Grace Osei,10/20/2025,2026-04-06,"Booked a demo via the book-a-demo page after clicking a google ad. Connected, sending proposal.",,,,
100236826,Ji-woo,Lau,,,Bennett Freight Solutions,ji-woo.lau@bennett.io,+48 574 193 910,Poland,,New,Customer,,,Elena Popescu,2025-10-16,2026-02-04,Booked a demo via the book-a-demo page after clicking a google ad.,,,,
100236827,Jia Hui,Chua,,,Ang Analytics Co.,jiahui.c@anganalytics.co,+852 9761 6229,Hong Kong,,Opportunity,Sales Qualified Lead,,,Grace Osei,2026-06-15,,Googled us and ended up on the product tour page before booking a demo. No response yet.,,,,
100236828,So-young,Ferrari,,Founder,Foster Co.,so-young.f@foster.sg,+30 697 455 8439,Greece,,New,Marketing Qualified Lead,Offline Sources,,Marcus Wong,2025-09-02,9/2/2025,"Met her at the Money20/20 Asia booth, scanned our QR code. Great fit, prioritizing.",,,,
100236829,Vikram,Appiah,,Finance Manager,Verma Consulting Digital,v.appiah@vermaconsulting.co,+7 976 305 81 98,Russia,,CONTACTED,Sales Qualified Lead,,,Wei Chen,2026-03-10T00:00:00Z,2026-04-06,"Scanned the QR code at our SaaStr Annual booth. Left voicemail, will retry.",,,,
100236830,Erik,Rodrigues,,,Gupta Textiles Retail Group,e.rodrigues@guptatextiles.com.au,+33 6 70 23 55 70,France,,CLOSED WON,Sales Qualified Lead,Offline Sources,,Noah Bennett,2025-10-24T00:00:00Z,,"Met her at the Money20/20 Asia booth, scanned our QR code.",,,,
100236831,Erik,Rodrigues,,,Gupta Textiles Retail Retail Group,e.rodrigues@guptatextiles.com.au,33670235570,France,,closed won,Sales Qualified Lead,Offline Sources,,Noah Bennett,2025-10-24,,"Met her at the Money20/20 Asia booth, scanned our QR code. possible duplicate — verify before contacting.",,,,
100236832,Oluwaseun,Kowalski,,,Sato and Co,o.kowalski@sato.co,+233 21 444 1595,Ghana,,CONNECTED,Sales Qualified Lead,Social Media,,Marcus Wong,2026-03-21,,Saw our post about replacing hubspot and commented.,,,,
100236833,Ngozi,Chua,,Marketing Director,Bakker and Co,ngozi.chua@bakker.sg,+61 434 834 496,Australia,,Closed Won,Other,,,Elena Popescu,2025-12-06,2025-12-06,Filled out the form on the case study page.,,,,
100236834,Marco,Ferrari,,VP Sales,Wang Manufacturing Co,marco.f@wangmanufacturing.biz,+65 8999 4526,Singapore,,Connected,Opportunity,,,Diego Alvarez ,9/12/2025,2026-01-09T00:00:00Z,"He scanned our QR code at the Mobile World Congress booth. Very interested, wants pricing call.",,,,
100236835,Lucas,Carvalho,,,Hansen Digital Labs,lucas.carvalho@hansendigital.biz,+31 6 8538 5470,Netherlands,,Qualified,Lead,Referrals,,Wei Chen,12/30/2025,2026-01-20T00:00:00Z,"Referred by Siti Hossain, warm intro. Connected, sending proposal.",,,,
100236836,Olivia,Park,,,Saigon Solutions,o.park@saigon.com,+55 11 97583-7691,Brazil,,QUALIFIED,Customer,Direct Traffic,,Noah Bennett,2026-05-31,6/17/2026,Filled out the form on the comparison-vs-hubspot page.,,,,
100236837,Bjorn,Choi,,Founder,Mensah Trading Trading,bjornc@mensahtrading.biz,+31 6 4292 2280,Netherlands,,New,Sales Qualified Lead,Other Campaigns,,Grace Osei,2026-04-13T00:00:00Z,2026-04-18,Other - walked into our office without an appointment.,,,,
100236838,Joon,Almeida,,Marketing Director,Martinez and Co,j.almeida@martinez.io,+86 134 5530 6462,China,,CONTACTED,Other,Social Media,,Marcus Wong,11/26/2025,4/15/2026,Linkedin dm inbound asking about pricing.,,,,
100236839,Laura,Owusu,,Head of Growth,Patel Fintech Group,laura.owusu@patelfintech.biz,+31 6 1034 6869,Netherlands,,Closed Won,Lead,,,Rohan Mehta,2/26/2026,2026-02-26T00:00:00Z,He scanned our QR code at the SaaStr Annual booth. Not interested for now.,,,,
100236840,Ingrid,Popescu,,,Zahra and Co,i.popescu@zahra.biz,+92 340 6713849,Pakistan,,Contacted,Customer,,,Noah Bennett,9/7/2025,2025-11-10,"Googled us and ended up on the book-a-demo page before booking a demo. Connected, sending proposal.",,,,
100236841,Ingrid,Rossi,,,Sim Robotics Co,ingrid.rossi@simrobotics.com,+86 132 3497 6024,China,,CLOSED WON,,,,Noah Bennett,2026-03-19,2026-03-19,Found us through organic google search then landed on the homepage.,,,,79
100236842,Benjamin,Ivanova,,Head of Growth,Ng Freight Retail Group,b.ivanova@ngfreight.io,+81 84-1899-3216,Japan,,Closed Lost,,,,Grace Osei,12/14/2025,,Saw our post about replacing hubspot and commented.,,,,
100236843,Antoine,Williams,,Head of Growth,GreenLeaf Inc,a.williams@greenleaf.co,+44 7816 126017,United Kingdom,,New,Marketing Qualified Lead,,,Wei Chen,2026-02-20T00:00:00Z,5/4/2026,Filled out the form on the contact page. Not interested for now.,,,,
100236844,Bruno,Mehta,,Finance Manager,Ho Bros Trading Co,bruno.m@hobros.biz,+852 5476 5958,Hong Kong,,contacted,Lead,Other Campaigns,,Elena Popescu,2025-09-16,2026-02-22,Manually added by sales after a phone call from a cold outreach list.,,,,
100236845,Sophia,Appiah,,Marketing Director,Lumen Group,s.appiah@lumen.co,+92 380 3276207,Pakistan,,Contacted ,Marketing Qualified Lead,Referrals,,Grace Osei,2025-12-20,2026-04-29,"Referred by Diego Romano, warm intro. Connected, sending proposal.",,,,
100236846,Sophia,Appiah,,Marketing Director,Lumen Pte Ltd,sophiaappiah@lumen.co,923803276207,Pakistan,,CONTACTED,Marketing Qualified Lead,Referrals,,Grace Osei,2025-12-20T00:00:00Z,2026-04-29,"Referred by Diego Romano, warm intro. Connected, sending proposal.",,,,
100236847,Kenji,Marino,,,Sim Robotics Pte Ltd,kenjim@simrobotics.sg,+65 8509 4224,Singapore,,Contacted ,Opportunity,,,Priya Nair,2025-12-07,2026-05-02,"Met her at the Money20/20 Asia booth, scanned our QR code. No response yet.",,,,
100236848,Adaeze,Zhao,,,Yang Freight Group,adaeze.z@yangfreight.io,+234 807 621 8881,Nigeria,,opportunity,Opportunity,,,Hana Kobayashi,2026-02-04,3/23/2026,"Booked a demo via the book-a-demo page after clicking a google ad. Left voicemail, will retry.",,,,
100236849,Carlos,Al-Farsi,,Finance Manager,Diallo Imports Pte Ltd,carlos.a@dialloimports.io,+233 21 717 7304,Ghana,,New ,Sales Qualified Lead,,,Elena Popescu,2026-01-23,2026-06-10T00:00:00Z,Booked a demo via the book-a-demo page after clicking a google ad. Not interested for now.,,,,
100236850,Thanh,Hoffmann,,Marketing Director,Ang Analytics Co,t.hoffmann@anganalytics.net,+55 11 98510-6134,Brazil,,closed lost,Opportunity,Referrals,,Marcus Wong,2026-02-05T00:00:00Z,2026-02-07,"Referred by Abena Sy, warm intro. No response yet.",,,,
100236851,Wei,Schulz,,Finance Manager,Park Biotech Co.,w.schulz@parkbiotech.com,+31 6 8907 2166,Netherlands,,New,Marketing Qualified Lead,Direct Traffic,,Priya Nair,11/10/2025,,"Filled out the form on the homepage. Great fit, prioritizing.",,,,
100236852,Farid,Greco,,,Ho Bros Co.,f.greco@hobros.com,+44 7890 871725,United Kingdom,,Opportunity,Marketing Qualified Lead,Other Campaigns,,Fatima Rahman,2025-12-24,2026-05-31,Manually added by sales after a phone call from a cold outreach list.,,,,
100236853,Lars,Bruno,,Head of Growth,Williams Digital,l.bruno@williams.com.au,+44 7900 108062,United Kingdom,,Closed Lost,Customer,,,Diego Alvarez,2025-12-03,,Filled out the form on the contact page.,,,,
100236854,Abena,Gomes,,Marketing Director,Mekong Freight,abenag@mekong.biz,+81 88-9286-8193,Japan,,CONTACTED,Lead,Organic Search,,Wei Chen,2026-05-22,5/22/2026,"Googled us and ended up on the pricing page before booking a demo. Left voicemail, will retry.",,,,
100236855,Karim,Yap,,VP Sales,Orchid Holdings,karim.y@orchid.com,+49 168 6700339,Germany,,NEW,,Social Media,,Diego Alvarez,2026-01-23T00:00:00Z,3/7/2026,Saw our post about replacing hubspot and commented. Qualifying now.,,,,
100236856,Karim,Yap,,VP Sales,Orchid Ltd,karimyap@orchid.com,491686700339,Germany,,New,,Social Media,,Diego Alvarez,2026-01-23,3/7/2026,Saw our post about replacing hubspot and commented. Qualifying now.,,,,
100236857,Musa,Seo,,Finance Manager,Patel Fintech Ventures,m.seo@patelfintech.com,+234 801 853 6245,Nigeria,, Qualified,Other,Social Media,,Diego Alvarez,2025-10-10T00:00:00Z,2025-10-10,"Connected on LinkedIn after commenting on our post. Very interested, wants pricing call.",,,,
100236858,Musa,Seo,,Finance Manager,Patel Fintech Holdings,musaseo@patelfintech.com,2348018536245,Nigeria,,qualified,Other,Social Media,,Diego Alvarez,10/10/2025,2025-10-10,"Connected on LinkedIn after commenting on our post. Very interested, wants pricing call.",,,,
100236859,Valentina,Lim,,,Yang Freight Studio,valentina.lim@yangfreight.com,+84 92 952 2654,Vietnam,,CONNECTED,Customer,Paid Search,,Grace Osei,2025-11-01,3/22/2026,Booked a demo via the book-a-demo page after clicking a google ad.,,,,
